spell,edition,uuid,source,effect,trigger,templates,status,reason
"Acid Arrow","2014","Compendium.dnd5e.spells.Item.4H6YgYdKgnX6ZQ8M","spells/2nd-level/acid-arrow.yml","Acid","damage","","enabled","Single acid damage type"
"Acid Splash","2014","Compendium.dnd5e.spells.Item.JLTQyqXEaJDrTXyW","spells/cantrip/acid-splash.yml","Acid","damage","","enabled","Single acid damage type"
"Aid","2014","Compendium.dnd5e.spells.Item.Opwh2PdX4runSBlm","spells/2nd-level/aid.yml","","caster","","unmatched","No suitable supported visual theme; Target/object placement needs manual review"
"Alarm","2014","Compendium.dnd5e.spells.Item.7p9IuWrSWFgfyQo2","spells/1st-level/alarm.yml","","area","20 ft cube","unmatched","No suitable supported visual theme"
"Alter Self","2014","Compendium.dnd5e.spells.Item.8RTDOt80u8aBv9qx","spells/2nd-level/alter-self.yml","","caster","","unmatched","No suitable supported visual theme; Target/object placement needs manual review"
"Animal Friendship","2014","Compendium.dnd5e.spells.Item.hDOENzjuj5WpLq7B","spells/1st-level/animal-friendship.yml","","caster","","unmatched","No suitable supported visual theme; Target/object placement needs manual review"
"Animal Messenger","2014","Compendium.dnd5e.spells.Item.X8w9EzYLGc4vQ1H2","spells/2nd-level/animal-messenger.yml","","caster","","unmatched","No suitable supported visual theme; Target/object placement needs manual review; Variable or open-ended duration requires review"
"Animal Shapes","2014","Compendium.dnd5e.spells.Item.ohqAIBg6de989CIo","spells/8th-level/animal-shapes.yml","","caster","","unmatched","No suitable supported visual theme; Target/object placement needs manual review"
"Animate Dead","2014","Compendium.dnd5e.spells.Item.oyE5nVppa5mde5gT","spells/3rd-level/animate-dead.yml","","caster","","unmatched","No suitable supported visual theme; Target/object placement needs manual review"
"Animate Objects","2014","Compendium.dnd5e.spells.Item.ATo0Eb63TDtnu6iA","spells/5th-level/animate-objects.yml","","caster","","unmatched","No suitable supported visual theme; Target/object placement needs manual review"
"Antilife Shell","2014","Compendium.dnd5e.spells.Item.wXzkqpeFP8eWgJzK","spells/5th-level/antilife-shell.yml","","area","10 ft radius","unmatched","No suitable supported visual theme; Concentration expiration is not linked to cleanup"
"Antimagic Field","2014","Compendium.dnd5e.spells.Item.Eon0jzGzQRNluTPQ","spells/8th-level/antimagic-field.yml","","area","10 ft sphere","unmatched","No suitable supported visual theme; Concentration expiration is not linked to cleanup"
"Antipathy/Sympathy","2014","Compendium.dnd5e.spells.Item.GJ2WYm3SQFR0winH","spells/8th-level/antipathy-sympathy.yml","","caster","","unmatched","No suitable supported visual theme; Target/object placement needs manual review"
"Arcane Eye","2014","Compendium.dnd5e.spells.Item.ImlCJQwR1VL40Qem","spells/4th-level/arcane-eye.yml","","caster","","unmatched","No suitable supported visual theme; Target/object placement needs manual review"
"Arcane Hand","2014","Compendium.dnd5e.spells.Item.a2KJHCIbY5Mi4Dmn","spells/5th-level/arcane-hand.yml","","caster","","unmatched","No suitable supported visual theme; Target/object placement needs manual review"
"Arcane Lock","2014","Compendium.dnd5e.spells.Item.8cse7rit0oswRPUP","spells/2nd-level/arcane-lock.yml","","caster","","unmatched","No suitable supported visual theme; Target/object placement needs manual review; Variable or open-ended duration requires review"
"Arcane Sword","2014","Compendium.dnd5e.spells.Item.LTDNWoFVJNLjiiNa","spells/7th-level/arcane-sword.yml","","caster","","unmatched","No suitable supported visual theme; Target/object placement needs manual review"
"Arcanist's Magic Aura","2014","Compendium.dnd5e.spells.Item.RvEqsD89Zvd5yex4","spells/2nd-level/arcanists-magic-aura.yml","","caster","","unmatched","No suitable supported visual theme; Target/object placement needs manual review"
"Astral Projection","2014","Compendium.dnd5e.spells.Item.TIoadMIsUKD4edXi","spells/9th-level/astral-projection.yml","","caster","","unmatched","No suitable supported visual theme; Target/object placement needs manual review; Variable or open-ended duration requires review"
"Augury","2014","Compendium.dnd5e.spells.Item.4v2H3hHb3Ph9XLNd","spells/2nd-level/augury.yml","","caster","","unmatched","No suitable supported visual theme; Target/object placement needs manual review"
"Awaken","2014","Compendium.dnd5e.spells.Item.MCEpGpvovcXagwQS","spells/5th-level/awaken.yml","","caster","","unmatched","No suitable supported visual theme; Target/object placement needs manual review"
"Bane","2014","Compendium.dnd5e.spells.Item.95K2aUhAGV9qXjnf","spells/1st-level/bane.yml","","caster","","unmatched","No suitable supported visual theme; Target/object placement needs manual review"
"Banishment","2014","Compendium.dnd5e.spells.Item.pxpb2eOB6bv4phAf","spells/4th-level/banishment.yml","","caster","","unmatched","No suitable supported visual theme; Target/object placement needs manual review"
"Barkskin","2014","Compendium.dnd5e.spells.Item.JPwIEfgUPVebr5AH","spells/2nd-level/barkskin.yml","","caster","","unmatched","No suitable supported visual theme; Target/object placement needs manual review"
"Beacon of Hope","2014","Compendium.dnd5e.spells.Item.ZU9d6woBdUP8pIPt","spells/3rd-level/beacon-of-hope.yml","","caster","","unmatched","No suitable supported visual theme; Target/object placement needs manual review"
"Bestow Curse","2014","Compendium.dnd5e.spells.Item.pO4zGe5LmFIYqJiL","spells/3rd-level/bestow-curse.yml","","caster","","unmatched","No suitable supported visual theme; Target/object placement needs manual review"
"Black Tentacles","2014","Compendium.dnd5e.spells.Item.DGONTFbk5eORs5qv","spells/4th-level/black-tentacles.yml","","area","20 ft square","unmatched","No suitable supported visual theme; Concentration expiration is not linked to cleanup"
"Blade Barrier","2014","Compendium.dnd5e.spells.Item.dLJhxDfeyOsc3zsY","spells/6th-level/blade-barrier.yml","","area","100 × 5 × 20 ft wall / 30 × 5 × 20 ft ring","unmatched","No suitable supported visual theme; Concentration expiration is not linked to cleanup; Unsupported template type: wall; Unsupported template type: ring"
"Bless","2014","Compendium.dnd5e.spells.Item.8dzaICjGy6mTUaUr","spells/1st-level/bless.yml","","caster","","unmatched","No suitable supported visual theme; Target/object placement needs manual review"
"Blight","2014","Compendium.dnd5e.spells.Item.pybg5MNc3lkerH4Y","spells/4th-level/blight.yml","Unholy Light","damage","","enabled","Single necrotic damage type"
"Blindness/Deafness","2014","Compendium.dnd5e.spells.Item.zwGsAv6kmwzYGhh3","spells/2nd-level/blindness-deafness.yml","","caster","","unmatched","No suitable supported visual theme; Target/object placement needs manual review"
"Blink","2014","Compendium.dnd5e.spells.Item.GSvLWcdCZLQkilXT","spells/3rd-level/blink.yml","","caster","","unmatched","No suitable supported visual theme; Target/object placement needs manual review"
"Blur","2014","Compendium.dnd5e.spells.Item.UDUnlfPsOAbq2RSE","spells/2nd-level/blur.yml","","caster","","unmatched","No suitable supported visual theme; Target/object placement needs manual review"
"Branding Smite","2014","Compendium.dnd5e.spells.Item.7UwUjJ6owIQkEPrs","spells/2nd-level/branding-smite.yml","Holy Light","damage","","enabled","Single radiant damage type"
"Burning Hands","2014","Compendium.dnd5e.spells.Item.5SuJewoa1CRWaj1F","spells/1st-level/burning-hands.yml","Fire","area","15 ft cone","enabled","Single fire damage type"
"Call Lightning","2014","Compendium.dnd5e.spells.Item.ehvmg9U9fcMEhE4z","spells/3rd-level/call-lightning.yml","Lightning Field","area","60 ft cylinder / 5 ft sphere","review","Concentration expiration is not linked to cleanup; Base area likely exceeds the 120-cell visual limit"
"Calm Emotions","2014","Compendium.dnd5e.spells.Item.3MYDjS6k9IYL0aTj","spells/2nd-level/calm-emotions.yml","","area","20 ft sphere","unmatched","No suitable supported visual theme; Concentration expiration is not linked to cleanup"
"Chain Lightning","2014","Compendium.dnd5e.spells.Item.QbTxN5dWIbYZ4jLU","spells/6th-level/chain-lightning.yml","Lightning Field","damage","","enabled","Single electricity damage type"
"Charm Person","2014","Compendium.dnd5e.spells.Item.eS7XnnApoxRxYXPs","spells/1st-level/charm-person.yml","","caster","","unmatched","No suitable supported visual theme; Target/object placement needs manual review"
"Chill Touch","2014","Compendium.dnd5e.spells.Item.vrN18tbTw7io5MWd","spells/cantrip/chill-touch.yml","Unholy Light","damage","","enabled","Single necrotic damage type"
"Circle of Death","2014","Compendium.dnd5e.spells.Item.KeunEkg1JYbOCOhV","spells/6th-level/circle-of-death.yml","Unholy Light","area","60 ft sphere","review","Base area likely exceeds the 120-cell visual limit"
"Clairvoyance","2014","Compendium.dnd5e.spells.Item.cg50KpBkBdPK6vPL","spells/3rd-level/clairvoyance.yml","","caster","","unmatched","No suitable supported visual theme; Target/object placement needs manual review"
"Clone","2014","Compendium.dnd5e.spells.Item.h830iyqParFleNqR","spells/8th-level/clone.yml","","caster","","unmatched","No suitable supported visual theme; Target/object placement needs manual review"
"Cloudkill","2014","Compendium.dnd5e.spells.Item.LkvI11Uue774QBKZ","spells/5th-level/cloudkill.yml","Haze","area","20 ft sphere","review","Concentration expiration is not linked to cleanup"
"Color Spray","2014","Compendium.dnd5e.spells.Item.LWTUqKkUQdMAmOe0","spells/1st-level/color-spray.yml","","area","15 ft cone","unmatched","No suitable supported visual theme"
"Command","2014","Compendium.dnd5e.spells.Item.arzCrMRgcNiQuh43","spells/1st-level/command.yml","","caster","","unmatched","No suitable supported visual theme; Target/object placement needs manual review"
"Commune","2014","Compendium.dnd5e.spells.Item.d54VDyFulD9xxY7J","spells/5th-level/commune.yml","","caster","","unmatched","No suitable supported visual theme; Target/object placement needs manual review"
"Commune with Nature","2014","Compendium.dnd5e.spells.Item.dp6xny4v8PDoIGjh","spells/5th-level/commune-with-nature.yml","","caster","","unmatched","No suitable supported visual theme; Target/object placement needs manual review"
"Comprehend Languages","2014","Compendium.dnd5e.spells.Item.4dSvfvTy2ZIJ3K4k","spells/1st-level/comprehend-languages.yml","","caster","","unmatched","No suitable supported visual theme; Target/object placement needs manual review"
"Compulsion","2014","Compendium.dnd5e.spells.Item.P6f1PPKPd9BCb742","spells/4th-level/compulsion.yml","","caster","","unmatched","No suitable supported visual theme; Target/object placement needs manual review"
"Cone of Cold","2014","Compendium.dnd5e.spells.Item.RpKjTlYASrfqUPVA","spells/5th-level/cone-of-cold.yml","Frost","area","60 ft cone","enabled","Single cold damage type"
"Confusion","2014","Compendium.dnd5e.spells.Item.9hQXdMSmerkTsHDe","spells/4th-level/confusion.yml","","area","10 ft sphere","unmatched","No suitable supported visual theme; Concentration expiration is not linked to cleanup"
"Conjure Animals","2014","Compendium.dnd5e.spells.Item.1Drt0SHxbEAHxprN","spells/3rd-level/conjure-animals.yml","","caster","","unmatched","No suitable supported visual theme; Target/object placement needs manual review"
"Conjure Celestial","2014","Compendium.dnd5e.spells.Item.XT7nzJmVGgv73uaf","spells/7th-level/conjure-celestial.yml","","caster","","unmatched","No suitable supported visual theme; Target/object placement needs manual review"
"Conjure Elemental","2014","Compendium.dnd5e.spells.Item.1LkZvINag7KqBmDR","spells/5th-level/conjure-elemental.yml","","caster","","unmatched","No suitable supported visual theme; Target/object placement needs manual review"
"Conjure Fey","2014","Compendium.dnd5e.spells.Item.yN3XZZujhR4aVvPa","spells/6th-level/conjure-fey.yml","","caster","","unmatched","No suitable supported visual theme; Target/object placement needs manual review"
"Conjure Minor Elementals","2014","Compendium.dnd5e.spells.Item.KgEw3sDr39C6g8nY","spells/4th-level/conjure-minor-elementals.yml","","caster","","unmatched","No suitable supported visual theme; Target/object placement needs manual review"
"Conjure Woodland Beings","2014","Compendium.dnd5e.spells.Item.dEfSELiY1eO3cpX9","spells/4th-level/conjure-woodland-beings.yml","","caster","","unmatched","No suitable supported visual theme; Target/object placement needs manual review"
"Contact Other Plane","2014","Compendium.dnd5e.spells.Item.dSTu1MaPhBqPITwM","spells/5th-level/contact-other-plane.yml","","damage","","unmatched","No suitable supported visual theme"
"Contagion","2014","Compendium.dnd5e.spells.Item.CjIq8Ed7bu3vVwT1","spells/5th-level/contagion.yml","","caster","","unmatched","No suitable supported visual theme; Target/object placement needs manual review"
"Contingency","2014","Compendium.dnd5e.spells.Item.4smlOvpF5AQHcyg1","spells/6th-level/contingency.yml","","caster","","unmatched","No suitable supported visual theme; Target/object placement needs manual review"
"Continual Flame","2014","Compendium.dnd5e.spells.Item.MK6gpQMeDFo0cP9f","spells/2nd-level/continual-flame.yml","","caster","","unmatched","No suitable supported visual theme; Target/object placement needs manual review; Variable or open-ended duration requires review"
"Control Water","2014","Compendium.dnd5e.spells.Item.7fFHlBk3UNX8gPKL","spells/4th-level/control-water.yml","Flooding","area","100 ft cube","review","Concentration expiration is not linked to cleanup; Base area likely exceeds the 120-cell visual limit"
"Control Weather","2014","Compendium.dnd5e.spells.Item.ZPd73HtKF3At11jh","spells/8th-level/control-weather.yml","","area","5 mi radius","unmatched","No suitable supported visual theme; Concentration expiration is not linked to cleanup; Base area likely exceeds the 120-cell visual limit"
"Counterspell","2014","Compendium.dnd5e.spells.Item.Ek45cBpVXvJdv1Qy","spells/3rd-level/counterspell.yml","","caster","","unmatched","No suitable supported visual theme; Target/object placement needs manual review"
"Create Food and Water","2014","Compendium.dnd5e.spells.Item.BV0mpbHh29IbbIj5","spells/3rd-level/create-food-and-water.yml","","caster","","unmatched","No suitable supported visual theme; Target/object placement needs manual review"
"Create or Destroy Water","2014","Compendium.dnd5e.spells.Item.a3XtAO5n2GrqiAh5","spells/1st-level/create-or-destroy-water.yml","Flooding","area","30 + (@scaling.increase * 5) ft cube","review","Variable or unsupported template dimensions require review"
"Create Undead","2014","Compendium.dnd5e.spells.Item.E4NXux0RHvME1XgP","spells/6th-level/create-undead.yml","","caster","","unmatched","No suitable supported visual theme; Target/object placement needs manual review"
"Creation","2014","Compendium.dnd5e.spells.Item.lnaGnxMzpYnbw1uU","spells/5th-level/creation.yml","","area","5 ft cube","unmatched","No suitable supported visual theme; Variable or open-ended duration requires review"
"Cure Wounds","2014","Compendium.dnd5e.spells.Item.uUWb1wZgtMou0TVP","spells/1st-level/cure-wounds.yml","","caster","","unmatched","No suitable supported visual theme; Target/object placement needs manual review"
"Dancing Lights","2014","Compendium.dnd5e.spells.Item.CAxSzHWizrafT033","spells/cantrip/dancing-lights.yml","","caster","","unmatched","No suitable supported visual theme; Target/object placement needs manual review"
"Darkness","2014","Compendium.dnd5e.spells.Item.S7VbUetIfVT7B6Eq","spells/2nd-level/darkness.yml","Haze (Deathly)","area","15 ft sphere","review","Concentration expiration is not linked to cleanup"
"Darkvision","2014","Compendium.dnd5e.spells.Item.hJ6ZiA3fpoY8v9cp","spells/2nd-level/darkvision.yml","","caster","","unmatched","No suitable supported visual theme; Target/object placement needs manual review"
"Daylight","2014","Compendium.dnd5e.spells.Item.BP3GCwa66IAw1yTG","spells/3rd-level/daylight.yml","","area","60 ft sphere","unmatched","No suitable supported visual theme; Base area likely exceeds the 120-cell visual limit"
"Death Ward","2014","Compendium.dnd5e.spells.Item.VtCXMdyM6mAdIJZb","spells/4th-level/death-ward.yml","","caster","","unmatched","No suitable supported visual theme; Target/object placement needs manual review"
"Delayed Blast Fireball","2014","Compendium.dnd5e.spells.Item.AoTTjapz1FsGOIZz","spells/7th-level/delayed-blast-fireball.yml","Fire","area","20 ft sphere","review","Concentration expiration is not linked to cleanup"
"Demiplane","2014","Compendium.dnd5e.spells.Item.xNM9CzQQr2CieM4B","spells/8th-level/demiplane.yml","","caster","","unmatched","No suitable supported visual theme; Target/object placement needs manual review"
"Detect Evil and Good","2014","Compendium.dnd5e.spells.Item.Mzh95utKDPIrjiH8","spells/1st-level/detect-evil-and-good.yml","","area","30 ft radius","unmatched","No suitable supported visual theme; Concentration expiration is not linked to cleanup"
"Detect Magic","2014","Compendium.dnd5e.spells.Item.ghXTfe7sgCbgf1Q8","spells/1st-level/detect-magic.yml","","area","30 ft radius","unmatched","No suitable supported visual theme; Concentration expiration is not linked to cleanup"
"Detect Poison and Disease","2014","Compendium.dnd5e.spells.Item.2skfDtglk1mGrb3l","spells/1st-level/detect-poison-and-disease.yml","","area","30 ft radius","unmatched","No suitable supported visual theme; Concentration expiration is not linked to cleanup"
"Detect Thoughts","2014","Compendium.dnd5e.spells.Item.ppWAAEul0QHtm4er","spells/2nd-level/detect-thoughts.yml","","area","30 ft radius","unmatched","No suitable supported visual theme; Concentration expiration is not linked to cleanup"
"Dimension Door","2014","Compendium.dnd5e.spells.Item.A4RsPuSvB9wFtz1j","spells/4th-level/dimension-door.yml","","damage","","unmatched","No suitable supported visual theme"
"Disguise Self","2014","Compendium.dnd5e.spells.Item.A3q2gTNqG6fvNGrv","spells/1st-level/disguise-self.yml","","caster","","unmatched","No suitable supported visual theme; Target/object placement needs manual review"
"Disintegrate","2014","Compendium.dnd5e.spells.Item.HBHbOGKNVVprSlwn","spells/6th-level/disintegrate.yml","","damage","","unmatched","No suitable supported visual theme"
"Dispel Evil and Good","2014","Compendium.dnd5e.spells.Item.TkJ8Wtg1L7TZtspm","spells/5th-level/dispel-evil-and-good.yml","","caster","","unmatched","No suitable supported visual theme; Target/object placement needs manual review"
"Dispel Magic","2014","Compendium.dnd5e.spells.Item.15Fa6q1nH27XfbR8","spells/3rd-level/dispel-magic.yml","","caster","","unmatched","No suitable supported visual theme; Target/object placement needs manual review"
"Divination","2014","Compendium.dnd5e.spells.Item.XqzXSKNR75ZdYTA9","spells/4th-level/divination.yml","","caster","","unmatched","No suitable supported visual theme; Target/object placement needs manual review"
"Divine Favor","2014","Compendium.dnd5e.spells.Item.8MICCMeOXT3aJUy9","spells/1st-level/divine-favor.yml","","caster","","unmatched","No suitable supported visual theme; Target/object placement needs manual review"
"Divine Word","2014","Compendium.dnd5e.spells.Item.T1vpZLam7LezjToj","spells/7th-level/divine-word.yml","","caster","","unmatched","No suitable supported visual theme; Target/object placement needs manual review"
"Dominate Beast","2014","Compendium.dnd5e.spells.Item.LrPvWHBPmiMQQsKB","spells/4th-level/dominate-beast.yml","","caster","","unmatched","No suitable supported visual theme; Target/object placement needs manual review"
"Dominate Monster","2014","Compendium.dnd5e.spells.Item.eEpy1ONlXumKS1mp","spells/8th-level/dominate-monster.yml","","caster","","unmatched","No suitable supported visual theme; Target/object placement needs manual review"
"Dominate Person","2014","Compendium.dnd5e.spells.Item.91Sw6vOIaO7U8DvM","spells/5th-level/dominate-person.yml","","caster","","unmatched","No suitable supported visual theme; Target/object placement needs manual review"
"Dream","2014","Compendium.dnd5e.spells.Item.kSPRpeIx3w3nihrF","spells/5th-level/dream.yml","","damage","","unmatched","No suitable supported visual theme"
"Druidcraft","2014","Compendium.dnd5e.spells.Item.SbSvZKkJASyk8jKo","spells/cantrip/druidcraft.yml","","caster","","unmatched","No suitable supported visual theme; Target/object placement needs manual review"
"Earthquake","2014","Compendium.dnd5e.spells.Item.x5JNBSyIBBZsjcGT","spells/8th-level/earthquake.yml","Earthquake","area","100 ft radius / 200 × 10 ft line","review","Concentration expiration is not linked to cleanup; Base area likely exceeds the 120-cell visual limit"
"Eldritch Blast","2014","Compendium.dnd5e.spells.Item.Z9p1vezIn95jw1Yw","spells/cantrip/eldritch-blast.yml","","damage","","unmatched","No suitable supported visual theme"
"Enhance Ability","2014","Compendium.dnd5e.spells.Item.9eOZDBImVKxbeOyZ","spells/2nd-level/enhance-ability.yml","","caster","","unmatched","No suitable supported visual theme; Target/object placement needs manual review"
"Enlarge/Reduce","2014","Compendium.dnd5e.spells.Item.WahI41a3goVUg0x1","spells/2nd-level/enlarge-reduce.yml","","caster","","unmatched","No suitable supported visual theme; Target/object placement needs manual review"
"Entangle","2014","Compendium.dnd5e.spells.Item.gMrWeG8fMDPRFiVe","spells/1st-level/entangle.yml","Overgrowth","area","20 ft square","review","Concentration expiration is not linked to cleanup"
"Enthrall","2014","Compendium.dnd5e.spells.Item.30ZgXtijJVCxQk5N","spells/2nd-level/enthrall.yml","","caster","","unmatched","No suitable supported visual theme; Target/object placement needs manual review"
"Etherealness","2014","Compendium.dnd5e.spells.Item.PQuEgKyCdovOvhqN","spells/7th-level/etherealness.yml","","caster","","unmatched","No suitable supported visual theme; Target/object placement needs manual review"
"Expeditious Retreat","2014","Compendium.dnd5e.spells.Item.zPGohqJRir6MyQ3U","spells/1st-level/expeditious-retreat.yml","","caster","","unmatched","No suitable supported visual theme; Target/object placement needs manual review"
"Eyebite","2014","Compendium.dnd5e.spells.Item.ZRqu3Xh9FmlBCZGy","spells/6th-level/eyebite.yml","","caster","","unmatched","No suitable supported visual theme; Target/object placement needs manual review"
"Fabricate","2014","Compendium.dnd5e.spells.Item.7Fw7Bf1k3xxDVr5L","spells/4th-level/fabricate.yml","","area","10 ft cube","unmatched","No suitable supported visual theme"
"Faerie Fire","2014","Compendium.dnd5e.spells.Item.nqBDWkVOfcGZt4YU","spells/1st-level/faerie-fire.yml","","area","20 ft cube","unmatched","No suitable supported visual theme; Concentration expiration is not linked to cleanup"
"Faithful Hound","2014","Compendium.dnd5e.spells.Item.SAj03P2WBDiWu7zu","spells/4th-level/faithful-hound.yml","","damage","","unmatched","No suitable supported visual theme"
"False Life","2014","Compendium.dnd5e.spells.Item.7e3QXF10hLNDEdr6","spells/1st-level/false-life.yml","","caster","","unmatched","No suitable supported visual theme; Target/object placement needs manual review"
"Fear","2014","Compendium.dnd5e.spells.Item.XXUDGFELgoskdOD0","spells/3rd-level/fear.yml","","area","30 ft cone","unmatched","No suitable supported visual theme; Concentration expiration is not linked to cleanup"
"Feather Fall","2014","Compendium.dnd5e.spells.Item.pub0OWVEB71XQx1n","spells/1st-level/feather-fall.yml","","caster","","unmatched","No suitable supported visual theme; Target/object placement needs manual review"
"Feeblemind","2014","Compendium.dnd5e.spells.Item.hYCrN82dMJFuJODB","spells/8th-level/feeblemind.yml","","damage","","unmatched","No suitable supported visual theme"
"Find Familiar","2014","Compendium.dnd5e.spells.Item.JGT5bNqu9REL7Fuz","spells/1st-level/find-familiar.yml","","caster","","unmatched","No suitable supported visual theme; Target/object placement needs manual review"
"Find Steed","2014","Compendium.dnd5e.spells.Item.5eh2HFbS13078Y3H","spells/2nd-level/find-steed.yml","","caster","","unmatched","No suitable supported visual theme; Target/object placement needs manual review"
"Find the Path","2014","Compendium.dnd5e.spells.Item.cYI4RNNjI5GAmLhy","spells/6th-level/find-the-path.yml","","caster","","unmatched","No suitable supported visual theme; Target/object placement needs manual review"
"Find Traps","2014","Compendium.dnd5e.spells.Item.KrM3oHVv13RAALrS","spells/2nd-level/find-traps.yml","","caster","","unmatched","No suitable supported visual theme; Target/object placement needs manual review"
"Finger of Death","2014","Compendium.dnd5e.spells.Item.HPvZm8YJO91k6Qdg","spells/7th-level/finger-of-death.yml","Unholy Light","damage","","enabled","Single necrotic damage type"
"Fire Bolt","2014","Compendium.dnd5e.spells.Item.EOmsUcFQJTfG2oio","spells/cantrip/fire-bolt.yml","Fire","damage","","enabled","Single fire damage type"
"Fire Shield","2014","Compendium.dnd5e.spells.Item.avD5XUtkBPQQR97c","spells/4th-level/fire-shield.yml","","damage","","unmatched","Mixed damage types: cold, fire"
"Fire Storm","2014","Compendium.dnd5e.spells.Item.J3uILDYS7MiOfmTJ","spells/7th-level/fire-storm.yml","Fire","area","10 × 10 ft cube","enabled","Single fire damage type"
"Fireball","2014","Compendium.dnd5e.spells.Item.ztgcdrWPshKRpFd0","spells/3rd-level/fireball.yml","Fire","area","20 ft sphere","enabled","Single fire damage type"
"Flame Blade","2014","Compendium.dnd5e.spells.Item.Advtckpz1B733bu9","spells/2nd-level/flame-blade.yml","","caster","","unmatched","No suitable supported visual theme; Target/object placement needs manual review"
"Flame Strike","2014","Compendium.dnd5e.spells.Item.5e1xTohkzqFqbYH4","spells/5th-level/flame-strike.yml","","area","10 × 40 ft cylinder","unmatched","Mixed damage types: radiant, fire"
"Flaming Sphere","2014","Compendium.dnd5e.spells.Item.FjYE214HTERCRZNm","spells/2nd-level/flaming-sphere.yml","Fire","area","5 ft sphere","review","Concentration expiration is not linked to cleanup"
"Flesh to Stone","2014","Compendium.dnd5e.spells.Item.kozNy29b0X6exFhY","spells/6th-level/flesh-to-stone.yml","","caster","","unmatched","No suitable supported visual theme; Target/object placement needs manual review"
"Floating Disk","2014","Compendium.dnd5e.spells.Item.bnjXlk13ZRJuf5d0","spells/1st-level/floating-disk.yml","","caster","","unmatched","No suitable supported visual theme; Target/object placement needs manual review"
"Fly","2014","Compendium.dnd5e.spells.Item.yfbK8gZqESlaoY5t","spells/3rd-level/fly.yml","","caster","","unmatched","No suitable supported visual theme; Target/object placement needs manual review"
"Fog Cloud","2014","Compendium.dnd5e.spells.Item.IBJmWjzbQGu7M4UX","spells/1st-level/fog-cloud.yml","Smoke","area","20 ft sphere","review","Concentration expiration is not linked to cleanup"
"Forbiddance","2014","Compendium.dnd5e.spells.Item.64D1gNZ4hx7SWG2x","spells/6th-level/forbiddance.yml","","damage","","unmatched","Mixed damage types: necrotic, radiant"
"Forcecage","2014","Compendium.dnd5e.spells.Item.Y7uWUO4yqUN0JKl0","spells/7th-level/forcecage.yml","","area","20 ft cube","unmatched","No suitable supported visual theme"
"Foresight","2014","Compendium.dnd5e.spells.Item.6HEEhLdJz32TL4Js","spells/9th-level/foresight.yml","","caster","","unmatched","No suitable supported visual theme; Target/object placement needs manual review"
"Freedom of Movement","2014","Compendium.dnd5e.spells.Item.da0a1t2FqaTjRZGT","spells/4th-level/freedom-of-movement.yml","","caster","","unmatched","No suitable supported visual theme; Target/object placement needs manual review"
"Freezing Sphere","2014","Compendium.dnd5e.spells.Item.MImfWCzEPRMYD3Xp","spells/6th-level/freezing-sphere.yml","Frost","area","60 ft sphere","review","Base area likely exceeds the 120-cell visual limit"
"Gaseous Form","2014","Compendium.dnd5e.spells.Item.2IWiZAJtOGDoKjiz","spells/3rd-level/gaseous-form.yml","","caster","","unmatched","No suitable supported visual theme; Target/object placement needs manual review"
"Gate","2014","Compendium.dnd5e.spells.Item.XbwGq5kDJNvAxNXV","spells/9th-level/gate.yml","Portal","caster","","review","Target/object placement needs manual review"
"Geas","2014","Compendium.dnd5e.spells.Item.JQyigMNPiDnGI18b","spells/5th-level/geas.yml","","damage","","unmatched","No suitable supported visual theme"
"Gentle Repose","2014","Compendium.dnd5e.spells.Item.n4JDcFKe5ikzYmAc","spells/2nd-level/gentle-repose.yml","","caster","","unmatched","No suitable supported visual theme; Target/object placement needs manual review"
"Giant Insect","2014","Compendium.dnd5e.spells.Item.czXrVRx6XYRWsHAi","spells/4th-level/giant-insect.yml","","caster","","unmatched","No suitable supported visual theme; Target/object placement needs manual review"
"Glibness","2014","Compendium.dnd5e.spells.Item.1RzxKZzkQOoioxPj","spells/8th-level/glibness.yml","","caster","","unmatched","No suitable supported visual theme; Target/object placement needs manual review"
"Globe of Invulnerability","2014","Compendium.dnd5e.spells.Item.WmQpxfjZwF3MGUby","spells/6th-level/globe-of-invulnerability.yml","","area","10 ft radius","unmatched","No suitable supported visual theme; Concentration expiration is not linked to cleanup"
"Glyph of Warding","2014","Compendium.dnd5e.spells.Item.pB7XVYwdGNcUG935","spells/3rd-level/glyph-of-warding.yml","","area","20 ft sphere","unmatched","Mixed damage types: acid, cold, fire, electricity, thunder; Variable or open-ended duration requires review"
"Goodberry","2014","Compendium.dnd5e.spells.Item.Qf6CAZkc7ms4ZY3e","spells/1st-level/goodberry.yml","","caster","","unmatched","No suitable supported visual theme; Target/object placement needs manual review"
"Grease","2014","Compendium.dnd5e.spells.Item.etgcR9wqmrhyZ0tx","spells/1st-level/grease.yml","Grease","area","10 ft square","enabled","Curated grease visual theme"
"Greater Invisibility","2014","Compendium.dnd5e.spells.Item.tEpDmYZNGc9f5OhJ","spells/4th-level/greater-invisibility.yml","","caster","","unmatched","No suitable supported visual theme; Target/object placement needs manual review"
"Greater Restoration","2014","Compendium.dnd5e.spells.Item.WzvJ7G3cqvIubsLk","spells/5th-level/greater-restoration.yml","","caster","","unmatched","No suitable supported visual theme; Target/object placement needs manual review"
"Guardian of Faith","2014","Compendium.dnd5e.spells.Item.TgHsuhNasPbhu8MO","spells/4th-level/guardian-of-faith.yml","Holy Light","damage","","enabled","Single radiant damage type"
"Guards and Wards","2014","Compendium.dnd5e.spells.Item.yw0tYQkOMCgKZ8Ur","spells/6th-level/guards-and-wards.yml","","caster","","unmatched","No suitable supported visual theme; Target/object placement needs manual review"
"Guidance","2014","Compendium.dnd5e.spells.Item.P7mF2MxSuVJwHRRY","spells/cantrip/guidance.yml","","caster","","unmatched","No suitable supported visual theme; Target/object placement needs manual review"
"Guiding Bolt","2014","Compendium.dnd5e.spells.Item.7buEm5KhI5lP8m1z","spells/1st-level/guiding-bolt.yml","Holy Light","damage","","enabled","Single radiant damage type"
"Gust of Wind","2014","Compendium.dnd5e.spells.Item.FSMy6VAjDnXY9vWz","spells/2nd-level/gust-of-wind.yml","","area","60 ft line","unmatched","No suitable supported visual theme; Concentration expiration is not linked to cleanup"
"Hallow","2014","Compendium.dnd5e.spells.Item.SLxA9QhrggTz0taU","spells/5th-level/hallow.yml","","area","60 ft radius","unmatched","No suitable supported visual theme; Variable or open-ended duration requires review; Base area likely exceeds the 120-cell visual limit"
"Hallucinatory Terrain","2014","Compendium.dnd5e.spells.Item.sTIkQK7KuQNOyY0C","spells/4th-level/hallucinatory-terrain.yml","","area","150 ft cube","unmatched","No suitable supported visual theme; Base area likely exceeds the 120-cell visual limit"
"Harm","2014","Compendium.dnd5e.spells.Item.tMH6Ivn4GmE1naMj","spells/6th-level/harm.yml","Unholy Light","damage","","enabled","Single necrotic damage type"
"Haste","2014","Compendium.dnd5e.spells.Item.Szvk5FEVQW3uhJi5","spells/3rd-level/haste.yml","","caster","","unmatched","No suitable supported visual theme; Target/object placement needs manual review"
"Heal","2014","Compendium.dnd5e.spells.Item.qcYitWoSMTnKkzM1","spells/6th-level/heal.yml","","caster","","unmatched","No suitable supported visual theme; Target/object placement needs manual review"
"Healing Word","2014","Compendium.dnd5e.spells.Item.o8Dh7fblk1d16tnO","spells/1st-level/healing-word.yml","","caster","","unmatched","No suitable supported visual theme; Target/object placement needs manual review"
"Heat Metal","2014","Compendium.dnd5e.spells.Item.2yHXEcrRbadZDr5M","spells/2nd-level/heat-metal.yml","Fire","damage","","enabled","Single fire damage type"
"Hellish Rebuke","2014","Compendium.dnd5e.spells.Item.22dPoeXfaaAv4K3h","spells/1st-level/hellish-rebuke.yml","Fire","damage","","enabled","Single fire damage type"
"Heroes' Feast","2014","Compendium.dnd5e.spells.Item.mgFqi0ev8f7Ut19y","spells/6th-level/heroes-feast.yml","","caster","","unmatched","No suitable supported visual theme; Target/object placement needs manual review"
"Heroism","2014","Compendium.dnd5e.spells.Item.ge3Saet9zPTDyaoL","spells/1st-level/heroism.yml","","caster","","unmatched","No suitable supported visual theme; Target/object placement needs manual review"
"Hideous Laughter","2014","Compendium.dnd5e.spells.Item.BQk5Row4NymMnUQl","spells/1st-level/hideous-laughter.yml","","caster","","unmatched","No suitable supported visual theme; Target/object placement needs manual review"
"Hold Monster","2014","Compendium.dnd5e.spells.Item.l9Ju5KE7bbn3WpTm","spells/5th-level/hold-monster.yml","","caster","","unmatched","No suitable supported visual theme; Target/object placement needs manual review"
"Hold Person","2014","Compendium.dnd5e.spells.Item.3Lo9boi7P2ro6QV4","spells/2nd-level/hold-person.yml","","caster","","unmatched","No suitable supported visual theme; Target/object placement needs manual review"
"Holy Aura","2014","Compendium.dnd5e.spells.Item.j8S49Rea8b1640Zi","spells/8th-level/holy-aura.yml","","area","30 ft radius","unmatched","No suitable supported visual theme; Concentration expiration is not linked to cleanup"
"Hunter's Mark","2014","Compendium.dnd5e.spells.Item.0xmXiPiuYws1OGcX","spells/1st-level/hunters-mark.yml","","caster","","unmatched","No suitable supported visual theme; Target/object placement needs manual review"
"Hypnotic Pattern","2014","Compendium.dnd5e.spells.Item.6g3WLOZ2u0EbaLAd","spells/3rd-level/hypnotic-pattern.yml","","area","30 ft cube","unmatched","No suitable supported visual theme; Concentration expiration is not linked to cleanup"
"Ice Storm","2014","Compendium.dnd5e.spells.Item.WN2LWEljYU6QqnRH","spells/4th-level/ice-storm.yml","Frost","area","20 × 40 ft cylinder","review","Mixed damage types: bludgeoning, cold"
"Identify","2014","Compendium.dnd5e.spells.Item.3OZnNhunvRtPOQmH","spells/1st-level/identify.yml","","caster","","unmatched","No suitable supported visual theme; Target/object placement needs manual review"
"Illusory Script","2014","Compendium.dnd5e.spells.Item.82jM6qD9axLJsTrH","spells/1st-level/illusory-script.yml","","caster","","unmatched","No suitable supported visual theme; Target/object placement needs manual review"
"Imprisonment","2014","Compendium.dnd5e.spells.Item.ZVnL9L8v1KC9TBF4","spells/9th-level/imprisonment.yml","","caster","","unmatched","No suitable supported visual theme; Target/object placement needs manual review; Variable or open-ended duration requires review"
"Incendiary Cloud","2014","Compendium.dnd5e.spells.Item.pV04y1iXoWiom6bp","spells/8th-level/incendiary-cloud.yml","Fire","area","20 ft sphere","review","Concentration expiration is not linked to cleanup"
"Inflict Wounds","2014","Compendium.dnd5e.spells.Item.ksaaTxIbKx2sJfia","spells/1st-level/inflict-wounds.yml","Unholy Light","damage","","enabled","Single necrotic damage type"
"Insect Plague","2014","Compendium.dnd5e.spells.Item.OVikYmSdHliAG2YD","spells/5th-level/insect-plague.yml","","area","20 ft sphere","unmatched","No suitable supported visual theme; Concentration expiration is not linked to cleanup"
"Instant Summons","2014","Compendium.dnd5e.spells.Item.SgrEKiC6dAtvy6Pz","spells/6th-level/instant-summons.yml","","caster","","unmatched","No suitable supported visual theme; Target/object placement needs manual review; Variable or open-ended duration requires review"
"Invisibility","2014","Compendium.dnd5e.spells.Item.1N8dDMMgZ1h1YJ3B","spells/2nd-level/invisibility.yml","","caster","","unmatched","No suitable supported visual theme; Target/object placement needs manual review"
"Irresistible Dance","2014","Compendium.dnd5e.spells.Item.TfRzwEgBHHkCc6Ql","spells/6th-level/irresistible-dance.yml","","caster","","unmatched","No suitable supported visual theme; Target/object placement needs manual review"
"Jump","2014","Compendium.dnd5e.spells.Item.ZrTc23tToJ0JpH2h","spells/1st-level/jump.yml","","caster","","unmatched","No suitable supported visual theme; Target/object placement needs manual review"
"Knock","2014","Compendium.dnd5e.spells.Item.1nhIxh0DsJsntCfj","spells/2nd-level/knock.yml","","caster","","unmatched","No suitable supported visual theme; Target/object placement needs manual review"
"Legend Lore","2014","Compendium.dnd5e.spells.Item.W4Qx5z0id6da0vqg","spells/5th-level/legend-lore.yml","","caster","","unmatched","No suitable supported visual theme; Target/object placement needs manual review"
"Lesser Restoration","2014","Compendium.dnd5e.spells.Item.F0GsG0SJzsIOacwV","spells/2nd-level/lesser-restoration.yml","","caster","","unmatched","No suitable supported visual theme; Target/object placement needs manual review"
"Levitate","2014","Compendium.dnd5e.spells.Item.MRxldJd6C4bsBo3O","spells/2nd-level/levitate.yml","","caster","","unmatched","No suitable supported visual theme; Target/object placement needs manual review"
"Light","2014","Compendium.dnd5e.spells.Item.Bnn9Nzajixvow9xi","spells/cantrip/light.yml","Magic Light","caster","","review","Target/object placement needs manual review"
"Lightning Bolt","2014","Compendium.dnd5e.spells.Item.IyikgTEOTv701jgQ","spells/3rd-level/lightning-bolt.yml","Lightning Field","area","100 ft line","enabled","Single electricity damage type"
"Locate Animals or Plants","2014","Compendium.dnd5e.spells.Item.Iv2qqSAT7OkXKPFx","spells/2nd-level/locate-animals-or-plants.yml","","caster","","unmatched","No suitable supported visual theme; Target/object placement needs manual review"
"Locate Creature","2014","Compendium.dnd5e.spells.Item.gXtzz9t1DTzJeLr4","spells/4th-level/locate-creature.yml","","caster","","unmatched","No suitable supported visual theme; Target/object placement needs manual review"
"Locate Object","2014","Compendium.dnd5e.spells.Item.SleYkHovQ8NagmeV","spells/2nd-level/locate-object.yml","","caster","","unmatched","No suitable supported visual theme; Target/object placement needs manual review"
"Longstrider","2014","Compendium.dnd5e.spells.Item.B0pnIcc52O6G8hi8","spells/1st-level/longstrider.yml","","caster","","unmatched","No suitable supported visual theme; Target/object placement needs manual review"
"Mage Armor","2014","Compendium.dnd5e.spells.Item.CKZTpZlxj7hjjo2H","spells/1st-level/mage-armor.yml","","caster","","unmatched","No suitable supported visual theme; Target/object placement needs manual review"
"Mage Hand","2014","Compendium.dnd5e.spells.Item.Utk1OQRwYkMkFRD3","spells/cantrip/mage-hand.yml","","caster","","unmatched","No suitable supported visual theme; Target/object placement needs manual review"
"Magic Circle","2014","Compendium.dnd5e.spells.Item.y8A4HfTwd93ypdEz","spells/3rd-level/magic-circle.yml","Magic Circle","area","10 × 20 ft cylinder","review","Variable or open-ended duration requires review"
"Magic Jar","2014","Compendium.dnd5e.spells.Item.ej6wyY4G1gOcb1U6","spells/6th-level/magic-jar.yml","","caster","","unmatched","No suitable supported visual theme; Target/object placement needs manual review; Variable or open-ended duration requires review"
"Magic Missile","2014","Compendium.dnd5e.spells.Item.41JIhpDyM9Anm7cs","spells/1st-level/magic-missile.yml","","damage","","unmatched","No suitable supported visual theme"
"Magic Mouth","2014","Compendium.dnd5e.spells.Item.7v06rdmUakoTk1LQ","spells/2nd-level/magic-mouth.yml","","caster","","unmatched","No suitable supported visual theme; Target/object placement needs manual review; Variable or open-ended duration requires review"
"Magic Weapon","2014","Compendium.dnd5e.spells.Item.Sgjrf8qqv97CCWM4","spells/2nd-level/magic-weapon.yml","","caster","","unmatched","No suitable supported visual theme; Target/object placement needs manual review"
"Magnificent Mansion","2014","Compendium.dnd5e.spells.Item.pn4SnsFDvYDiE6rC","spells/7th-level/magnificent-mansion.yml","","caster","","unmatched","No suitable supported visual theme; Target/object placement needs manual review"
"Major Image","2014","Compendium.dnd5e.spells.Item.nslx2nT3p4lNkmdp","spells/3rd-level/major-image.yml","","area","20 ft cube","unmatched","No suitable supported visual theme; Concentration expiration is not linked to cleanup"
"Mass Cure Wounds","2014","Compendium.dnd5e.spells.Item.Pyzmm8R7rVsNAPsd","spells/5th-level/mass-cure-wounds.yml","","area","30 ft sphere","unmatched","No suitable supported visual theme"
"Mass Heal","2014","Compendium.dnd5e.spells.Item.Y6oItIuhOJZ0i0FC","spells/9th-level/mass-heal.yml","","caster","","unmatched","No suitable supported visual theme; Target/object placement needs manual review"
"Mass Healing Word","2014","Compendium.dnd5e.spells.Item.34ddoYIrnOZ2GFYi","spells/3rd-level/mass-healing-word.yml","","caster","","unmatched","No suitable supported visual theme; Target/object placement needs manual review"
"Mass Suggestion","2014","Compendium.dnd5e.spells.Item.5OGFdJw35QXp6mh6","spells/6th-level/mass-suggestion.yml","","caster","","unmatched","No suitable supported visual theme; Target/object placement needs manual review"
"Maze","2014","Compendium.dnd5e.spells.Item.clwv2PWOcT822hlr","spells/8th-level/maze.yml","","caster","","unmatched","No suitable supported visual theme; Target/object placement needs manual review"
"Meld into Stone","2014","Compendium.dnd5e.spells.Item.64uo4fHriHLjRUrX","spells/3rd-level/meld-into-stone.yml","","damage","","unmatched","No suitable supported visual theme"
"Mending","2014","Compendium.dnd5e.spells.Item.kjmjY0zlE6IEiQVL","spells/cantrip/mending.yml","","caster","","unmatched","No suitable supported visual theme; Target/object placement needs manual review"
"Message","2014","Compendium.dnd5e.spells.Item.icZokbgV1jIMpNCv","spells/cantrip/message.yml","","caster","","unmatched","No suitable supported visual theme; Target/object placement needs manual review"
"Meteor Swarm","2014","Compendium.dnd5e.spells.Item.mF52ldF79Cr7wfQo","spells/9th-level/meteor-swarm.yml","Fire","area","4 × 40 ft sphere","review","Mixed damage types: bludgeoning, fire; Base area likely exceeds the 120-cell visual limit"
"Mind Blank","2014","Compendium.dnd5e.spells.Item.bllEWfm9xfEKynhv","spells/8th-level/mind-blank.yml","","caster","","unmatched","No suitable supported visual theme; Target/object placement needs manual review"
"Minor Illusion","2014","Compendium.dnd5e.spells.Item.oIzA2MEHwxhtQneU","spells/cantrip/minor-illusion.yml","","area","5 ft cube","unmatched","No suitable supported visual theme"
"Mirage Arcane","2014","Compendium.dnd5e.spells.Item.f38w5rd9SgdmWc6F","spells/7th-level/mirage-arcane.yml","","area","1 mi square","unmatched","No suitable supported visual theme; Base area likely exceeds the 120-cell visual limit"
"Mirror Image","2014","Compendium.dnd5e.spells.Item.X4c8xCkmF8U9HUMz","spells/2nd-level/mirror-image.yml","","caster","","unmatched","No suitable supported visual theme; Target/object placement needs manual review"
"Mislead","2014","Compendium.dnd5e.spells.Item.MBMaQLwoy05qzMJ3","spells/5th-level/mislead.yml","","caster","","unmatched","No suitable supported visual theme; Target/object placement needs manual review"
"Misty Step","2014","Compendium.dnd5e.spells.Item.wqfAVANuQonNBgnL","spells/2nd-level/misty-step.yml","","caster","","unmatched","No suitable supported visual theme; Target/object placement needs manual review"
"Modify Memory","2014","Compendium.dnd5e.spells.Item.r3243JU4AyQJyfX4","spells/5th-level/modify-memory.yml","","caster","","unmatched","No suitable supported visual theme; Target/object placement needs manual review"
"Moonbeam","2014","Compendium.dnd5e.spells.Item.bV3yun6MIuFj71Er","spells/2nd-level/moonbeam.yml","Holy Light","area","5 × 40 ft cylinder","review","Concentration expiration is not linked to cleanup"
"Move Earth","2014","Compendium.dnd5e.spells.Item.yI0XWIgI0IGGsR3R","spells/6th-level/move-earth.yml","","area","40 ft square","unmatched","No suitable supported visual theme; Concentration expiration is not linked to cleanup"
"Nondetection","2014","Compendium.dnd5e.spells.Item.aU62xVUBYkAQWIHv","spells/3rd-level/nondetection.yml","","caster","","unmatched","No suitable supported visual theme; Target/object placement needs manual review"
"Pass without Trace","2014","Compendium.dnd5e.spells.Item.pRMvmknwLf2tdMTj","spells/2nd-level/pass-without-trace.yml","","area","30 ft radius","unmatched","No suitable supported visual theme; Concentration expiration is not linked to cleanup"
"Passwall","2014","Compendium.dnd5e.spells.Item.d9MwcXi7Il3HROXd","spells/5th-level/passwall.yml","","caster","","unmatched","No suitable supported visual theme; Target/object placement needs manual review"
"Phantasmal Killer","2014","Compendium.dnd5e.spells.Item.BYNvBJzHcF5VJhXw","spells/4th-level/phantasmal-killer.yml","","damage","","unmatched","No suitable supported visual theme"
"Phantom Steed","2014","Compendium.dnd5e.spells.Item.wpx42mtoZ5BmXRs1","spells/3rd-level/phantom-steed.yml","","caster","","unmatched","No suitable supported visual theme; Target/object placement needs manual review"
"Planar Ally","2014","Compendium.dnd5e.spells.Item.fkREcytuZ8sngWtC","spells/6th-level/planar-ally.yml","","caster","","unmatched","No suitable supported visual theme; Target/object placement needs manual review"
"Planar Binding","2014","Compendium.dnd5e.spells.Item.42O2aNBW7vK90gTL","spells/5th-level/planar-binding.yml","","caster","","unmatched","No suitable supported visual theme; Target/object placement needs manual review"
"Plane Shift","2014","Compendium.dnd5e.spells.Item.J6Jpw5XzB5aTeqnz","spells/7th-level/plane-shift.yml","","caster","","unmatched","No suitable supported visual theme; Target/object placement needs manual review"
"Plant Growth","2014","Compendium.dnd5e.spells.Item.YWtwzp6ZnQJMEmVW","spells/3rd-level/plant-growth.yml","Overgrowth","area","100 ft radius / 0.5 mi radius","review","Base area likely exceeds the 120-cell visual limit"
"Poison Spray","2014","Compendium.dnd5e.spells.Item.g2u9PYfqWQAyg9OI","spells/cantrip/poison-spray.yml","","damage","","unmatched","No suitable supported visual theme"
"Polymorph","2014","Compendium.dnd5e.spells.Item.04nMsTWkIFvkbXlY","spells/4th-level/polymorph.yml","","caster","","unmatched","No suitable supported visual theme; Target/object placement needs manual review"
"Power Word Kill","2014","Compendium.dnd5e.spells.Item.dmvaMLFWFtv0qx0S","spells/9th-level/power-word-kill.yml","","caster","","unmatched","No suitable supported visual theme; Target/object placement needs manual review"
"Power Word Stun","2014","Compendium.dnd5e.spells.Item.35j2QIMmIk6aEdxj","spells/8th-level/power-word-stun.yml","","caster","","unmatched","No suitable supported visual theme; Target/object placement needs manual review"
"Prayer of Healing","2014","Compendium.dnd5e.spells.Item.MOEmz9N0j0QPkKEE","spells/2nd-level/prayer-of-healing.yml","","caster","","unmatched","No suitable supported visual theme; Target/object placement needs manual review"
"Prestidigitation","2014","Compendium.dnd5e.spells.Item.udsLtG0BugXHR2JQ","spells/cantrip/prestidigitation.yml","","caster","","unmatched","No suitable supported visual theme; Target/object placement needs manual review"
"Prismatic Spray","2014","Compendium.dnd5e.spells.Item.eGMhwmuleAM46C6L","spells/7th-level/prismatic-spray.yml","","area","60 ft cone","unmatched","Mixed damage types: fire, acid, electricity, poison, cold"
"Prismatic Wall","2014","Compendium.dnd5e.spells.Item.jmfu8zj4zjjzUbeh","spells/9th-level/prismatic-wall.yml","","area","90 × 1 × 30 ft wall / 15 ft sphere","unmatched","Mixed damage types: fire, acid, electricity, poison, cold; Unsupported template type: wall"
"Private Sanctum","2014","Compendium.dnd5e.spells.Item.NJgxf7pmSsBArIG7","spells/4th-level/private-sanctum.yml","","area","100 ft cube","unmatched","No suitable supported visual theme; Base area likely exceeds the 120-cell visual limit"
"Produce Flame","2014","Compendium.dnd5e.spells.Item.eCPQuQkIabFKTl9u","spells/cantrip/produce-flame.yml","Fire","damage","","enabled","Single fire damage type"
"Programmed Illusion","2014","Compendium.dnd5e.spells.Item.bA2sk9eMKBeY7EPD","spells/6th-level/programmed-illusion.yml","","area","30 ft cube","unmatched","No suitable supported visual theme; Variable or open-ended duration requires review"
"Project Image","2014","Compendium.dnd5e.spells.Item.ePhRKHXRE7l1sEoQ","spells/7th-level/project-image.yml","","caster","","unmatched","No suitable supported visual theme; Target/object placement needs manual review"
"Protection from Energy","2014","Compendium.dnd5e.spells.Item.j8NtLXOOJ3GAKF8I","spells/3rd-level/protection-from-energy.yml","","caster","","unmatched","No suitable supported visual theme; Target/object placement needs manual review"
"Protection from Evil and Good","2014","Compendium.dnd5e.spells.Item.xmDBqZhRVrtLP8h2","spells/1st-level/protection-from-evil-and-good.yml","","caster","","unmatched","No suitable supported visual theme; Target/object placement needs manual review"
"Protection from Poison","2014","Compendium.dnd5e.spells.Item.MAxM77CDUu8dgIRQ","spells/2nd-level/protection-from-poison.yml","","caster","","unmatched","No suitable supported visual theme; Target/object placement needs manual review"
"Purify Food and Drink","2014","Compendium.dnd5e.spells.Item.Kn7K5PtYUJAKZTTp","spells/1st-level/purify-food-and-drink.yml","","area","5 ft sphere","unmatched","No suitable supported visual theme"
"Raise Dead","2014","Compendium.dnd5e.spells.Item.AGFMPAmuzwWO6Dfz","spells/5th-level/raise-dead.yml","","caster","","unmatched","No suitable supported visual theme; Target/object placement needs manual review"
"Ray of Enfeeblement","2014","Compendium.dnd5e.spells.Item.ODhLKBxLnvvLOnw1","spells/2nd-level/ray-of-enfeeblement.yml","","caster","","unmatched","No suitable supported visual theme; Target/object placement needs manual review"
"Ray of Frost","2014","Compendium.dnd5e.spells.Item.ctW81uiX56xZR2c5","spells/cantrip/ray-of-frost.yml","Frost","damage","","enabled","Single cold damage type"
"Regenerate","2014","Compendium.dnd5e.spells.Item.9kGrFXnLiRg3Xnbo","spells/7th-level/regenerate.yml","","caster","","unmatched","No suitable supported visual theme; Target/object placement needs manual review"
"Reincarnate","2014","Compendium.dnd5e.spells.Item.zMEo5DKK8uxsuWnq","spells/5th-level/reincarnate.yml","","caster","","unmatched","No suitable supported visual theme; Target/object placement needs manual review"
"Remove Curse","2014","Compendium.dnd5e.spells.Item.XZhdgVK3cLoxNCQl","spells/3rd-level/remove-curse.yml","","caster","","unmatched","No suitable supported visual theme; Target/object placement needs manual review"
"Resilient Sphere","2014","Compendium.dnd5e.spells.Item.1ADstb0Xec6HHRcU","spells/4th-level/resilient-sphere.yml","","caster","","unmatched","No suitable supported visual theme; Target/object placement needs manual review"
"Resistance","2014","Compendium.dnd5e.spells.Item.dl8YwvMboBqX2OC4","spells/cantrip/resistance.yml","","caster","","unmatched","No suitable supported visual theme; Target/object placement needs manual review"
"Resurrection","2014","Compendium.dnd5e.spells.Item.jhhT9PsHy5A7EojO","spells/7th-level/resurrection.yml","","caster","","unmatched","No suitable supported visual theme; Target/object placement needs manual review"
"Reverse Gravity","2014","Compendium.dnd5e.spells.Item.ERCv7yuRkQ0YjGx6","spells/7th-level/reverse-gravity.yml","","area","50 × 100 ft cylinder","unmatched","No suitable supported visual theme; Concentration expiration is not linked to cleanup; Base area likely exceeds the 120-cell visual limit"
"Revivify","2014","Compendium.dnd5e.spells.Item.LmRHHMtplpxr9fX6","spells/3rd-level/revivify.yml","","caster","","unmatched","No suitable supported visual theme; Target/object placement needs manual review"
"Rope Trick","2014","Compendium.dnd5e.spells.Item.ap4dmtshjEbwU3Ts","spells/2nd-level/rope-trick.yml","","caster","","unmatched","No suitable supported visual theme; Target/object placement needs manual review"
"Sacred Flame","2014","Compendium.dnd5e.spells.Item.n9pJzTDsAwQxJVRl","spells/cantrip/sacred-flame.yml","Holy Light","damage","","enabled","Single radiant damage type"
"Sanctuary","2014","Compendium.dnd5e.spells.Item.gvdA9nPuWLck4tBl","spells/1st-level/sanctuary.yml","","caster","","unmatched","No suitable supported visual theme; Target/object placement needs manual review"
"Scorching Ray","2014","Compendium.dnd5e.spells.Item.7u2obDvuvtZBkTfq","spells/2nd-level/scorching-ray.yml","Fire","damage","","enabled","Single fire damage type"
"Scrying","2014","Compendium.dnd5e.spells.Item.fVbCxFRaORalHB20","spells/5th-level/scrying.yml","","caster","","unmatched","No suitable supported visual theme; Target/object placement needs manual review"
"Secret Chest","2014","Compendium.dnd5e.spells.Item.8sgwRh8NUNkn9Vi0","spells/4th-level/secret-chest.yml","","caster","","unmatched","No suitable supported visual theme; Target/object placement needs manual review"
"See Invisibility","2014","Compendium.dnd5e.spells.Item.DQzlB5Y3k791W5bH","spells/2nd-level/see-invisibility.yml","","caster","","unmatched","No suitable supported visual theme; Target/object placement needs manual review"
"Seeming","2014","Compendium.dnd5e.spells.Item.mbFw57uyfLkyiw5k","spells/5th-level/seeming.yml","","caster","","unmatched","No suitable supported visual theme; Target/object placement needs manual review"
"Sending","2014","Compendium.dnd5e.spells.Item.GtGjNjPBgUHxGYAD","spells/3rd-level/sending.yml","","caster","","unmatched","No suitable supported visual theme; Target/object placement needs manual review"
"Sequester","2014","Compendium.dnd5e.spells.Item.wvLbtemkH8gyBpdc","spells/7th-level/sequester.yml","","caster","","unmatched","No suitable supported visual theme; Target/object placement needs manual review; Variable or open-ended duration requires review"
"Shapechange","2014","Compendium.dnd5e.spells.Item.N2UEFq8X5LRsLcOZ","spells/9th-level/shapechange.yml","","caster","","unmatched","No suitable supported visual theme; Target/object placement needs manual review"
"Shatter","2014","Compendium.dnd5e.spells.Item.wJKpSvSTbSkTjqyb","spells/2nd-level/shatter.yml","","area","10 ft sphere","unmatched","No suitable supported visual theme"
"Shield","2014","Compendium.dnd5e.spells.Item.z1mx84ONwkXKUZd7","spells/1st-level/shield.yml","","caster","","unmatched","No suitable supported visual theme; Target/object placement needs manual review"
"Shield of Faith","2014","Compendium.dnd5e.spells.Item.jZ6JNykRtdQ90MOo","spells/1st-level/shield-of-faith.yml","","caster","","unmatched","No suitable supported visual theme; Target/object placement needs manual review"
"Shillelagh","2014","Compendium.dnd5e.spells.Item.VzgFzcmocr1X1cp4","spells/cantrip/shillelagh.yml","","caster","","unmatched","No suitable supported visual theme; Target/object placement needs manual review"
"Shocking Grasp","2014","Compendium.dnd5e.spells.Item.XvbiNhNqXXIFisIy","spells/cantrip/shocking-grasp.yml","Lightning Field","damage","","enabled","Single electricity damage type"
"Silence","2014","Compendium.dnd5e.spells.Item.5VhqFROQYjr1P9lp","spells/2nd-level/silence.yml","","area","20 ft sphere","unmatched","No suitable supported visual theme; Concentration expiration is not linked to cleanup"
"Silent Image","2014","Compendium.dnd5e.spells.Item.BrBZdCCrJRIVg7YX","spells/1st-level/silent-image.yml","","area","15 ft cube","unmatched","No suitable supported visual theme; Concentration expiration is not linked to cleanup"
"Simulacrum","2014","Compendium.dnd5e.spells.Item.jccbeBIfLrqEZnDP","spells/7th-level/simulacrum.yml","","caster","","unmatched","No suitable supported visual theme; Target/object placement needs manual review; Variable or open-ended duration requires review"
"Sleep","2014","Compendium.dnd5e.spells.Item.KhwiSi9fwVfUPtku","spells/1st-level/sleep.yml","","area","20 ft sphere","unmatched","No suitable supported visual theme"
"Sleet Storm","2014","Compendium.dnd5e.spells.Item.dhqBY4TvVjxVmOZd","spells/3rd-level/sleet-storm.yml","","area","40 ft cylinder","unmatched","No suitable supported visual theme; Concentration expiration is not linked to cleanup; Base area likely exceeds the 120-cell visual limit"
"Slow","2014","Compendium.dnd5e.spells.Item.yqUDoxk4x0NWG5Bz","spells/3rd-level/slow.yml","","area","40 ft cube","unmatched","No suitable supported visual theme; Concentration expiration is not linked to cleanup"
"Spare the Dying","2014","Compendium.dnd5e.spells.Item.8zT7njvqbpXs4Cel","spells/cantrip/spare-the-dying.yml","","caster","","unmatched","No suitable supported visual theme; Target/object placement needs manual review"
"Speak with Animals","2014","Compendium.dnd5e.spells.Item.aL1F8fvYLtNzUbKu","spells/1st-level/speak-with-animals.yml","","caster","","unmatched","No suitable supported visual theme; Target/object placement needs manual review"
"Speak with Dead","2014","Compendium.dnd5e.spells.Item.I2LUSF5ogc7Bj62e","spells/3rd-level/speak-with-dead.yml","","caster","","unmatched","No suitable supported visual theme; Target/object placement needs manual review"
"Speak with Plants","2014","Compendium.dnd5e.spells.Item.2VXGS206tuChoeXy","spells/3rd-level/speak-with-plants.yml","","area","30 ft radius","unmatched","No suitable supported visual theme"
"Spider Climb","2014","Compendium.dnd5e.spells.Item.KJRVzeMQXPj8Gtyx","spells/2nd-level/spider-climb.yml","","caster","","unmatched","No suitable supported visual theme; Target/object placement needs manual review"
"Spike Growth","2014","Compendium.dnd5e.spells.Item.9gYGkrL6qFTsE6fw","spells/2nd-level/spike-growth.yml","Spikes","area","20 ft radius","review","Concentration expiration is not linked to cleanup"
"Spirit Guardians","2014","Compendium.dnd5e.spells.Item.uCud2s4TjMfjiXUb","spells/3rd-level/spirit-guardians.yml","","area","15 ft radius","unmatched","Mixed damage types: radiant, necrotic; Concentration expiration is not linked to cleanup"
"Spiritual Weapon","2014","Compendium.dnd5e.spells.Item.JbxsYXxSOTZbf9I0","spells/2nd-level/spiritual-weapon.yml","","area","5 ft square","unmatched","No suitable supported visual theme"
"Stinking Cloud","2014","Compendium.dnd5e.spells.Item.TwlD4PLcltv7Xh7j","spells/3rd-level/stinking-cloud.yml","Haze","area","20 ft sphere","review","Concentration expiration is not linked to cleanup"
"Stone Shape","2014","Compendium.dnd5e.spells.Item.QvGcdRUSNRKEQJlK","spells/4th-level/stone-shape.yml","","caster","","unmatched","No suitable supported visual theme; Target/object placement needs manual review"
"Stoneskin","2014","Compendium.dnd5e.spells.Item.ReMbjfeOKoSj3O79","spells/4th-level/stoneskin.yml","","caster","","unmatched","No suitable supported visual theme; Target/object placement needs manual review"
"Storm of Vengeance","2014","Compendium.dnd5e.spells.Item.7KjExw0kmuqERa7C","spells/9th-level/storm-of-vengeance.yml","","area","360 ft radius","unmatched","Mixed damage types: thunder, acid, electricity, bludgeoning, cold; Concentration expiration is not linked to cleanup; Base area likely exceeds the 120-cell visual limit"
"Suggestion","2014","Compendium.dnd5e.spells.Item.zMAWdyc8UVb37BK4","spells/2nd-level/suggestion.yml","","caster","","unmatched","No suitable supported visual theme; Target/object placement needs manual review"
"Sunbeam","2014","Compendium.dnd5e.spells.Item.2RC0EyvBLPH88PZF","spells/6th-level/sunbeam.yml","Holy Light","area","60 ft line / 60 × 5 ft line","review","Concentration expiration is not linked to cleanup"
"Sunburst","2014","Compendium.dnd5e.spells.Item.hzK7FQya0BDjSmLE","spells/8th-level/sunburst.yml","Holy Light","area","60 ft radius","review","Base area likely exceeds the 120-cell visual limit"
"Symbol","2014","Compendium.dnd5e.spells.Item.B2kbmgbA2WQR00kx","spells/7th-level/symbol.yml","Unholy Light","area","60 ft sphere","review","Variable or open-ended duration requires review; Base area likely exceeds the 120-cell visual limit"
"Telekinesis","2014","Compendium.dnd5e.spells.Item.HQfd7jJyULIoGxrZ","spells/5th-level/telekinesis.yml","","caster","","unmatched","No suitable supported visual theme; Target/object placement needs manual review"
"Telepathic Bond","2014","Compendium.dnd5e.spells.Item.uAwtVZkiSTyP6ORB","spells/5th-level/telepathic-bond.yml","","caster","","unmatched","No suitable supported visual theme; Target/object placement needs manual review"
"Teleport","2014","Compendium.dnd5e.spells.Item.L4J89JXqbKs6puEV","spells/7th-level/teleport.yml","","damage","","unmatched","No suitable supported visual theme"
"Teleportation Circle","2014","Compendium.dnd5e.spells.Item.8aWtP5hcrmcEesBW","spells/5th-level/teleportation-circle.yml","Magic Circle","area","5 ft radius","enabled","Curated teleportation-circle visual theme"
"Thaumaturgy","2014","Compendium.dnd5e.spells.Item.MUO1uYN7JR1hm4dR","spells/cantrip/thaumaturgy.yml","","caster","","unmatched","No suitable supported visual theme; Target/object placement needs manual review"
"Thunderwave","2014","Compendium.dnd5e.spells.Item.WTbOQBsarsL1LuXJ","spells/1st-level/thunderwave.yml","","area","15 ft cube","unmatched","No suitable supported visual theme"
"Time Stop","2014","Compendium.dnd5e.spells.Item.JYuRBwxpoFhXduvD","spells/9th-level/time-stop.yml","","caster","","unmatched","No suitable supported visual theme; Target/object placement needs manual review"
"Tiny Hut","2014","Compendium.dnd5e.spells.Item.NXWWWgHtWb7Nv21F","spells/3rd-level/tiny-hut.yml","","area","10 ft radius","unmatched","No suitable supported visual theme"
"Tongues","2014","Compendium.dnd5e.spells.Item.gopnZvS0c2jD5FP8","spells/3rd-level/tongues.yml","","caster","","unmatched","No suitable supported visual theme; Target/object placement needs manual review"
"Transport via Plants","2014","Compendium.dnd5e.spells.Item.s7nXgot5gGZVcMrv","spells/6th-level/transport-via-plants.yml","","caster","","unmatched","No suitable supported visual theme; Target/object placement needs manual review"
"Tree Stride","2014","Compendium.dnd5e.spells.Item.DUBgwHPakcLDkB6W","spells/5th-level/tree-stride.yml","","caster","","unmatched","No suitable supported visual theme; Target/object placement needs manual review"
"True Polymorph","2014","Compendium.dnd5e.spells.Item.QbQZKoXOgHWN06aa","spells/9th-level/true-polymorph.yml","","caster","","unmatched","No suitable supported visual theme; Target/object placement needs manual review"
"True Resurrection","2014","Compendium.dnd5e.spells.Item.qLeEXZDbW5y4bmLY","spells/9th-level/true-resurrection.yml","","caster","","unmatched","No suitable supported visual theme; Target/object placement needs manual review"
"True Seeing","2014","Compendium.dnd5e.spells.Item.XzkJpE6XpZfKjODD","spells/6th-level/true-seeing.yml","","caster","","unmatched","No suitable supported visual theme; Target/object placement needs manual review"
"True Strike","2014","Compendium.dnd5e.spells.Item.mGGlcLdggHwcL7MG","spells/cantrip/true-strike.yml","","caster","","unmatched","No suitable supported visual theme; Target/object placement needs manual review"
"Unseen Servant","2014","Compendium.dnd5e.spells.Item.ccduLIvutyNqvkgv","spells/1st-level/unseen-servant.yml","","caster","","unmatched","No suitable supported visual theme; Target/object placement needs manual review"
"Vampiric Touch","2014","Compendium.dnd5e.spells.Item.UfHQhA54M4323gVO","spells/3rd-level/vampiric-touch.yml","Unholy Light","damage","","enabled","Single necrotic damage type"
"Vicious Mockery","2014","Compendium.dnd5e.spells.Item.cdrYKaFi98YWaBMw","spells/cantrip/vicious-mockery.yml","","damage","","unmatched","No suitable supported visual theme"
"Wall of Fire","2014","Compendium.dnd5e.spells.Item.X3DrXgxjwI2dvkD6","spells/4th-level/wall-of-fire.yml","Fire","area","60 × 1 × 20 ft wall / Variable ft wall / 10 × 1 × 20 ft ring","review","Concentration expiration is not linked to cleanup; Unsupported template type: wall; Variable or unsupported template dimensions require review; Unsupported template type: ring"
"Wall of Force","2014","Compendium.dnd5e.spells.Item.o9ZCvuD2B1OTcubb","spells/5th-level/wall-of-force.yml","Force Barrier","area","10 × 10 × 0.02 × 10 ft wall / 10 ft sphere","review","Preset contains unsupported document types for this trigger; Concentration expiration is not linked to cleanup; Unsupported template type: wall"
"Wall of Ice","2014","Compendium.dnd5e.spells.Item.fzZnVKLmBMo2f5up","spells/6th-level/wall-of-ice.yml","Frost","area","10 × 10 × 1 × 10 ft wall / 10 ft sphere","review","Concentration expiration is not linked to cleanup; Unsupported template type: wall"
"Wall of Stone","2014","Compendium.dnd5e.spells.Item.NmoRmM1mhuM3pqnY","spells/5th-level/wall-of-stone.yml","","area","10 × 6 × 10 ft wall / 10 × 10 × 3 × 20 ft wall","unmatched","No suitable supported visual theme; Concentration expiration is not linked to cleanup; Unsupported template type: wall; Unsupported template type: wall"
"Wall of Thorns","2014","Compendium.dnd5e.spells.Item.AQsBc94ES7W7s7iG","spells/6th-level/wall-of-thorns.yml","","area","60 × 5 × 10 ft wall / 10 × 5 × 20 ft ring","unmatched","Mixed damage types: piercing, slashing; Concentration expiration is not linked to cleanup; Unsupported template type: wall; Unsupported template type: ring"
"Warding Bond","2014","Compendium.dnd5e.spells.Item.JVhKeanAXZH62DrF","spells/2nd-level/warding-bond.yml","","caster","","unmatched","No suitable supported visual theme; Target/object placement needs manual review"
"Water Breathing","2014","Compendium.dnd5e.spells.Item.13uVuBQP6VaiSPvC","spells/3rd-level/water-breathing.yml","","caster","","unmatched","No suitable supported visual theme; Target/object placement needs manual review"
"Water Walk","2014","Compendium.dnd5e.spells.Item.YBda6nLKjxdT1LbS","spells/3rd-level/water-walk.yml","","caster","","unmatched","No suitable supported visual theme; Target/object placement needs manual review"
"Web","2014","Compendium.dnd5e.spells.Item.UJJu9c2UvCzVljiP","spells/2nd-level/web.yml","Spiderweb","area","20 ft cube","review","Concentration expiration is not linked to cleanup"
"Weird","2014","Compendium.dnd5e.spells.Item.Wl2vtJ4hCt2tpWfR","spells/9th-level/weird.yml","","area","30 ft sphere","unmatched","No suitable supported visual theme; Concentration expiration is not linked to cleanup"
"Wind Walk","2014","Compendium.dnd5e.spells.Item.8PJAsHmbu6UgDHC0","spells/6th-level/wind-walk.yml","","caster","","unmatched","No suitable supported visual theme; Target/object placement needs manual review"
"Wind Wall","2014","Compendium.dnd5e.spells.Item.ew6GA8dJy2spQmFW","spells/3rd-level/wind-wall.yml","","area","50 × 1 × 15 ft wall","unmatched","No suitable supported visual theme; Concentration expiration is not linked to cleanup; Unsupported template type: wall"
"Wish","2014","Compendium.dnd5e.spells.Item.3okM6Gn63zzEULkz","spells/9th-level/wish.yml","","caster","","unmatched","No suitable supported visual theme; Target/object placement needs manual review"
"Word of Recall","2014","Compendium.dnd5e.spells.Item.76C0FdcxlU8F9Rl2","spells/6th-level/word-of-recall.yml","","caster","","unmatched","No suitable supported visual theme; Target/object placement needs manual review"
"Zone of Truth","2014","Compendium.dnd5e.spells.Item.CylBa7jR8DSbo8Z3","spells/2nd-level/zone-of-truth.yml","","area","15 ft sphere","unmatched","No suitable supported visual theme"
"Acid Arrow","2024","Compendium.dnd5e.spells24.Item.phbsplMelfsAcidA","spells24/2nd-level/acid-arrow.yml","Acid","damage","","enabled","Single acid damage type"
"Acid Splash","2024","Compendium.dnd5e.spells24.Item.phbsplAcidSplash","spells24/cantrips/acid-splash.yml","Acid","area","5 ft sphere","enabled","Single acid damage type"
"Aid","2024","Compendium.dnd5e.spells24.Item.phbsplAid0000000","spells24/2nd-level/aid.yml","","caster","","unmatched","No suitable supported visual theme; Target/object placement needs manual review"
"Alarm","2024","Compendium.dnd5e.spells24.Item.phbsplAlarm00000","spells24/1st-level/alarm.yml","","area","20 ft cube / 5 ft cube","unmatched","No suitable supported visual theme"
"Alter Self","2024","Compendium.dnd5e.spells24.Item.phbsplAlterSelf0","spells24/2nd-level/alter-self.yml","","damage","","unmatched","Mixed damage types: slashing, piercing, bludgeoning"
"Animal Friendship","2024","Compendium.dnd5e.spells24.Item.phbsplAnimalFrie","spells24/1st-level/animal-friendship.yml","","caster","","unmatched","No suitable supported visual theme; Target/object placement needs manual review"
"Animal Messenger","2024","Compendium.dnd5e.spells24.Item.phbsplAnimalMess","spells24/2nd-level/animal-messenger.yml","","caster","","unmatched","No suitable supported visual theme; Target/object placement needs manual review; Variable or open-ended duration requires review"
"Animal Shapes","2024","Compendium.dnd5e.spells24.Item.phbsplAnimalShap","spells24/8th-level/animal-shapes.yml","","caster","","unmatched","No suitable supported visual theme; Target/object placement needs manual review"
"Animate Dead","2024","Compendium.dnd5e.spells24.Item.phbsplAnimateDea","spells24/3rd-level/animate-dead.yml","","caster","","unmatched","No suitable supported visual theme; Target/object placement needs manual review"
"Animate Objects","2024","Compendium.dnd5e.spells24.Item.phbsplAnimateObj","spells24/5th-level/animate-objects.yml","","caster","","unmatched","No suitable supported visual theme; Target/object placement needs manual review"
"Antilife Shell","2024","Compendium.dnd5e.spells24.Item.phbsplAntilifeSh","spells24/5th-level/antilife-shell.yml","","area","10 ft radius","unmatched","No suitable supported visual theme; Concentration expiration is not linked to cleanup"
"Antimagic Field","2024","Compendium.dnd5e.spells24.Item.phbsplAntimagicF","spells24/8th-level/antimagic-field.yml","","area","10 ft radius","unmatched","No suitable supported visual theme; Concentration expiration is not linked to cleanup"
"Antipathy/Sympathy","2024","Compendium.dnd5e.spells24.Item.phbsplAntipathyS","spells24/8th-level/antipathy-sympathy.yml","","caster","","unmatched","No suitable supported visual theme; Target/object placement needs manual review"
"Arcane Eye","2024","Compendium.dnd5e.spells24.Item.phbsplArcaneEye0","spells24/4th-level/arcane-eye.yml","","caster","","unmatched","No suitable supported visual theme; Target/object placement needs manual review"
"Arcane Hand","2024","Compendium.dnd5e.spells24.Item.phbsplBigbysHand","spells24/5th-level/arcane-hand.yml","","caster","","unmatched","No suitable supported visual theme; Target/object placement needs manual review"
"Arcane Lock","2024","Compendium.dnd5e.spells24.Item.phbsplArcaneLock","spells24/2nd-level/arcane-lock.yml","","caster","","unmatched","No suitable supported visual theme; Target/object placement needs manual review; Variable or open-ended duration requires review"
"Arcane Sword","2024","Compendium.dnd5e.spells24.Item.phbswdMordenkain","spells24/7th-level/arcane-sword.yml","","caster","","unmatched","No suitable supported visual theme; Target/object placement needs manual review"
"Arcane Vigor","2024","Compendium.dnd5e.spells24.Item.phbsplArcaneVigo","spells24/2nd-level/arcane-vigor.yml","","caster","","unmatched","No suitable supported visual theme; Target/object placement needs manual review"
"Arcanist's Magic Aura","2024","Compendium.dnd5e.spells24.Item.phbsplNystulsMag","spells24/2nd-level/arcanists-magic-aura.yml","","caster","","unmatched","No suitable supported visual theme; Target/object placement needs manual review"
"Astral Projection","2024","Compendium.dnd5e.spells24.Item.phbsplAstralProj","spells24/9th-level/astral-projection.yml","","caster","","unmatched","No suitable supported visual theme; Target/object placement needs manual review; Variable or open-ended duration requires review"
"Augury","2024","Compendium.dnd5e.spells24.Item.phbsplAugury0000","spells24/2nd-level/augury.yml","","caster","","unmatched","No suitable supported visual theme; Target/object placement needs manual review"
"Aura of Life","2024","Compendium.dnd5e.spells24.Item.phbsplAuraofLife","spells24/4th-level/aura-of-life.yml","","area","30 ft radius","unmatched","No suitable supported visual theme; Concentration expiration is not linked to cleanup"
"Awaken","2024","Compendium.dnd5e.spells24.Item.phbsplAwaken0000","spells24/5th-level/awaken.yml","","caster","","unmatched","No suitable supported visual theme; Target/object placement needs manual review"
"Bane","2024","Compendium.dnd5e.spells24.Item.phbsplBane000000","spells24/1st-level/bane.yml","","caster","","unmatched","No suitable supported visual theme; Target/object placement needs manual review"
"Banishment","2024","Compendium.dnd5e.spells24.Item.phbsplBanishment","spells24/4th-level/banishment.yml","","caster","","unmatched","No suitable supported visual theme; Target/object placement needs manual review"
"Barkskin","2024","Compendium.dnd5e.spells24.Item.phbsplBarkskin00","spells24/2nd-level/barkskin.yml","","caster","","unmatched","No suitable supported visual theme; Target/object placement needs manual review"
"Beacon of Hope","2024","Compendium.dnd5e.spells24.Item.phbsplBeaconofHo","spells24/3rd-level/beacon-of-hope.yml","","caster","","unmatched","No suitable supported visual theme; Target/object placement needs manual review"
"Befuddlement","2024","Compendium.dnd5e.spells24.Item.phbsplBefuddleme","spells24/8th-level/befuddlement.yml","","damage","","unmatched","No suitable supported visual theme"
"Bestow Curse","2024","Compendium.dnd5e.spells24.Item.phbsplBestowCurs","spells24/3rd-level/bestow-curse.yml","Unholy Light","damage","","enabled","Single necrotic damage type"
"Black Tentacles","2024","Compendium.dnd5e.spells24.Item.phbsplEvardsBlac","spells24/4th-level/black-tentacles.yml","","area","20 ft square","unmatched","No suitable supported visual theme; Concentration expiration is not linked to cleanup"
"Blade Barrier","2024","Compendium.dnd5e.spells24.Item.phbsplBladeBarri","spells24/6th-level/blade-barrier.yml","","area","100 × 5 × 20 ft wall / 30 × 5 × 20 ft ring","unmatched","No suitable supported visual theme; Concentration expiration is not linked to cleanup; Unsupported template type: wall; Unsupported template type: ring"
"Bless","2024","Compendium.dnd5e.spells24.Item.phbsplBless00000","spells24/1st-level/bless.yml","","caster","","unmatched","No suitable supported visual theme; Target/object placement needs manual review"
"Blight","2024","Compendium.dnd5e.spells24.Item.phbsplBlight0000","spells24/4th-level/blight.yml","Unholy Light","damage","","enabled","Single necrotic damage type"
"Blindness/Deafness","2024","Compendium.dnd5e.spells24.Item.phbsplBlindnessD","spells24/2nd-level/blindness-deafness.yml","","caster","","unmatched","No suitable supported visual theme; Target/object placement needs manual review"
"Blink","2024","Compendium.dnd5e.spells24.Item.phbsplBlink00000","spells24/3rd-level/blink.yml","","caster","","unmatched","No suitable supported visual theme; Target/object placement needs manual review"
"Blur","2024","Compendium.dnd5e.spells24.Item.phbsplBlur000000","spells24/2nd-level/blur.yml","","caster","","unmatched","No suitable supported visual theme; Target/object placement needs manual review"
"Burning Hands","2024","Compendium.dnd5e.spells24.Item.phbsplBurningHan","spells24/1st-level/burning-hands.yml","Fire","area","15 ft cone","enabled","Single fire damage type"
"Call Lightning","2024","Compendium.dnd5e.spells24.Item.phbsplCallLightn","spells24/3rd-level/call-lightning.yml","Lightning Field","area","60 ft cylinder","review","Concentration expiration is not linked to cleanup; Base area likely exceeds the 120-cell visual limit"
"Calm Emotions","2024","Compendium.dnd5e.spells24.Item.phbsplCalmEmotio","spells24/2nd-level/calm-emotions.yml","","area","20 ft sphere","unmatched","No suitable supported visual theme; Concentration expiration is not linked to cleanup"
"Chain Lightning","2024","Compendium.dnd5e.spells24.Item.phbsplChainLight","spells24/6th-level/chain-lightning.yml","Lightning Field","damage","","enabled","Single electricity damage type"
"Charm Monster","2024","Compendium.dnd5e.spells24.Item.phbsplCharmMonst","spells24/4th-level/charm-monster.yml","","caster","","unmatched","No suitable supported visual theme; Target/object placement needs manual review"
"Charm Person","2024","Compendium.dnd5e.spells24.Item.phbsplCharmPerso","spells24/1st-level/charm-person.yml","","caster","","unmatched","No suitable supported visual theme; Target/object placement needs manual review"
"Chill Touch","2024","Compendium.dnd5e.spells24.Item.phbsplChillTouch","spells24/cantrips/chill-touch.yml","Unholy Light","damage","","enabled","Single necrotic damage type"
"Chromatic Orb","2024","Compendium.dnd5e.spells24.Item.phbsplChromaticO","spells24/1st-level/chromatic-orb.yml","","damage","","unmatched","Mixed damage types: acid, cold, fire, electricity, poison, thunder"
"Circle of Death","2024","Compendium.dnd5e.spells24.Item.phbsplCircleofDe","spells24/6th-level/circle-of-death.yml","Unholy Light","area","60 ft sphere","review","Base area likely exceeds the 120-cell visual limit"
"Clairvoyance","2024","Compendium.dnd5e.spells24.Item.phbsplClairvoyan","spells24/3rd-level/clairvoyance.yml","","caster","","unmatched","No suitable supported visual theme; Target/object placement needs manual review"
"Clone","2024","Compendium.dnd5e.spells24.Item.phbsplClone00000","spells24/8th-level/clone.yml","","caster","","unmatched","No suitable supported visual theme; Target/object placement needs manual review"
"Cloudkill","2024","Compendium.dnd5e.spells24.Item.phbsplCloudkill0","spells24/5th-level/cloudkill.yml","Haze","area","20 ft sphere","review","Concentration expiration is not linked to cleanup"
"Color Spray","2024","Compendium.dnd5e.spells24.Item.phbsplColorSpray","spells24/1st-level/color-spray.yml","","area","15 ft cone","unmatched","No suitable supported visual theme"
"Command","2024","Compendium.dnd5e.spells24.Item.phbsplCommand000","spells24/1st-level/command.yml","","caster","","unmatched","No suitable supported visual theme; Target/object placement needs manual review"
"Commune","2024","Compendium.dnd5e.spells24.Item.phbsplCommune000","spells24/5th-level/commune.yml","","caster","","unmatched","No suitable supported visual theme; Target/object placement needs manual review"
"Commune with Nature","2024","Compendium.dnd5e.spells24.Item.phbsplCommunewit","spells24/5th-level/commune-with-nature.yml","","caster","","unmatched","No suitable supported visual theme; Target/object placement needs manual review"
"Comprehend Languages","2024","Compendium.dnd5e.spells24.Item.phbsplComprehend","spells24/1st-level/comprehend-languages.yml","","caster","","unmatched","No suitable supported visual theme; Target/object placement needs manual review"
"Compulsion","2024","Compendium.dnd5e.spells24.Item.phbsplCompulsion","spells24/4th-level/compulsion.yml","","caster","","unmatched","No suitable supported visual theme; Target/object placement needs manual review"
"Cone of Cold","2024","Compendium.dnd5e.spells24.Item.phbsplConeofCold","spells24/5th-level/cone-of-cold.yml","Frost","area","60 ft cone","enabled","Single cold damage type"
"Confusion","2024","Compendium.dnd5e.spells24.Item.phbsplConfusion0","spells24/4th-level/confusion.yml","","area","@item.level * 5 - 10 ft sphere","unmatched","No suitable supported visual theme; Concentration expiration is not linked to cleanup; Variable or unsupported template dimensions require review"
"Conjure Animals","2024","Compendium.dnd5e.spells24.Item.phbsplConjureAni","spells24/3rd-level/conjure-animals.yml","","damage","","unmatched","No suitable supported visual theme"
"Conjure Celestial","2024","Compendium.dnd5e.spells24.Item.phbsplConjureCel","spells24/7th-level/conjure-celestial.yml","Holy Light","area","10 × 40 ft cylinder","review","Concentration expiration is not linked to cleanup"
"Conjure Elemental","2024","Compendium.dnd5e.spells24.Item.phbsplConjureEle","spells24/5th-level/conjure-elemental.yml","","caster","","unmatched","No suitable supported visual theme; Target/object placement needs manual review"
"Conjure Fey","2024","Compendium.dnd5e.spells24.Item.phbsplConjureFey","spells24/6th-level/conjure-fey.yml","","caster","","unmatched","No suitable supported visual theme; Target/object placement needs manual review"
"Conjure Minor Elementals","2024","Compendium.dnd5e.spells24.Item.phbsplConjureMin","spells24/4th-level/conjure-minor-elementals.yml","","area","15 ft radius","unmatched","Mixed damage types: acid, cold, fire, electricity; Concentration expiration is not linked to cleanup"
"Conjure Woodland Beings","2024","Compendium.dnd5e.spells24.Item.phbsplConjureWoo","spells24/4th-level/conjure-woodland-beings.yml","","area","10 ft radius","unmatched","No suitable supported visual theme; Concentration expiration is not linked to cleanup"
"Contact Other Plane","2024","Compendium.dnd5e.spells24.Item.phbsplContactOth","spells24/5th-level/contact-other-plane.yml","","damage","","unmatched","No suitable supported visual theme"
"Contagion","2024","Compendium.dnd5e.spells24.Item.phbsplContagion0","spells24/5th-level/contagion.yml","Unholy Light","damage","","enabled","Single necrotic damage type"
"Contingency","2024","Compendium.dnd5e.spells24.Item.phbsplContingenc","spells24/6th-level/contingency.yml","","caster","","unmatched","No suitable supported visual theme; Target/object placement needs manual review"
"Continual Flame","2024","Compendium.dnd5e.spells24.Item.phbsplContinualF","spells24/2nd-level/continual-flame.yml","","caster","","unmatched","No suitable supported visual theme; Target/object placement needs manual review; Variable or open-ended duration requires review"
"Control Water","2024","Compendium.dnd5e.spells24.Item.phbsplControlWat","spells24/4th-level/control-water.yml","Flooding","area","100 ft cube / 25 × -25 ft cylinder","review","Concentration expiration is not linked to cleanup; Base area likely exceeds the 120-cell visual limit"
"Control Weather","2024","Compendium.dnd5e.spells24.Item.phbsplControlWea","spells24/8th-level/control-weather.yml","","caster","","unmatched","No suitable supported visual theme; Target/object placement needs manual review"
"Counterspell","2024","Compendium.dnd5e.spells24.Item.phbsplCounterspe","spells24/3rd-level/counterspell.yml","","caster","","unmatched","No suitable supported visual theme; Target/object placement needs manual review"
"Create Food and Water","2024","Compendium.dnd5e.spells24.Item.phbsplCreateFood","spells24/3rd-level/create-food-and-water.yml","","caster","","unmatched","No suitable supported visual theme; Target/object placement needs manual review"
"Create or Destroy Water","2024","Compendium.dnd5e.spells24.Item.phbsplCreateorDe","spells24/1st-level/create-or-destroy-water.yml","Flooding","area","25 + 5 * @item.level ft cube","review","Variable or unsupported template dimensions require review"
"Create Undead","2024","Compendium.dnd5e.spells24.Item.phbsplCreateUnde","spells24/6th-level/create-undead.yml","","caster","","unmatched","No suitable supported visual theme; Target/object placement needs manual review"
"Creation","2024","Compendium.dnd5e.spells24.Item.phbsplCreation00","spells24/5th-level/creation.yml","","area","5 * @item.level - 20 ft cube","unmatched","No suitable supported visual theme; Variable or open-ended duration requires review; Variable or unsupported template dimensions require review"
"Cure Wounds","2024","Compendium.dnd5e.spells24.Item.phbsplCureWounds","spells24/1st-level/cure-wounds.yml","","caster","","unmatched","No suitable supported visual theme; Target/object placement needs manual review"
"Dancing Lights","2024","Compendium.dnd5e.spells24.Item.phbsplDancingLig","spells24/cantrips/dancing-lights.yml","","caster","","unmatched","No suitable supported visual theme; Target/object placement needs manual review"
"Darkness","2024","Compendium.dnd5e.spells24.Item.phbsplDarkness00","spells24/2nd-level/darkness.yml","Haze (Deathly)","area","15 ft sphere","review","Concentration expiration is not linked to cleanup"
"Darkvision","2024","Compendium.dnd5e.spells24.Item.phbsplDarkvision","spells24/2nd-level/darkvision.yml","","caster","","unmatched","No suitable supported visual theme; Target/object placement needs manual review"
"Daylight","2024","Compendium.dnd5e.spells24.Item.phbsplDaylight00","spells24/3rd-level/daylight.yml","","area","60 ft sphere","unmatched","No suitable supported visual theme; Base area likely exceeds the 120-cell visual limit"
"Death Ward","2024","Compendium.dnd5e.spells24.Item.phbsplDeathWard0","spells24/4th-level/death-ward.yml","","caster","","unmatched","No suitable supported visual theme; Target/object placement needs manual review"
"Delayed Blast Fireball","2024","Compendium.dnd5e.spells24.Item.phbsplDelayedBla","spells24/7th-level/delayed-blast-fireball.yml","Fire","area","1 ft sphere / 20 ft sphere","review","Concentration expiration is not linked to cleanup"
"Demiplane","2024","Compendium.dnd5e.spells24.Item.phbsplDemiplane0","spells24/8th-level/demiplane.yml","","area","5 × 1 × 5 ft wall","unmatched","No suitable supported visual theme; Unsupported template type: wall"
"Detect Evil and Good","2024","Compendium.dnd5e.spells24.Item.phbsplDetectEvil","spells24/1st-level/detect-evil-and-good.yml","","area","30 ft radius","unmatched","No suitable supported visual theme; Concentration expiration is not linked to cleanup"
"Detect Magic","2024","Compendium.dnd5e.spells24.Item.phbsplDetectMagi","spells24/1st-level/detect-magic.yml","","area","30 ft radius","unmatched","No suitable supported visual theme; Concentration expiration is not linked to cleanup"
"Detect Poison and Disease","2024","Compendium.dnd5e.spells24.Item.phbsplDetectPois","spells24/1st-level/detect-poison-and-disease.yml","","area","30 ft radius","unmatched","No suitable supported visual theme; Concentration expiration is not linked to cleanup"
"Detect Thoughts","2024","Compendium.dnd5e.spells24.Item.phbsplDetectThou","spells24/2nd-level/detect-thoughts.yml","","area","30 ft radius","unmatched","No suitable supported visual theme; Concentration expiration is not linked to cleanup"
"Dimension Door","2024","Compendium.dnd5e.spells24.Item.phbsplDimensionD","spells24/4th-level/dimension-door.yml","","damage","","unmatched","No suitable supported visual theme"
"Disguise Self","2024","Compendium.dnd5e.spells24.Item.phbsplDisguiseSe","spells24/1st-level/disguise-self.yml","","caster","","unmatched","No suitable supported visual theme; Target/object placement needs manual review"
"Disintegrate","2024","Compendium.dnd5e.spells24.Item.phbsplDisintegra","spells24/6th-level/disintegrate.yml","","damage","","unmatched","No suitable supported visual theme"
"Dispel Evil and Good","2024","Compendium.dnd5e.spells24.Item.phbsplDispelEvil","spells24/5th-level/dispel-evil-and-good.yml","","caster","","unmatched","No suitable supported visual theme; Target/object placement needs manual review"
"Dispel Magic","2024","Compendium.dnd5e.spells24.Item.phbsplDispelMagi","spells24/3rd-level/dispel-magic.yml","","caster","","unmatched","No suitable supported visual theme; Target/object placement needs manual review"
"Dissonant Whispers","2024","Compendium.dnd5e.spells24.Item.phbsplDissonantW","spells24/1st-level/dissonant-whispers.yml","","damage","","unmatched","No suitable supported visual theme"
"Divination","2024","Compendium.dnd5e.spells24.Item.phbsplDivination","spells24/4th-level/divination.yml","","caster","","unmatched","No suitable supported visual theme; Target/object placement needs manual review"
"Divine Favor","2024","Compendium.dnd5e.spells24.Item.phbsplDivineFavo","spells24/1st-level/divine-favor.yml","","caster","","unmatched","No suitable supported visual theme; Target/object placement needs manual review"
"Divine Smite","2024","Compendium.dnd5e.spells24.Item.phbsplDivineSmit","spells24/1st-level/divine-smite.yml","Holy Light","damage","","enabled","Single radiant damage type"
"Divine Word","2024","Compendium.dnd5e.spells24.Item.phbsplDivineWord","spells24/7th-level/divine-word.yml","","caster","","unmatched","No suitable supported visual theme; Target/object placement needs manual review"
"Dominate Beast","2024","Compendium.dnd5e.spells24.Item.phbsplDominateBe","spells24/4th-level/dominate-beast.yml","","caster","","unmatched","No suitable supported visual theme; Target/object placement needs manual review"
"Dominate Monster","2024","Compendium.dnd5e.spells24.Item.phbsplDominateMo","spells24/8th-level/dominate-monster.yml","","caster","","unmatched","No suitable supported visual theme; Target/object placement needs manual review; Variable or open-ended duration requires review"
"Dominate Person","2024","Compendium.dnd5e.spells24.Item.phbsplDominatePe","spells24/5th-level/dominate-person.yml","","caster","","unmatched","No suitable supported visual theme; Target/object placement needs manual review"
"Dragon's Breath","2024","Compendium.dnd5e.spells24.Item.phbsplDragonsBre","spells24/2nd-level/dragons-breath.yml","","area","15 ft cone","unmatched","Mixed damage types: acid, cold, fire, electricity, poison; Concentration expiration is not linked to cleanup"
"Dream","2024","Compendium.dnd5e.spells24.Item.phbsplDream00000","spells24/5th-level/dream.yml","","damage","","unmatched","No suitable supported visual theme"
"Druidcraft","2024","Compendium.dnd5e.spells24.Item.phbsplDruidcraft","spells24/cantrips/druidcraft.yml","","area","5 ft cube","unmatched","No suitable supported visual theme"
"Earthquake","2024","Compendium.dnd5e.spells24.Item.phbsplEarthquake","spells24/8th-level/earthquake.yml","Earthquake","area","100 ft circle / 200 × 10 ft line","review","Concentration expiration is not linked to cleanup; Base area likely exceeds the 120-cell visual limit"
"Eldritch Blast","2024","Compendium.dnd5e.spells24.Item.phbsplEldritchBl","spells24/cantrips/eldritch-blast.yml","","damage","","unmatched","No suitable supported visual theme"
"Elementalism","2024","Compendium.dnd5e.spells24.Item.phbsplElementali","spells24/cantrips/elementalism.yml","","area","5 ft cube / 1 ft cube","unmatched","No suitable supported visual theme"
"Enhance Ability","2024","Compendium.dnd5e.spells24.Item.phbsplEnhanceAbi","spells24/2nd-level/enhance-ability.yml","","caster","","unmatched","No suitable supported visual theme; Target/object placement needs manual review"
"Enlarge/Reduce","2024","Compendium.dnd5e.spells24.Item.phbsplEnlargeRed","spells24/2nd-level/enlarge-reduce.yml","","caster","","unmatched","No suitable supported visual theme; Target/object placement needs manual review"
"Ensnaring Strike","2024","Compendium.dnd5e.spells24.Item.phbsplEnsnaringS","spells24/1st-level/ensnaring-strike.yml","","damage","","unmatched","No suitable supported visual theme"
"Entangle","2024","Compendium.dnd5e.spells24.Item.phbsplEntangle00","spells24/1st-level/entangle.yml","Overgrowth","area","20 ft cube","review","Concentration expiration is not linked to cleanup"
"Enthrall","2024","Compendium.dnd5e.spells24.Item.phbsplEnthrall00","spells24/2nd-level/enthrall.yml","","caster","","unmatched","No suitable supported visual theme; Target/object placement needs manual review"
"Etherealness","2024","Compendium.dnd5e.spells24.Item.phbsplEtherealne","spells24/7th-level/etherealness.yml","","caster","","unmatched","No suitable supported visual theme; Target/object placement needs manual review"
"Expeditious Retreat","2024","Compendium.dnd5e.spells24.Item.phbsplExpeditiou","spells24/1st-level/expeditious-retreat.yml","","caster","","unmatched","No suitable supported visual theme; Target/object placement needs manual review"
"Eyebite","2024","Compendium.dnd5e.spells24.Item.phbsplEyebite000","spells24/6th-level/eyebite.yml","","caster","","unmatched","No suitable supported visual theme; Target/object placement needs manual review"
"Fabricate","2024","Compendium.dnd5e.spells24.Item.phbsplFabricate0","spells24/4th-level/fabricate.yml","","caster","","unmatched","No suitable supported visual theme; Target/object placement needs manual review"
"Faerie Fire","2024","Compendium.dnd5e.spells24.Item.phbsplFaerieFire","spells24/1st-level/faerie-fire.yml","","area","20 ft cube","unmatched","No suitable supported visual theme; Concentration expiration is not linked to cleanup"
"Faithful Hound","2024","Compendium.dnd5e.spells24.Item.phbFaithfulHound","spells24/4th-level/faithful-hound.yml","","caster","","unmatched","No suitable supported visual theme; Target/object placement needs manual review"
"False Life","2024","Compendium.dnd5e.spells24.Item.phbsplFalseLife0","spells24/1st-level/false-life.yml","","caster","","unmatched","No suitable supported visual theme; Target/object placement needs manual review"
"Fear","2024","Compendium.dnd5e.spells24.Item.phbsplFear000000","spells24/3rd-level/fear.yml","","area","30 ft cone","unmatched","No suitable supported visual theme; Concentration expiration is not linked to cleanup"
"Feather Fall","2024","Compendium.dnd5e.spells24.Item.phbsplFeatherFal","spells24/1st-level/feather-fall.yml","","caster","","unmatched","No suitable supported visual theme; Target/object placement needs manual review"
"Find Familiar","2024","Compendium.dnd5e.spells24.Item.phbsplFindFamili","spells24/1st-level/find-familiar.yml","","caster","","unmatched","No suitable supported visual theme; Target/object placement needs manual review"
"Find Steed","2024","Compendium.dnd5e.spells24.Item.phbsplFindSteed0","spells24/2nd-level/find-steed.yml","","caster","","unmatched","No suitable supported visual theme; Target/object placement needs manual review"
"Find the Path","2024","Compendium.dnd5e.spells24.Item.phbsplFindthePat","spells24/6th-level/find-the-path.yml","","caster","","unmatched","No suitable supported visual theme; Target/object placement needs manual review"
"Find Traps","2024","Compendium.dnd5e.spells24.Item.phbsplFindTraps0","spells24/2nd-level/find-traps.yml","","caster","","unmatched","No suitable supported visual theme; Target/object placement needs manual review"
"Finger of Death","2024","Compendium.dnd5e.spells24.Item.phbsplFingerofDe","spells24/7th-level/finger-of-death.yml","Unholy Light","damage","","enabled","Single necrotic damage type"
"Fire Bolt","2024","Compendium.dnd5e.spells24.Item.phbsplFireBolt00","spells24/cantrips/fire-bolt.yml","Fire","damage","","enabled","Single fire damage type"
"Fire Shield","2024","Compendium.dnd5e.spells24.Item.phbsplFireShield","spells24/4th-level/fire-shield.yml","","caster","","unmatched","No suitable supported visual theme; Target/object placement needs manual review"
"Fire Storm","2024","Compendium.dnd5e.spells24.Item.phbsplFireStorm0","spells24/7th-level/fire-storm.yml","Fire","area","10 × 10 ft cube","enabled","Single fire damage type"
"Fireball","2024","Compendium.dnd5e.spells24.Item.phbsplFireball00","spells24/3rd-level/fireball.yml","Fire","area","20 ft sphere","enabled","Single fire damage type"
"Flame Blade","2024","Compendium.dnd5e.spells24.Item.phbsplFlameBlade","spells24/2nd-level/flame-blade.yml","Fire","damage","","enabled","Single fire damage type"
"Flame Strike","2024","Compendium.dnd5e.spells24.Item.phbsplFlameStrik","spells24/5th-level/flame-strike.yml","","area","10 × 40 ft cylinder","unmatched","Mixed damage types: fire, radiant"
"Flaming Sphere","2024","Compendium.dnd5e.spells24.Item.phbsplFlamingSph","spells24/2nd-level/flaming-sphere.yml","Fire","damage","","enabled","Single fire damage type"
"Flesh to Stone","2024","Compendium.dnd5e.spells24.Item.phbsplFleshtoSto","spells24/6th-level/flesh-to-stone.yml","","caster","","unmatched","No suitable supported visual theme; Target/object placement needs manual review"
"Floating Disk","2024","Compendium.dnd5e.spells24.Item.phbsplTensersFlo","spells24/1st-level/floating-disk.yml","","caster","","unmatched","No suitable supported visual theme; Target/object placement needs manual review"
"Fly","2024","Compendium.dnd5e.spells24.Item.phbsplFly0000000","spells24/3rd-level/fly.yml","","caster","","unmatched","No suitable supported visual theme; Target/object placement needs manual review"
"Fog Cloud","2024","Compendium.dnd5e.spells24.Item.phbsplFogCloud00","spells24/1st-level/fog-cloud.yml","Smoke","area","20 * @item.level ft sphere","review","Concentration expiration is not linked to cleanup; Variable or unsupported template dimensions require review"
"Forbiddance","2024","Compendium.dnd5e.spells24.Item.phbsplForbiddanc","spells24/6th-level/forbiddance.yml","","damage","","unmatched","Mixed damage types: radiant, necrotic"
"Forcecage","2024","Compendium.dnd5e.spells24.Item.phbsplForcecage0","spells24/7th-level/forcecage.yml","","area","20 ft cube / 10 ft cube","unmatched","No suitable supported visual theme; Concentration expiration is not linked to cleanup"
"Foresight","2024","Compendium.dnd5e.spells24.Item.phbsplForesight0","spells24/9th-level/foresight.yml","","caster","","unmatched","No suitable supported visual theme; Target/object placement needs manual review"
"Freedom of Movement","2024","Compendium.dnd5e.spells24.Item.phbsplFreedomofM","spells24/4th-level/freedom-of-movement.yml","","caster","","unmatched","No suitable supported visual theme; Target/object placement needs manual review"
"Freezing Sphere","2024","Compendium.dnd5e.spells24.Item.phbsplOtilukesFr","spells24/6th-level/freezing-sphere.yml","","area","60 ft sphere / 30 ft square","unmatched","No suitable supported visual theme; Base area likely exceeds the 120-cell visual limit"
"Gaseous Form","2024","Compendium.dnd5e.spells24.Item.phbsplGaseousFor","spells24/3rd-level/gaseous-form.yml","","caster","","unmatched","No suitable supported visual theme; Target/object placement needs manual review"
"Gate","2024","Compendium.dnd5e.spells24.Item.phbsplGate000000","spells24/9th-level/gate.yml","Portal","area","5 × 1 × 5 ft wall / 20 × 1 × 20 ft wall / 5 × 1 × 5 ft circle / 20 × 1 × 5 ft circle","review","Concentration expiration is not linked to cleanup; Unsupported template type: wall; Unsupported template type: wall"
"Geas","2024","Compendium.dnd5e.spells24.Item.phbsplGeas000000","spells24/5th-level/geas.yml","","damage","","unmatched","No suitable supported visual theme"
"Gentle Repose","2024","Compendium.dnd5e.spells24.Item.phbsplGentleRepo","spells24/2nd-level/gentle-repose.yml","","caster","","unmatched","No suitable supported visual theme; Target/object placement needs manual review"
"Giant Insect","2024","Compendium.dnd5e.spells24.Item.phbsplGiantInsec","spells24/4th-level/giant-insect.yml","","caster","","unmatched","No suitable supported visual theme; Target/object placement needs manual review"
"Glibness","2024","Compendium.dnd5e.spells24.Item.phbsplGlibness00","spells24/8th-level/glibness.yml","","caster","","unmatched","No suitable supported visual theme; Target/object placement needs manual review"
"Globe of Invulnerability","2024","Compendium.dnd5e.spells24.Item.phbsplGlobeofInv","spells24/6th-level/globe-of-invulnerability.yml","","area","10 ft radius","unmatched","No suitable supported visual theme; Concentration expiration is not linked to cleanup"
"Glyph of Warding","2024","Compendium.dnd5e.spells24.Item.phbsplGlyphofWar","spells24/3rd-level/glyph-of-warding.yml","","damage","","unmatched","Mixed damage types: acid, cold, fire, electricity, thunder; Variable or open-ended duration requires review"
"Goodberry","2024","Compendium.dnd5e.spells24.Item.phbsplGoodberry0","spells24/1st-level/goodberry.yml","","caster","","unmatched","No suitable supported visual theme; Target/object placement needs manual review"
"Grease","2024","Compendium.dnd5e.spells24.Item.phbsplGrease0000","spells24/1st-level/grease.yml","Grease","area","10 ft square","enabled","Curated grease visual theme"
"Greater Invisibility","2024","Compendium.dnd5e.spells24.Item.phbsplGreaterInv","spells24/4th-level/greater-invisibility.yml","","caster","","unmatched","No suitable supported visual theme; Target/object placement needs manual review"
"Greater Restoration","2024","Compendium.dnd5e.spells24.Item.phbsplGreaterRes","spells24/5th-level/greater-restoration.yml","","caster","","unmatched","No suitable supported visual theme; Target/object placement needs manual review"
"Guardian of Faith","2024","Compendium.dnd5e.spells24.Item.phbsplGuardianof","spells24/4th-level/guardian-of-faith.yml","Holy Light","damage","","enabled","Single radiant damage type"
"Guards and Wards","2024","Compendium.dnd5e.spells24.Item.phbsplGuardsandW","spells24/6th-level/guards-and-wards.yml","","area","50 ft square","unmatched","No suitable supported visual theme"
"Guidance","2024","Compendium.dnd5e.spells24.Item.phbsplGuidance00","spells24/cantrips/guidance.yml","","caster","","unmatched","No suitable supported visual theme; Target/object placement needs manual review"
"Guiding Bolt","2024","Compendium.dnd5e.spells24.Item.phbsplGuidingBol","spells24/1st-level/guiding-bolt.yml","Holy Light","damage","","enabled","Single radiant damage type"
"Gust of Wind","2024","Compendium.dnd5e.spells24.Item.phbsplGustofWind","spells24/2nd-level/gust-of-wind.yml","","area","60 × 10 ft line","unmatched","No suitable supported visual theme; Concentration expiration is not linked to cleanup"
"Hallow","2024","Compendium.dnd5e.spells24.Item.phbsplHallow0000","spells24/5th-level/hallow.yml","","area","60 ft radius","unmatched","No suitable supported visual theme; Variable or open-ended duration requires review; Base area likely exceeds the 120-cell visual limit"
"Hallucinatory Terrain","2024","Compendium.dnd5e.spells24.Item.phbsplHallucinat","spells24/4th-level/hallucinatory-terrain.yml","","area","150 ft cube","unmatched","No suitable supported visual theme; Base area likely exceeds the 120-cell visual limit"
"Harm","2024","Compendium.dnd5e.spells24.Item.phbsplHarm000000","spells24/6th-level/harm.yml","Unholy Light","damage","","enabled","Single necrotic damage type"
"Haste","2024","Compendium.dnd5e.spells24.Item.phbsplHaste00000","spells24/3rd-level/haste.yml","","caster","","unmatched","No suitable supported visual theme; Target/object placement needs manual review"
"Heal","2024","Compendium.dnd5e.spells24.Item.phbsplHeal000000","spells24/6th-level/heal.yml","","caster","","unmatched","No suitable supported visual theme; Target/object placement needs manual review"
"Healing Word","2024","Compendium.dnd5e.spells24.Item.phbsplHealingWor","spells24/1st-level/healing-word.yml","","caster","","unmatched","No suitable supported visual theme; Target/object placement needs manual review"
"Heat Metal","2024","Compendium.dnd5e.spells24.Item.phbsplHeatMetal0","spells24/2nd-level/heat-metal.yml","Fire","damage","","enabled","Single fire damage type"
"Hellish Rebuke","2024","Compendium.dnd5e.spells24.Item.phbsplHellishReb","spells24/1st-level/hellish-rebuke.yml","Fire","damage","","enabled","Single fire damage type"
"Heroes' Feast","2024","Compendium.dnd5e.spells24.Item.phbsplHeroesFeas","spells24/6th-level/heroes-feast.yml","","area","10 ft cube","unmatched","No suitable supported visual theme"
"Heroism","2024","Compendium.dnd5e.spells24.Item.phbsplHeroism000","spells24/1st-level/heroism.yml","","caster","","unmatched","No suitable supported visual theme; Target/object placement needs manual review"
"Hex","2024","Compendium.dnd5e.spells24.Item.phbsplHex0000000","spells24/1st-level/hex.yml","Unholy Light","damage","","enabled","Single necrotic damage type"
"Hideous Laughter","2024","Compendium.dnd5e.spells24.Item.phbsplTashasHide","spells24/1st-level/hideous-laughter.yml","","caster","","unmatched","No suitable supported visual theme; Target/object placement needs manual review"
"Hold Monster","2024","Compendium.dnd5e.spells24.Item.phbsplHoldMonste","spells24/5th-level/hold-monster.yml","","caster","","unmatched","No suitable supported visual theme; Target/object placement needs manual review"
"Hold Person","2024","Compendium.dnd5e.spells24.Item.phbsplHoldPerson","spells24/2nd-level/hold-person.yml","","caster","","unmatched","No suitable supported visual theme; Target/object placement needs manual review"
"Holy Aura","2024","Compendium.dnd5e.spells24.Item.phbsplHolyAura00","spells24/8th-level/holy-aura.yml","","area","30 ft radius","unmatched","No suitable supported visual theme; Concentration expiration is not linked to cleanup"
"Hunter's Mark","2024","Compendium.dnd5e.spells24.Item.phbsplHuntersMar","spells24/1st-level/hunters-mark.yml","","damage","","unmatched","No suitable supported visual theme"
"Hypnotic Pattern","2024","Compendium.dnd5e.spells24.Item.phbsplHypnoticPa","spells24/3rd-level/hypnotic-pattern.yml","","area","30 ft cube","unmatched","No suitable supported visual theme; Concentration expiration is not linked to cleanup"
"Ice Knife","2024","Compendium.dnd5e.spells24.Item.phbsplIceKnife00","spells24/1st-level/ice-knife.yml","Frost","area","5 ft radius","review","Mixed damage types: piercing, cold"
"Ice Storm","2024","Compendium.dnd5e.spells24.Item.phbsplIceStorm00","spells24/4th-level/ice-storm.yml","Frost","area","20 ft cylinder","review","Mixed damage types: bludgeoning, cold"
"Identify","2024","Compendium.dnd5e.spells24.Item.phbsplIdentify00","spells24/1st-level/identify.yml","","caster","","unmatched","No suitable supported visual theme; Target/object placement needs manual review"
"Illusory Script","2024","Compendium.dnd5e.spells24.Item.phbsplIllusorySc","spells24/1st-level/illusory-script.yml","","caster","","unmatched","No suitable supported visual theme; Target/object placement needs manual review"
"Imprisonment","2024","Compendium.dnd5e.spells24.Item.phbsplImprisonme","spells24/9th-level/imprisonment.yml","","caster","","unmatched","No suitable supported visual theme; Target/object placement needs manual review; Variable or open-ended duration requires review"
"Incendiary Cloud","2024","Compendium.dnd5e.spells24.Item.phbsplIncendiary","spells24/8th-level/incendiary-cloud.yml","Fire","area","20 ft sphere","review","Concentration expiration is not linked to cleanup"
"Inflict Wounds","2024","Compendium.dnd5e.spells24.Item.phbsplInflictWou","spells24/1st-level/inflict-wounds.yml","Unholy Light","damage","","enabled","Single necrotic damage type"
"Insect Plague","2024","Compendium.dnd5e.spells24.Item.phbsplInsectPlag","spells24/5th-level/insect-plague.yml","","area","20 ft sphere","unmatched","No suitable supported visual theme; Concentration expiration is not linked to cleanup"
"Instant Summons","2024","Compendium.dnd5e.spells24.Item.phbsplDrawmijsIn","spells24/6th-level/instant-summons.yml","","caster","","unmatched","No suitable supported visual theme; Target/object placement needs manual review; Variable or open-ended duration requires review"
"Invisibility","2024","Compendium.dnd5e.spells24.Item.phbsplInvisibili","spells24/2nd-level/invisibility.yml","","caster","","unmatched","No suitable supported visual theme; Target/object placement needs manual review"
"Irresistible Dance","2024","Compendium.dnd5e.spells24.Item.phbsplOttosIrres","spells24/6th-level/irresistible-dance.yml","","caster","","unmatched","No suitable supported visual theme; Target/object placement needs manual review"
"Jump","2024","Compendium.dnd5e.spells24.Item.phbsplJump000000","spells24/1st-level/jump.yml","","caster","","unmatched","No suitable supported visual theme; Target/object placement needs manual review"
"Knock","2024","Compendium.dnd5e.spells24.Item.phbsplKnock00000","spells24/2nd-level/knock.yml","","caster","","unmatched","No suitable supported visual theme; Target/object placement needs manual review"
"Legend Lore","2024","Compendium.dnd5e.spells24.Item.phbsplLegendLore","spells24/5th-level/legend-lore.yml","","caster","","unmatched","No suitable supported visual theme; Target/object placement needs manual review"
"Lesser Restoration","2024","Compendium.dnd5e.spells24.Item.phbsplLesserRest","spells24/2nd-level/lesser-restoration.yml","","caster","","unmatched","No suitable supported visual theme; Target/object placement needs manual review"
"Levitate","2024","Compendium.dnd5e.spells24.Item.phbsplLevitate00","spells24/2nd-level/levitate.yml","","caster","","unmatched","No suitable supported visual theme; Target/object placement needs manual review"
"Light","2024","Compendium.dnd5e.spells24.Item.phbsplLight00000","spells24/cantrips/light.yml","Magic Light","caster","","review","Target/object placement needs manual review"
"Lightning Bolt","2024","Compendium.dnd5e.spells24.Item.phbsplLightningB","spells24/3rd-level/lightning-bolt.yml","Lightning Field","area","100 × 5 ft line","enabled","Single electricity damage type"
"Locate Animals or Plants","2024","Compendium.dnd5e.spells24.Item.phbsplLocateAnim","spells24/2nd-level/locate-animals-or-plants.yml","","caster","","unmatched","No suitable supported visual theme; Target/object placement needs manual review"
"Locate Creature","2024","Compendium.dnd5e.spells24.Item.phbsplLocateCrea","spells24/4th-level/locate-creature.yml","","caster","","unmatched","No suitable supported visual theme; Target/object placement needs manual review"
"Locate Object","2024","Compendium.dnd5e.spells24.Item.phbsplLocateObje","spells24/2nd-level/locate-object.yml","","caster","","unmatched","No suitable supported visual theme; Target/object placement needs manual review"
"Longstrider","2024","Compendium.dnd5e.spells24.Item.phbsplLongstride","spells24/1st-level/longstrider.yml","","caster","","unmatched","No suitable supported visual theme; Target/object placement needs manual review"
"Mage Armor","2024","Compendium.dnd5e.spells24.Item.phbsplMageArmor0","spells24/1st-level/mage-armor.yml","","caster","","unmatched","No suitable supported visual theme; Target/object placement needs manual review"
"Mage Hand","2024","Compendium.dnd5e.spells24.Item.phbsplMageHand00","spells24/cantrips/mage-hand.yml","","caster","","unmatched","No suitable supported visual theme; Target/object placement needs manual review"
"Magic Circle","2024","Compendium.dnd5e.spells24.Item.phbsplMagicCircl","spells24/3rd-level/magic-circle.yml","Magic Circle","area","10 ft cylinder","review","Variable or open-ended duration requires review"
"Magic Jar","2024","Compendium.dnd5e.spells24.Item.phbsplMagicJar00","spells24/6th-level/magic-jar.yml","","caster","","unmatched","No suitable supported visual theme; Target/object placement needs manual review; Variable or open-ended duration requires review"
"Magic Missile","2024","Compendium.dnd5e.spells24.Item.phbsplMagicMissi","spells24/1st-level/magic-missile.yml","","damage","","unmatched","No suitable supported visual theme"
"Magic Mouth","2024","Compendium.dnd5e.spells24.Item.phbsplMagicMouth","spells24/2nd-level/magic-mouth.yml","","caster","","unmatched","No suitable supported visual theme; Target/object placement needs manual review; Variable or open-ended duration requires review"
"Magic Weapon","2024","Compendium.dnd5e.spells24.Item.phbsplMagicWeapo","spells24/2nd-level/magic-weapon.yml","","caster","","unmatched","No suitable supported visual theme; Target/object placement needs manual review"
"Magnificent Mansion","2024","Compendium.dnd5e.spells24.Item.phbMagnificentMa","spells24/7th-level/magnificent-mansion.yml","","area","5 × 1 × 10 ft wall","unmatched","No suitable supported visual theme; Unsupported template type: wall"
"Major Image","2024","Compendium.dnd5e.spells24.Item.phbsplMajorImage","spells24/3rd-level/major-image.yml","","caster","","unmatched","No suitable supported visual theme; Target/object placement needs manual review"
"Mass Cure Wounds","2024","Compendium.dnd5e.spells24.Item.phbsplMassCureWo","spells24/5th-level/mass-cure-wounds.yml","","area","30 ft sphere","unmatched","No suitable supported visual theme"
"Mass Heal","2024","Compendium.dnd5e.spells24.Item.phbsplMassHeal00","spells24/9th-level/mass-heal.yml","","caster","","unmatched","No suitable supported visual theme; Target/object placement needs manual review"
"Mass Healing Word","2024","Compendium.dnd5e.spells24.Item.phbsplMassHealin","spells24/3rd-level/mass-healing-word.yml","","caster","","unmatched","No suitable supported visual theme; Target/object placement needs manual review"
"Mass Suggestion","2024","Compendium.dnd5e.spells24.Item.phbsplMassSugges","spells24/6th-level/mass-suggestion.yml","","caster","","unmatched","No suitable supported visual theme; Target/object placement needs manual review"
"Maze","2024","Compendium.dnd5e.spells24.Item.phbsplMaze000000","spells24/8th-level/maze.yml","","caster","","unmatched","No suitable supported visual theme; Target/object placement needs manual review"
"Meld into Stone","2024","Compendium.dnd5e.spells24.Item.phbsplMeldintoSt","spells24/3rd-level/meld-into-stone.yml","","damage","","unmatched","No suitable supported visual theme"
"Mending","2024","Compendium.dnd5e.spells24.Item.phbsplMending000","spells24/cantrips/mending.yml","","caster","","unmatched","No suitable supported visual theme; Target/object placement needs manual review"
"Message","2024","Compendium.dnd5e.spells24.Item.phbsplMessage000","spells24/cantrips/message.yml","","caster","","unmatched","No suitable supported visual theme; Target/object placement needs manual review"
"Meteor Swarm","2024","Compendium.dnd5e.spells24.Item.phbsplMeteorSwar","spells24/9th-level/meteor-swarm.yml","Fire","area","4 × 40 ft sphere","review","Mixed damage types: fire, bludgeoning; Base area likely exceeds the 120-cell visual limit"
"Mind Blank","2024","Compendium.dnd5e.spells24.Item.phbsplMindBlank0","spells24/8th-level/mind-blank.yml","","caster","","unmatched","No suitable supported visual theme; Target/object placement needs manual review"
"Mind Spike","2024","Compendium.dnd5e.spells24.Item.phbsplMindSpike0","spells24/2nd-level/mind-spike.yml","","damage","","unmatched","No suitable supported visual theme"
"Minor Illusion","2024","Compendium.dnd5e.spells24.Item.phbsplMinorIllus","spells24/cantrips/minor-illusion.yml","","caster","","unmatched","No suitable supported visual theme; Target/object placement needs manual review"
"Mirage Arcane","2024","Compendium.dnd5e.spells24.Item.phbsplMirageArca","spells24/7th-level/mirage-arcane.yml","","caster","","unmatched","No suitable supported visual theme; Target/object placement needs manual review"
"Mirror Image","2024","Compendium.dnd5e.spells24.Item.phbsplMirrorImag","spells24/2nd-level/mirror-image.yml","","caster","","unmatched","No suitable supported visual theme; Target/object placement needs manual review"
"Mislead","2024","Compendium.dnd5e.spells24.Item.phbsplMislead000","spells24/5th-level/mislead.yml","","caster","","unmatched","No suitable supported visual theme; Target/object placement needs manual review"
"Misty Step","2024","Compendium.dnd5e.spells24.Item.phbsplMistyStep0","spells24/2nd-level/misty-step.yml","","caster","","unmatched","No suitable supported visual theme; Target/object placement needs manual review"
"Modify Memory","2024","Compendium.dnd5e.spells24.Item.phbsplModifyMemo","spells24/5th-level/modify-memory.yml","","caster","","unmatched","No suitable supported visual theme; Target/object placement needs manual review"
"Moonbeam","2024","Compendium.dnd5e.spells24.Item.phbsplMoonbeam00","spells24/2nd-level/moonbeam.yml","Holy Light","area","5 ft cylinder","review","Concentration expiration is not linked to cleanup"
"Move Earth","2024","Compendium.dnd5e.spells24.Item.phbsplMoveEarth0","spells24/6th-level/move-earth.yml","","area","40 ft square","unmatched","No suitable supported visual theme; Concentration expiration is not linked to cleanup"
"Nondetection","2024","Compendium.dnd5e.spells24.Item.phbsplNondetecti","spells24/3rd-level/nondetection.yml","","caster","","unmatched","No suitable supported visual theme; Target/object placement needs manual review"
"Pass without Trace","2024","Compendium.dnd5e.spells24.Item.phbsplPasswithou","spells24/2nd-level/pass-without-trace.yml","","caster","","unmatched","No suitable supported visual theme; Target/object placement needs manual review"
"Passwall","2024","Compendium.dnd5e.spells24.Item.phbsplPasswall00","spells24/5th-level/passwall.yml","","area","20 × 5 ft line","unmatched","No suitable supported visual theme"
"Phantasmal Force","2024","Compendium.dnd5e.spells24.Item.phbPhantasmalFor","spells24/2nd-level/phantasmal-force.yml","","area","10 ft cube","unmatched","No suitable supported visual theme; Concentration expiration is not linked to cleanup"
"Phantasmal Killer","2024","Compendium.dnd5e.spells24.Item.phbsplPhantasmal","spells24/4th-level/phantasmal-killer.yml","","damage","","unmatched","No suitable supported visual theme"
"Phantom Steed","2024","Compendium.dnd5e.spells24.Item.phbsplPhantomSte","spells24/3rd-level/phantom-steed.yml","","caster","","unmatched","No suitable supported visual theme; Target/object placement needs manual review"
"Planar Ally","2024","Compendium.dnd5e.spells24.Item.phbsplPlanarAlly","spells24/6th-level/planar-ally.yml","","area","5 ft circle","unmatched","No suitable supported visual theme"
"Planar Binding","2024","Compendium.dnd5e.spells24.Item.phbsplPlanarBind","spells24/5th-level/planar-binding.yml","","caster","","unmatched","No suitable supported visual theme; Target/object placement needs manual review"
"Plane Shift","2024","Compendium.dnd5e.spells24.Item.phbsplPlaneShift","spells24/7th-level/plane-shift.yml","","caster","","unmatched","No suitable supported visual theme; Target/object placement needs manual review"
"Plant Growth","2024","Compendium.dnd5e.spells24.Item.phbsplPlantGrowt","spells24/3rd-level/plant-growth.yml","Overgrowth","area","100 ft sphere","review","Base area likely exceeds the 120-cell visual limit"
"Poison Spray","2024","Compendium.dnd5e.spells24.Item.phbsplPoisonSpra","spells24/cantrips/poison-spray.yml","","damage","","unmatched","No suitable supported visual theme"
"Polymorph","2024","Compendium.dnd5e.spells24.Item.phbsplPolymorph0","spells24/4th-level/polymorph.yml","","caster","","unmatched","No suitable supported visual theme; Target/object placement needs manual review"
"Power Word Heal","2024","Compendium.dnd5e.spells24.Item.phbsplPowerWordH","spells24/9th-level/power-word-heal.yml","","caster","","unmatched","No suitable supported visual theme; Target/object placement needs manual review"
"Power Word Kill","2024","Compendium.dnd5e.spells24.Item.phbsplPowerWordK","spells24/9th-level/power-word-kill.yml","","damage","","unmatched","No suitable supported visual theme"
"Power Word Stun","2024","Compendium.dnd5e.spells24.Item.phbsplPowerWordS","spells24/8th-level/power-word-stun.yml","","caster","","unmatched","No suitable supported visual theme; Target/object placement needs manual review"
"Prayer of Healing","2024","Compendium.dnd5e.spells24.Item.phbsplPrayerofHe","spells24/2nd-level/prayer-of-healing.yml","","caster","","unmatched","No suitable supported visual theme; Target/object placement needs manual review"
"Prestidigitation","2024","Compendium.dnd5e.spells24.Item.phbsplPrestidigi","spells24/cantrips/prestidigitation.yml","","caster","","unmatched","No suitable supported visual theme; Target/object placement needs manual review"
"Prismatic Spray","2024","Compendium.dnd5e.spells24.Item.phbsplPrismaticS","spells24/7th-level/prismatic-spray.yml","","area","60 ft cone","unmatched","Mixed damage types: acid, cold, fire, electricity, poison"
"Prismatic Wall","2024","Compendium.dnd5e.spells24.Item.phbsplPrismaticW","spells24/9th-level/prismatic-wall.yml","","area","90 × 1/12 × 30 ft wall / 15 × 1/12 × 30 ft sphere","unmatched","Mixed damage types: acid, fire, electricity, poison, cold; Variable or unsupported template dimensions require review; Variable or unsupported template dimensions require review"
"Private Sanctum","2024","Compendium.dnd5e.spells24.Item.phbPrivateSanctu","spells24/4th-level/private-sanctum.yml","","area","100 * @item.level - 300 ft cube","unmatched","No suitable supported visual theme; Variable or unsupported template dimensions require review"
"Produce Flame","2024","Compendium.dnd5e.spells24.Item.phbsplProduceFla","spells24/cantrips/produce-flame.yml","Fire","damage","","enabled","Single fire damage type"
"Programmed Illusion","2024","Compendium.dnd5e.spells24.Item.phbsplProgrammed","spells24/6th-level/programmed-illusion.yml","","area","30 ft cube","unmatched","No suitable supported visual theme; Variable or open-ended duration requires review"
"Project Image","2024","Compendium.dnd5e.spells24.Item.phbsplProjectIma","spells24/7th-level/project-image.yml","","caster","","unmatched","No suitable supported visual theme; Target/object placement needs manual review"
"Protection from Energy","2024","Compendium.dnd5e.spells24.Item.phbProtectionFro","spells24/3rd-level/protection-from-energy.yml","","caster","","unmatched","No suitable supported visual theme; Target/object placement needs manual review"
"Protection from Evil and Good","2024","Compendium.dnd5e.spells24.Item.phbEvilAndGoodPr","spells24/1st-level/protection-from-evil-and-good.yml","","caster","","unmatched","No suitable supported visual theme; Target/object placement needs manual review"
"Protection from Poison","2024","Compendium.dnd5e.spells24.Item.phbsplProtection","spells24/2nd-level/protection-from-poison.yml","","caster","","unmatched","No suitable supported visual theme; Target/object placement needs manual review"
"Purify Food and Drink","2024","Compendium.dnd5e.spells24.Item.phbsplPurifyFood","spells24/1st-level/purify-food-and-drink.yml","","area","5 ft sphere","unmatched","No suitable supported visual theme"
"Raise Dead","2024","Compendium.dnd5e.spells24.Item.phbsplRaiseDead0","spells24/5th-level/raise-dead.yml","","caster","","unmatched","No suitable supported visual theme; Target/object placement needs manual review"
"Ray of Enfeeblement","2024","Compendium.dnd5e.spells24.Item.phbsplRayofEnfee","spells24/2nd-level/ray-of-enfeeblement.yml","","caster","","unmatched","No suitable supported visual theme; Target/object placement needs manual review"
"Ray of Frost","2024","Compendium.dnd5e.spells24.Item.phbsplRayofFrost","spells24/cantrips/ray-of-frost.yml","Frost","damage","","enabled","Single cold damage type"
"Ray of Sickness","2024","Compendium.dnd5e.spells24.Item.phbsplRayofSickn","spells24/1st-level/ray-of-sickness.yml","","damage","","unmatched","No suitable supported visual theme"
"Regenerate","2024","Compendium.dnd5e.spells24.Item.phbsplRegenerate","spells24/7th-level/regenerate.yml","","caster","","unmatched","No suitable supported visual theme; Target/object placement needs manual review"
"Reincarnate","2024","Compendium.dnd5e.spells24.Item.phbsplReincarnat","spells24/5th-level/reincarnate.yml","","caster","","unmatched","No suitable supported visual theme; Target/object placement needs manual review"
"Remove Curse","2024","Compendium.dnd5e.spells24.Item.phbsplRemoveCurs","spells24/3rd-level/remove-curse.yml","","caster","","unmatched","No suitable supported visual theme; Target/object placement needs manual review"
"Resilient Sphere","2024","Compendium.dnd5e.spells24.Item.phbsplOtilukesRe","spells24/4th-level/resilient-sphere.yml","","caster","","unmatched","No suitable supported visual theme; Target/object placement needs manual review"
"Resistance","2024","Compendium.dnd5e.spells24.Item.phbsplResistance","spells24/cantrips/resistance.yml","","caster","","unmatched","No suitable supported visual theme; Target/object placement needs manual review"
"Resurrection","2024","Compendium.dnd5e.spells24.Item.phbsplResurrecti","spells24/7th-level/resurrection.yml","","caster","","unmatched","No suitable supported visual theme; Target/object placement needs manual review"
"Reverse Gravity","2024","Compendium.dnd5e.spells24.Item.phbsplReverseGra","spells24/7th-level/reverse-gravity.yml","","area","50 × 100 ft cylinder","unmatched","No suitable supported visual theme; Concentration expiration is not linked to cleanup; Base area likely exceeds the 120-cell visual limit"
"Revivify","2024","Compendium.dnd5e.spells24.Item.phbsplRevivify00","spells24/3rd-level/revivify.yml","","damage","","unmatched","No suitable supported visual theme"
"Rope Trick","2024","Compendium.dnd5e.spells24.Item.phbsplRopeTrick0","spells24/2nd-level/rope-trick.yml","","caster","","unmatched","No suitable supported visual theme; Target/object placement needs manual review"
"Sacred Flame","2024","Compendium.dnd5e.spells24.Item.phbsplSacredFlam","spells24/cantrips/sacred-flame.yml","Holy Light","damage","","enabled","Single radiant damage type"
"Sanctuary","2024","Compendium.dnd5e.spells24.Item.phbSanctuary0000","spells24/1st-level/sanctuary.yml","","caster","","unmatched","No suitable supported visual theme; Target/object placement needs manual review"
"Scorching Ray","2024","Compendium.dnd5e.spells24.Item.phbsplScorchingR","spells24/2nd-level/scorching-ray.yml","Fire","damage","","enabled","Single fire damage type"
"Scrying","2024","Compendium.dnd5e.spells24.Item.phbsplScrying000","spells24/5th-level/scrying.yml","","caster","","unmatched","No suitable supported visual theme; Target/object placement needs manual review"
"Searing Smite","2024","Compendium.dnd5e.spells24.Item.phbsplSearingSmi","spells24/1st-level/searing-smite.yml","Fire","damage","","enabled","Single fire damage type"
"Secret Chest","2024","Compendium.dnd5e.spells24.Item.phbsplLeomundsSe","spells24/4th-level/secret-chest.yml","","caster","","unmatched","No suitable supported visual theme; Target/object placement needs manual review; Variable or open-ended duration requires review"
"See Invisibility","2024","Compendium.dnd5e.spells24.Item.phbsplSeeInvisib","spells24/2nd-level/see-invisibility.yml","","caster","","unmatched","No suitable supported visual theme; Target/object placement needs manual review"
"Seeming","2024","Compendium.dnd5e.spells24.Item.phbsplSeeming000","spells24/5th-level/seeming.yml","","caster","","unmatched","No suitable supported visual theme; Target/object placement needs manual review"
"Sending","2024","Compendium.dnd5e.spells24.Item.phbsplSending000","spells24/3rd-level/sending.yml","","caster","","unmatched","No suitable supported visual theme; Target/object placement needs manual review"
"Sequester","2024","Compendium.dnd5e.spells24.Item.phbsplSequester0","spells24/7th-level/sequester.yml","","caster","","unmatched","No suitable supported visual theme; Target/object placement needs manual review; Variable or open-ended duration requires review"
"Shapechange","2024","Compendium.dnd5e.spells24.Item.phbsplShapechang","spells24/9th-level/shapechange.yml","","caster","","unmatched","No suitable supported visual theme; Target/object placement needs manual review"
"Shatter","2024","Compendium.dnd5e.spells24.Item.phbsplShatter000","spells24/2nd-level/shatter.yml","","area","10 ft sphere","unmatched","No suitable supported visual theme"
"Shield","2024","Compendium.dnd5e.spells24.Item.phbsplShield0000","spells24/1st-level/shield.yml","","caster","","unmatched","No suitable supported visual theme; Target/object placement needs manual review"
"Shield of Faith","2024","Compendium.dnd5e.spells24.Item.phbsplShieldofFa","spells24/1st-level/shield-of-faith.yml","","caster","","unmatched","No suitable supported visual theme; Target/object placement needs manual review"
"Shillelagh","2024","Compendium.dnd5e.spells24.Item.phbsplShillelagh","spells24/cantrips/shillelagh.yml","","caster","","unmatched","No suitable supported visual theme; Target/object placement needs manual review"
"Shining Smite","2024","Compendium.dnd5e.spells24.Item.phbsplShiningSmi","spells24/2nd-level/shining-smite.yml","Holy Light","damage","","enabled","Single radiant damage type"
"Shocking Grasp","2024","Compendium.dnd5e.spells24.Item.phbsplShockingGr","spells24/cantrips/shocking-grasp.yml","Lightning Field","damage","","enabled","Single electricity damage type"
"Silence","2024","Compendium.dnd5e.spells24.Item.phbsplSilence000","spells24/2nd-level/silence.yml","","area","20 ft sphere","unmatched","No suitable supported visual theme; Concentration expiration is not linked to cleanup"
"Silent Image","2024","Compendium.dnd5e.spells24.Item.phbsplSilentImag","spells24/1st-level/silent-image.yml","","caster","","unmatched","No suitable supported visual theme; Target/object placement needs manual review"
"Simulacrum","2024","Compendium.dnd5e.spells24.Item.phbsplSimulacrum","spells24/7th-level/simulacrum.yml","","caster","","unmatched","No suitable supported visual theme; Target/object placement needs manual review; Variable or open-ended duration requires review"
"Sleep","2024","Compendium.dnd5e.spells24.Item.phbsplSleep00000","spells24/1st-level/sleep.yml","","area","5 ft sphere","unmatched","No suitable supported visual theme; Concentration expiration is not linked to cleanup"
"Sleet Storm","2024","Compendium.dnd5e.spells24.Item.phbsplSleetStorm","spells24/3rd-level/sleet-storm.yml","","area","20 ft cylinder","unmatched","No suitable supported visual theme; Concentration expiration is not linked to cleanup"
"Slow","2024","Compendium.dnd5e.spells24.Item.phbsplSlow000000","spells24/3rd-level/slow.yml","","area","40 ft cube","unmatched","No suitable supported visual theme; Concentration expiration is not linked to cleanup"
"Sorcerous Burst","2024","Compendium.dnd5e.spells24.Item.phbsplSorcerousB","spells24/cantrips/sorcerous-burst.yml","","damage","","unmatched","Mixed damage types: acid, cold, fire, electricity, poison, psychic, thunder"
"Spare the Dying","2024","Compendium.dnd5e.spells24.Item.phbsplSparetheDy","spells24/cantrips/spare-the-dying.yml","","caster","","unmatched","No suitable supported visual theme; Target/object placement needs manual review"
"Speak with Animals","2024","Compendium.dnd5e.spells24.Item.phbsplSpeakwithA","spells24/1st-level/speak-with-animals.yml","","caster","","unmatched","No suitable supported visual theme; Target/object placement needs manual review"
"Speak with Dead","2024","Compendium.dnd5e.spells24.Item.phbsplSpeakwithD","spells24/3rd-level/speak-with-dead.yml","","caster","","unmatched","No suitable supported visual theme; Target/object placement needs manual review"
"Speak with Plants","2024","Compendium.dnd5e.spells24.Item.phbsplSpeakwithP","spells24/3rd-level/speak-with-plants.yml","","area","30 ft radius","unmatched","No suitable supported visual theme"
"Spider Climb","2024","Compendium.dnd5e.spells24.Item.phbsplSpiderClim","spells24/2nd-level/spider-climb.yml","","caster","","unmatched","No suitable supported visual theme; Target/object placement needs manual review"
"Spike Growth","2024","Compendium.dnd5e.spells24.Item.phbsplSpikeGrowt","spells24/2nd-level/spike-growth.yml","Spikes","area","20 ft sphere","review","Concentration expiration is not linked to cleanup"
"Spirit Guardians","2024","Compendium.dnd5e.spells24.Item.phbsplSpiritGuar","spells24/3rd-level/spirit-guardians.yml","","area","15 ft radius","unmatched","Mixed damage types: necrotic, radiant; Concentration expiration is not linked to cleanup"
"Spiritual Weapon","2024","Compendium.dnd5e.spells24.Item.phbsplSpiritualW","spells24/2nd-level/spiritual-weapon.yml","","caster","","unmatched","No suitable supported visual theme; Target/object placement needs manual review"
"Starry Wisp","2024","Compendium.dnd5e.spells24.Item.phbsplStarryWisp","spells24/cantrips/starry-wisp.yml","Holy Light","damage","","enabled","Single radiant damage type"
"Stinking Cloud","2024","Compendium.dnd5e.spells24.Item.phbsplStinkingCl","spells24/3rd-level/stinking-cloud.yml","Haze","area","20 ft sphere","review","Concentration expiration is not linked to cleanup"
"Stone Shape","2024","Compendium.dnd5e.spells24.Item.phbsplStoneShape","spells24/4th-level/stone-shape.yml","","caster","","unmatched","No suitable supported visual theme; Target/object placement needs manual review"
"Stoneskin","2024","Compendium.dnd5e.spells24.Item.phbsplStoneskin0","spells24/4th-level/stoneskin.yml","","caster","","unmatched","No suitable supported visual theme; Target/object placement needs manual review"
"Storm of Vengeance","2024","Compendium.dnd5e.spells24.Item.phbsplStormofVen","spells24/9th-level/storm-of-vengeance.yml","","area","300 ft circle","unmatched","Mixed damage types: thunder, acid, electricity, bludgeoning, cold; Concentration expiration is not linked to cleanup; Base area likely exceeds the 120-cell visual limit"
"Suggestion","2024","Compendium.dnd5e.spells24.Item.phbsplSuggestion","spells24/2nd-level/suggestion.yml","","caster","","unmatched","No suitable supported visual theme; Target/object placement needs manual review"
"Summon Dragon","2024","Compendium.dnd5e.spells24.Item.phbsplSummonDrag","spells24/5th-level/summon-dragon.yml","","caster","","unmatched","No suitable supported visual theme; Target/object placement needs manual review"
"Sunbeam","2024","Compendium.dnd5e.spells24.Item.phbsplSunbeam000","spells24/6th-level/sunbeam.yml","Holy Light","area","60 × 5 ft line","review","Concentration expiration is not linked to cleanup"
"Sunburst","2024","Compendium.dnd5e.spells24.Item.phbsplSunburst00","spells24/8th-level/sunburst.yml","Holy Light","area","60 ft sphere","review","Base area likely exceeds the 120-cell visual limit"
"Symbol","2024","Compendium.dnd5e.spells24.Item.phbsplSymbol0000","spells24/7th-level/symbol.yml","Unholy Light","area","1 ft circle / 60 ft sphere","review","Variable or open-ended duration requires review; Base area likely exceeds the 120-cell visual limit"
"Telekinesis","2024","Compendium.dnd5e.spells24.Item.phbsplTelekinesi","spells24/5th-level/telekinesis.yml","","caster","","unmatched","No suitable supported visual theme; Target/object placement needs manual review"
"Telepathic Bond","2024","Compendium.dnd5e.spells24.Item.phbsplRarysTelep","spells24/5th-level/telepathic-bond.yml","","caster","","unmatched","No suitable supported visual theme; Target/object placement needs manual review"
"Teleport","2024","Compendium.dnd5e.spells24.Item.phbsplTeleport00","spells24/7th-level/teleport.yml","","caster","","unmatched","No suitable supported visual theme; Target/object placement needs manual review"
"Teleportation Circle","2024","Compendium.dnd5e.spells24.Item.phbsplTeleportat","spells24/5th-level/teleportation-circle.yml","Magic Circle","area","5 ft circle","enabled","Curated teleportation-circle visual theme"
"Thaumaturgy","2024","Compendium.dnd5e.spells24.Item.phbsplThaumaturg","spells24/cantrips/thaumaturgy.yml","","caster","","unmatched","No suitable supported visual theme; Target/object placement needs manual review"
"Thunderwave","2024","Compendium.dnd5e.spells24.Item.phbsplThunderwav","spells24/1st-level/thunderwave.yml","","area","15 ft cube","unmatched","No suitable supported visual theme"
"Time Stop","2024","Compendium.dnd5e.spells24.Item.phbsplTimeStop00","spells24/9th-level/time-stop.yml","","caster","","unmatched","No suitable supported visual theme; Target/object placement needs manual review"
"Tiny Hut","2024","Compendium.dnd5e.spells24.Item.phbsplLeomundsTi","spells24/3rd-level/tiny-hut.yml","","area","10 ft radius","unmatched","No suitable supported visual theme"
"Tongues","2024","Compendium.dnd5e.spells24.Item.phbsplTongues000","spells24/3rd-level/tongues.yml","","caster","","unmatched","No suitable supported visual theme; Target/object placement needs manual review"
"Transport via Plants","2024","Compendium.dnd5e.spells24.Item.phbsplTransportv","spells24/6th-level/transport-via-plants.yml","","caster","","unmatched","No suitable supported visual theme; Target/object placement needs manual review"
"Tree Stride","2024","Compendium.dnd5e.spells24.Item.phbsplTreeStride","spells24/5th-level/tree-stride.yml","","caster","","unmatched","No suitable supported visual theme; Target/object placement needs manual review"
"True Polymorph","2024","Compendium.dnd5e.spells24.Item.phbsplTruePolymo","spells24/9th-level/true-polymorph.yml","","caster","","unmatched","No suitable supported visual theme; Target/object placement needs manual review"
"True Resurrection","2024","Compendium.dnd5e.spells24.Item.phbsplTrueResurr","spells24/9th-level/true-resurrection.yml","","caster","","unmatched","No suitable supported visual theme; Target/object placement needs manual review"
"True Seeing","2024","Compendium.dnd5e.spells24.Item.phbsplTrueSeeing","spells24/6th-level/true-seeing.yml","","caster","","unmatched","No suitable supported visual theme; Target/object placement needs manual review"
"True Strike","2024","Compendium.dnd5e.spells24.Item.phbsplTrueStrike","spells24/cantrips/true-strike.yml","","caster","","unmatched","No suitable supported visual theme; Target/object placement needs manual review"
"Tsunami","2024","Compendium.dnd5e.spells24.Item.phbsplTsunami000","spells24/8th-level/tsunami.yml","","area","300 × 50 × 300 ft wall","unmatched","No suitable supported visual theme; Concentration expiration is not linked to cleanup; Unsupported template type: wall"
"Unseen Servant","2024","Compendium.dnd5e.spells24.Item.phbsplUnseenServ","spells24/1st-level/unseen-servant.yml","","caster","","unmatched","No suitable supported visual theme; Target/object placement needs manual review"
"Vampiric Touch","2024","Compendium.dnd5e.spells24.Item.phbsplVampiricTo","spells24/3rd-level/vampiric-touch.yml","Unholy Light","damage","","enabled","Single necrotic damage type"
"Vicious Mockery","2024","Compendium.dnd5e.spells24.Item.phbsplViciousMoc","spells24/cantrips/vicious-mockery.yml","","damage","","unmatched","No suitable supported visual theme"
"Vitriolic Sphere","2024","Compendium.dnd5e.spells24.Item.phbsplVitriolicS","spells24/4th-level/vitriolic-sphere.yml","Acid","area","20 ft sphere","enabled","Single acid damage type"
"Wall of Fire","2024","Compendium.dnd5e.spells24.Item.phbsplWallofFire","spells24/4th-level/wall-of-fire.yml","Fire","area","60 × 1 × 20 ft wall / 10 × 1 × 20 ft cylinder","review","Concentration expiration is not linked to cleanup; Unsupported template type: wall"
"Wall of Force","2024","Compendium.dnd5e.spells24.Item.phbsplWallofForc","spells24/5th-level/wall-of-force.yml","Force Barrier","area","10 ft sphere / 10 × 10 × 1/12 × 10 ft wall","review","Preset contains unsupported document types for this trigger; Concentration expiration is not linked to cleanup; Variable or unsupported template dimensions require review"
"Wall of Ice","2024","Compendium.dnd5e.spells24.Item.phbsplWallofIce0","spells24/6th-level/wall-of-ice.yml","Frost","area","10 ft sphere / 10 × 10 × 1 × 10 ft wall","review","Concentration expiration is not linked to cleanup; Unsupported template type: wall"
"Wall of Stone","2024","Compendium.dnd5e.spells24.Item.phbsplWallofSton","spells24/5th-level/wall-of-stone.yml","","area","10 × 10 × 1/2 × 10 ft wall / 10 × 20 × 1/4 × 10 ft wall","unmatched","No suitable supported visual theme; Concentration expiration is not linked to cleanup; Variable or unsupported template dimensions require review; Variable or unsupported template dimensions require review"
"Wall of Thorns","2024","Compendium.dnd5e.spells24.Item.phbsplWallofThor","spells24/6th-level/wall-of-thorns.yml","","area","60 × 5 × 10 ft wall / 10 × 5 × 20 ft cylinder","unmatched","Mixed damage types: piercing, slashing; Concentration expiration is not linked to cleanup; Unsupported template type: wall"
"Warding Bond","2024","Compendium.dnd5e.spells24.Item.phbsplWardingBon","spells24/2nd-level/warding-bond.yml","","caster","","unmatched","No suitable supported visual theme; Target/object placement needs manual review"
"Water Breathing","2024","Compendium.dnd5e.spells24.Item.phbsplWaterBreat","spells24/3rd-level/water-breathing.yml","","caster","","unmatched","No suitable supported visual theme; Target/object placement needs manual review"
"Water Walk","2024","Compendium.dnd5e.spells24.Item.phbsplWaterWalk0","spells24/3rd-level/water-walk.yml","","caster","","unmatched","No suitable supported visual theme; Target/object placement needs manual review"
"Web","2024","Compendium.dnd5e.spells24.Item.phbsplWeb0000000","spells24/2nd-level/web.yml","Spiderweb","area","20 ft cube","review","Concentration expiration is not linked to cleanup"
"Weird","2024","Compendium.dnd5e.spells24.Item.phbsplWeird00000","spells24/9th-level/weird.yml","","area","30 ft sphere","unmatched","No suitable supported visual theme; Concentration expiration is not linked to cleanup"
"Wind Walk","2024","Compendium.dnd5e.spells24.Item.phbsplWindWalk00","spells24/6th-level/wind-walk.yml","","caster","","unmatched","No suitable supported visual theme; Target/object placement needs manual review"
"Wind Wall","2024","Compendium.dnd5e.spells24.Item.phbsplWindWall00","spells24/3rd-level/wind-wall.yml","","area","50 × 1 × 15 ft wall / 5 × 10 × 1 × 15 ft wall","unmatched","No suitable supported visual theme; Concentration expiration is not linked to cleanup; Unsupported template type: wall; Unsupported template type: wall"
"Wish","2024","Compendium.dnd5e.spells24.Item.phbsplWish000000","spells24/9th-level/wish.yml","","caster","","unmatched","No suitable supported visual theme; Target/object placement needs manual review"
"Word of Recall","2024","Compendium.dnd5e.spells24.Item.phbsplWordofReca","spells24/6th-level/word-of-recall.yml","","caster","","unmatched","No suitable supported visual theme; Target/object placement needs manual review"
"Zone of Truth","2024","Compendium.dnd5e.spells24.Item.phbsplZoneofTrut","spells24/2nd-level/zone-of-truth.yml","","area","15 ft sphere","unmatched","No suitable supported visual theme"
