spell,uuid,source,effect,trigger,status,reason
"500 Toads","Compendium.pf2e.spells-srd.Item.w7BHU5rk5JKuIRCe","spells/rank-1/500-toads.json","","area","unmatched","No suitable supported visual theme"
"Aberrant Form","Compendium.pf2e.spells-srd.Item.Fu8Ml47ZfXpSYe7E","spells/rank-5/aberrant-form.json","","caster","unmatched","Target/object placement needs manual review; caster placement would be misleading"
"Aberrant Whispers","Compendium.pf2e.spells-srd.Item.qhJfRnkCRrMI4G1O","focus/aberrant-whispers.json","","area","unmatched","No suitable supported visual theme"
"Abyssal Plague","Compendium.pf2e.spells-srd.Item.vJuaxTd6q11OjGqA","spells/rank-5/abyssal-plague.json","","caster","unmatched","Target/object placement needs manual review; caster placement would be misleading"
"Accelerated Decomposition","Compendium.pf2e.spells-srd.Item.rqoWAxQv4RWbwyAr","focus/accelerated-decomposition.json","","damage","unmatched","No suitable supported visual theme"
"Access Lore","Compendium.pf2e.spells-srd.Item.LbPLNWlLCxKCo5gF","focus/access-lore.json","","caster","unmatched","Target/object placement needs manual review; caster placement would be misleading"
"Achaekek's Clutch","Compendium.pf2e.spells-srd.Item.IT1aaqDBAISlHDUV","focus/achaekeks-clutch.json","","caster","unmatched","Target/object placement needs manual review; caster placement would be misleading"
"Acid Arrow","Compendium.pf2e.spells-srd.Item.f8hRqLJaxBVhF1u0","spells/rank-2/acid-arrow.json","Acid","damage","enabled","Single acid damage type"
"Acid Grip","Compendium.pf2e.spells-srd.Item.9h9YCncqah6VNsKf","spells/rank-2/acid-grip.json","Acid","damage","enabled","Single acid damage type"
"Acid Splash","Compendium.pf2e.spells-srd.Item.gISYsBFby1TiXfBt","spells/cantrip/acid-splash.json","Acid","damage","enabled","Single acid damage type"
"Acid Storm","Compendium.pf2e.spells-srd.Item.ZW8ovbu1etdfMre3","spells/rank-5/acid-storm.json","Acid","area","enabled","Single acid damage type"
"Acidic Burst","Compendium.pf2e.spells-srd.Item.rnNGALRtsjspFTws","spells/rank-1/acidic-burst.json","Acid","area","enabled","Single acid damage type"
"Adapt Self","Compendium.pf2e.spells-srd.Item.GUnw9YXaW3YyaCAU","focus/adapt-self.json","","caster","unmatched","Target/object placement needs manual review; caster placement would be misleading"
"Adaptive Ablation","Compendium.pf2e.spells-srd.Item.GoKkejPj5yWJPIPK","focus/adaptive-ablation.json","","caster","unmatched","Target/object placement needs manual review; caster placement would be misleading"
"Admonishing Ray","Compendium.pf2e.spells-srd.Item.uToa7ksKAzmEpkKC","spells/rank-1/admonishing-ray.json","","damage","unmatched","No suitable supported visual theme"
"Advanced Scurvy","Compendium.pf2e.spells-srd.Item.XEhzFKNTSARsofav","spells/rank-2/advanced-scurvy.json","","caster","unmatched","Target/object placement needs manual review; caster placement would be misleading"
"Aerial Form","Compendium.pf2e.spells-srd.Item.NzXpEzcZAjuDTZjK","spells/rank-4/aerial-form.json","","caster","unmatched","Target/object placement needs manual review; caster placement would be misleading"
"Agile Feet","Compendium.pf2e.spells-srd.Item.cOjlzWerBwbPWVkX","focus/agile-feet.json","","caster","unmatched","Variable, sustained or open-ended duration requires review"
"Agitate","Compendium.pf2e.spells-srd.Item.r8g7oSumKOHDqJsd","spells/rank-1/agitate.json","","damage","unmatched","Variable, sustained or open-ended duration requires review"
"Agonizing Despair","Compendium.pf2e.spells-srd.Item.nplNt08TvokZUxtR","spells/rank-3/agonizing-despair.json","","damage","unmatched","No suitable supported visual theme"
"Air Bubble","Compendium.pf2e.spells-srd.Item.W69zswpj0Trdy5rj","spells/rank-1/air-bubble.json","","caster","unmatched","Target/object placement needs manual review; caster placement would be misleading"
"Air Walk","Compendium.pf2e.spells-srd.Item.b5sGjGlBf58f8jn0","spells/rank-4/air-walk.json","","caster","unmatched","Target/object placement needs manual review; caster placement would be misleading"
"Airburst","Compendium.pf2e.spells-srd.Item.fprqWKUc0jnMIyGU","spells/rank-1/airburst.json","","area","unmatched","No suitable supported visual theme"
"Airlift","Compendium.pf2e.spells-srd.Item.6XscENSWyYRHqK0A","spells/rank-4/airlift.json","","area","unmatched","No suitable supported visual theme"
"Alarm","Compendium.pf2e.spells-srd.Item.4WAib3GichxLjp5p","spells/rank-1/alarm.json","","area","unmatched","No suitable supported visual theme"
"Albatross Curse","Compendium.pf2e.spells-srd.Item.93SjFTGJUTTmAt6j","spells/rank-2/albatross-curse.json","","caster","unmatched","Variable, sustained or open-ended duration requires review"
"All is One, One is All","Compendium.pf2e.spells-srd.Item.gtWxTfMbIN5RHQw6","spells/rank-8/all-is-one-one-is-all.json","","caster","unmatched","Target/object placement needs manual review; caster placement would be misleading"
"All-Encompassing Hunger","Compendium.pf2e.spells-srd.Item.wJi0lq4yA5Mlj0MY","focus/all-encompassing-hunger.json","","damage","unmatched","No suitable supported visual theme"
"Allegro","Compendium.pf2e.spells-srd.Item.IQchIYUwbsVTa9Mc","focus/allegro.json","","caster","unmatched","Target/object placement needs manual review; caster placement would be misleading"
"Allfood","Compendium.pf2e.spells-srd.Item.X3fWP6YCSzcdtg93","spells/rank-2/allfood.json","","caster","unmatched","Target/object placement needs manual review; caster placement would be misleading"
"Alter Reality","Compendium.pf2e.spells-srd.Item.h8zxY9hTeHtWsBVW","spells/rank-10/alter-reality.json","","caster","unmatched","Target/object placement needs manual review; caster placement would be misleading"
"Amalgamizing Leap","Compendium.pf2e.spells-srd.Item.XB65dUQipPCTNNIY","spells/rank-8/amalgamizing-leap.json","","caster","unmatched","Variable, sustained or open-ended duration requires review"
"Amity Cycle","Compendium.pf2e.spells-srd.Item.me5E8UvbBrHe3dZh","rituals/amity-cycle.json","","caster","unmatched","Target/object placement needs manual review; caster placement would be misleading"
"Anathematic Reprisal","Compendium.pf2e.spells-srd.Item.7tR29sQt35NfIWqN","spells/rank-4/anathematic-reprisal.json","","damage","unmatched","No suitable supported visual theme"
"Ancestral Defense","Compendium.pf2e.spells-srd.Item.J5KrjQKCg2PrF1vz","focus/ancestral-defense.json","","caster","unmatched","Target/object placement needs manual review; caster placement would be misleading"
"Ancestral Form","Compendium.pf2e.spells-srd.Item.xEjGEBvTfDJECSki","focus/ancestral-form.json","","caster","unmatched","Sustained expiration requires GM review"
"Ancestral Memories","Compendium.pf2e.spells-srd.Item.dtOUkMC57izf93z5","focus/ancestral-memories.json","","caster","unmatched","Target/object placement needs manual review; caster placement would be misleading"
"Ancestral Touch","Compendium.pf2e.spells-srd.Item.d2pi7laQkzlr3wrS","focus/ancestral-touch.json","","damage","unmatched","No suitable supported visual theme"
"Ancestral Winds","Compendium.pf2e.spells-srd.Item.Z4X5whSqSvgiiJ05","spells/rank-5/ancestral-winds.json","","area","unmatched","Sustained expiration requires GM review"
"Anchoring Air","Compendium.pf2e.spells-srd.Item.bCZP8N2C41gF10G2","spells/rank-4/anchoring-air.json","","caster","unmatched","Target/object placement needs manual review; caster placement would be misleading"
"Ancient Dust","Compendium.pf2e.spells-srd.Item.OJ91rm1FkJSlf3nk","spells/cantrip/ancient-dust.json","","area","unmatched","No suitable supported visual theme"
"Angel Form","Compendium.pf2e.spells-srd.Item.E3zIZ4pjlOuWeGRz","spells/rank-7/angel-form.json","","caster","unmatched","Target/object placement needs manual review; caster placement would be misleading"
"Angelic Halo","Compendium.pf2e.spells-srd.Item.w3uGXDVEdbLFZVO0","focus/angelic-halo.json","","area","unmatched","No suitable supported visual theme"
"Angelic Messenger","Compendium.pf2e.spells-srd.Item.joEruBVz31Uxczzq","rituals/angelic-messenger.json","","caster","unmatched","Target/object placement needs manual review; caster placement would be misleading"
"Angelic Wings","Compendium.pf2e.spells-srd.Item.kRsmUlSWhi6PJvZ7","focus/angelic-wings.json","","caster","unmatched","Target/object placement needs manual review; caster placement would be misleading"
"Anima Invocation (Modified)","Compendium.pf2e.spells-srd.Item.X0t0gr7S7CeCt2Q5","rituals/anima-invocation-modified.json","","caster","unmatched","Target/object placement needs manual review; caster placement would be misleading"
"Animal Allies","Compendium.pf2e.spells-srd.Item.Aap7nGpC7neTWm78","spells/rank-1/animal-allies.json","","area","unmatched","No suitable supported visual theme"
"Animal Feature","Compendium.pf2e.spells-srd.Item.vGEgI8e7AW6FQ3tP","focus/animal-feature.json","","caster","unmatched","Target/object placement needs manual review; caster placement would be misleading"
"Animal Form","Compendium.pf2e.spells-srd.Item.wp09USMB3GIW1qbp","spells/rank-2/animal-form.json","","caster","unmatched","Target/object placement needs manual review; caster placement would be misleading"
"Animal Messenger","Compendium.pf2e.spells-srd.Item.yhz9fF69uwRhnHix","spells/rank-2/animal-messenger.json","","caster","unmatched","Variable, sustained or open-ended duration requires review"
"Animal Vision","Compendium.pf2e.spells-srd.Item.1HfusQ8NDWutGvMx","spells/rank-3/animal-vision.json","","caster","unmatched","Target/object placement needs manual review; caster placement would be misleading"
"Animate Object","Compendium.pf2e.spells-srd.Item.sLzPzk7DJnfuORJ0","rituals/animate-object.json","","caster","unmatched","Target/object placement needs manual review; caster placement would be misleading"
"Animate Rope","Compendium.pf2e.spells-srd.Item.rVANhQgB8Uqi9PTl","spells/rank-1/animate-rope.json","","caster","unmatched","Sustained expiration requires GM review"
"Animated Assault","Compendium.pf2e.spells-srd.Item.WqPhJNzLa8vSjrH6","spells/rank-2/animated-assault.json","","area","unmatched","Sustained expiration requires GM review"
"Animus Mine","Compendium.pf2e.spells-srd.Item.fWU7Qjp1JiX9g6eg","spells/rank-2/animus-mine.json","","damage","unmatched","No suitable supported visual theme"
"Annunciation of the Outer Gate","Compendium.pf2e.spells-srd.Item.L1JnU3RepQiWxysc","spells/rank-3/annunciation-of-the-outer-gate.json","","area","unmatched","Variable, sustained or open-ended duration requires review"
"Anointed Ground","Compendium.pf2e.spells-srd.Item.y3jlOfgsQH1JjkJE","spells/rank-3/anointed-ground.json","","area","unmatched","Variable, sustained or open-ended duration requires review"
"Ant Haul","Compendium.pf2e.spells-srd.Item.X9dkmh23lFwMjrYd","spells/rank-1/ant-haul.json","","caster","unmatched","Target/object placement needs manual review; caster placement would be misleading"
"Anticipate Peril","Compendium.pf2e.spells-srd.Item.EUMjrJJwSgsqNidi","spells/rank-1/anticipate-peril.json","","caster","unmatched","Target/object placement needs manual review; caster placement would be misleading"
"Antimagic Artifice","Compendium.pf2e.spells-srd.Item.LmtwcpYmrJfhGIZY","rituals/antimagic-artifice.json","","caster","unmatched","Variable, sustained or open-ended duration requires review"
"Antimagic Field","Compendium.pf2e.spells-srd.Item.My7FvAoLYgGDDBzy","spells/rank-8/antimagic-field.json","","area","unmatched","Sustained expiration requires GM review"
"Antlion Trap","Compendium.pf2e.spells-srd.Item.5JGSo1tgDEehqbWm","spells/rank-3/antlion-trap.json","","area","unmatched","No suitable supported visual theme"
"Apex Companion","Compendium.pf2e.spells-srd.Item.qqQYrXaRJXr7uc4i","focus/apex-companion.json","","caster","unmatched","Target/object placement needs manual review; caster placement would be misleading"
"Appeal to Authority","Compendium.pf2e.spells-srd.Item.YSLaCdfIQ2xXzvHd","focus/appeal-to-authority.json","","caster","unmatched","Target/object placement needs manual review; caster placement would be misleading"
"Appearance of Wealth","Compendium.pf2e.spells-srd.Item.ZeftDoh0nFAXBAWY","focus/appearance-of-wealth.json","","area","unmatched","Sustained expiration requires GM review"
"Approximate","Compendium.pf2e.spells-srd.Item.EqdSKqr8Qj5TUhMR","spells/cantrip/approximate.json","","caster","unmatched","Target/object placement needs manual review; caster placement would be misleading"
"Aqueous Blast","Compendium.pf2e.spells-srd.Item.6wLY5LnehCo3tHlr","spells/rank-1/aqueous-blast.json","","damage","unmatched","Variable, sustained or open-ended duration requires review"
"Aqueous Orb","Compendium.pf2e.spells-srd.Item.oUDNCArkQTdhllxD","spells/rank-3/aqueous-orb.json","","caster","unmatched","Sustained expiration requires GM review"
"Arcane Countermeasure","Compendium.pf2e.spells-srd.Item.h47yv6j6x1pUtzlr","focus/arcane-countermeasure.json","","caster","unmatched","Target/object placement needs manual review; caster placement would be misleading"
"Arcane Explosion","Compendium.pf2e.spells-srd.Item.KY2xyMavZHAoG69D","focus/arcane-explosion.json","","area","unmatched","No suitable supported visual theme"
"Arcane Weaving","Compendium.pf2e.spells-srd.Item.dL3A7H4LlRH26Imo","rituals/arcane-weaving.json","","caster","unmatched","Target/object placement needs manual review; caster placement would be misleading"
"Arctic Rift","Compendium.pf2e.spells-srd.Item.C2GYCH3TtUFqPfdX","spells/rank-8/arctic-rift.json","Frost","area","enabled","Single cold damage type"
"Armor of Bones","Compendium.pf2e.spells-srd.Item.pSNLufPPsReKQtJR","focus/armor-of-bones.json","","caster","unmatched","Target/object placement needs manual review; caster placement would be misleading"
"Armor of Thorn and Claw","Compendium.pf2e.spells-srd.Item.EPTmSiURVp2ldkVB","spells/rank-1/armor-of-thorn-and-claw.json","","damage","unmatched","No suitable supported visual theme"
"Arms of Nature","Compendium.pf2e.spells-srd.Item.aHu20NHj7YIqxr80","focus/arms-of-nature.json","","caster","unmatched","Target/object placement needs manual review; caster placement would be misleading"
"Army of Shadows","Compendium.pf2e.spells-srd.Item.WfImUYSXyW3YdyY9","rituals/army-of-shadows.json","","area","unmatched","Base area likely exceeds the 120-cell visual limit"
"Aromatic Lure","Compendium.pf2e.spells-srd.Item.LX4pCagYLpc9hEji","spells/rank-4/aromatic-lure.json","","caster","unmatched","Variable, sustained or open-ended duration requires review"
"Arrow Salvo","Compendium.pf2e.spells-srd.Item.7PnjDM52lb4LEqHR","spells/rank-6/arrow-salvo.json","","area","unmatched","No suitable supported visual theme"
"Artistic Flourish","Compendium.pf2e.spells-srd.Item.eb4FXf62NYArTqek","focus/artistic-flourish.json","","caster","unmatched","Target/object placement needs manual review; caster placement would be misleading"
"Artistic Recollection","Compendium.pf2e.spells-srd.Item.tKF4TwqOFQxlwMvq","spells/cantrip/artistic-recollection.json","","caster","unmatched","Target/object placement needs manual review; caster placement would be misleading"
"Ash Cloud","Compendium.pf2e.spells-srd.Item.23cv1p49NFd0Onng","spells/rank-2/ash-cloud.json","Fire","area","enabled","Single fire damage type"
"Ash Form","Compendium.pf2e.spells-srd.Item.2B0C22OuX9YrIJ5y","focus/ash-form.json","","caster","unmatched","Target/object placement needs manual review; caster placement would be misleading"
"Ash-Strewn Ending","Compendium.pf2e.spells-srd.Item.QqMlN9VSHfD2v4Qv","rituals/ash-strewn-ending.json","","area","unmatched","Base area likely exceeds the 120-cell visual limit"
"Ashen Wind","Compendium.pf2e.spells-srd.Item.NtzNCW32UlPdY2xS","focus/ashen-wind.json","","area","unmatched","No suitable supported visual theme"
"Asmodean Wager","Compendium.pf2e.spells-srd.Item.NeyyAPwa639WjYGG","rituals/asmodean-wager.json","","caster","unmatched","Variable, sustained or open-ended duration requires review"
"Aspirational State","Compendium.pf2e.spells-srd.Item.wrm1zIiLyFD1Is6h","rituals/aspirational-state.json","","caster","unmatched","Target/object placement needs manual review; caster placement would be misleading"
"Asterism","Compendium.pf2e.spells-srd.Item.KG7amdeXWc7MjGXe","focus/asterism.json","Fire","area","enabled","Single fire damage type"
"Astral Labyrinth","Compendium.pf2e.spells-srd.Item.BI4iwu3nApyIG0zY","spells/rank-9/astral-labyrinth.json","","area","unmatched","Base area likely exceeds the 120-cell visual limit"
"Astral Projection","Compendium.pf2e.spells-srd.Item.4Cntq9odgW6xMpAs","rituals/astral-projection.json","","caster","unmatched","Variable, sustained or open-ended duration requires review"
"Astral Rain","Compendium.pf2e.spells-srd.Item.nUSi2B7RhIKjaiXQ","focus/astral-rain.json","","area","unmatched","No suitable supported visual theme"
"Athletic Rush","Compendium.pf2e.spells-srd.Item.UGJzJRJDoonfWqqI","focus/athletic-rush.json","","caster","unmatched","Target/object placement needs manual review; caster placement would be misleading"
"Atone","Compendium.pf2e.spells-srd.Item.7Fd4lxozd11MQ55N","rituals/atone.json","","caster","unmatched","Target/object placement needs manual review; caster placement would be misleading"
"Attacked from Within","Compendium.pf2e.spells-srd.Item.B4p4cD9Q71mHTpOP","spells/rank-7/attacked-from-within.json","","damage","unmatched","Variable, sustained or open-ended duration requires review"
"Augmented Body","Compendium.pf2e.spells-srd.Item.pSepsfCrrAKuwA0N","focus/augmented-body.json","","caster","unmatched","Target/object placement needs manual review; caster placement would be misleading"
"Augury","Compendium.pf2e.spells-srd.Item.41TZEjhO6D1nWw2X","spells/rank-2/augury.json","","caster","unmatched","Target/object placement needs manual review; caster placement would be misleading"
"Aura of the Unremarkable","Compendium.pf2e.spells-srd.Item.VUMtDHr8CRwwr3Mj","spells/rank-6/aura-of-the-unremarkable.json","","area","unmatched","Sustained expiration requires GM review"
"Avatar","Compendium.pf2e.spells-srd.Item.ckUOoqOM7Kg7VqxB","spells/rank-10/avatar.json","","caster","unmatched","Target/object placement needs manual review; caster placement would be misleading"
"Avenging Wildwood","Compendium.pf2e.spells-srd.Item.T7N0LrYOLk3SwrFW","spells/rank-2/avenging-wildwood.json","","caster","unmatched","Sustained expiration requires GM review"
"Awaken Animal","Compendium.pf2e.spells-srd.Item.B4dDkYsHFo1H0CIF","rituals/awaken-animal.json","","caster","unmatched","Target/object placement needs manual review; caster placement would be misleading"
"Awaken Curse","Compendium.pf2e.spells-srd.Item.6P2fzrYkaiiptxlY","rituals/awaken-curse.json","","caster","unmatched","Variable, sustained or open-ended duration requires review"
"Awaken Entropy","Compendium.pf2e.spells-srd.Item.ZMvplR106Jxl7B15","spells/rank-6/awaken-entropy.json","","area","unmatched","Sustained expiration requires GM review"
"Awaken Object","Compendium.pf2e.spells-srd.Item.9lz67JCNCLDfIEy3","rituals/awaken-object.json","","caster","unmatched","Variable, sustained or open-ended duration requires review"
"Awaken Portal","Compendium.pf2e.spells-srd.Item.AkF4yFcSCdhoULyZ","rituals/awaken-portal.json","","caster","unmatched","Target/object placement needs manual review; caster placement would be misleading"
"Bacchanalia","Compendium.pf2e.spells-srd.Item.s0SerOrkkUd7SAH9","rituals/bacchanalia.json","","caster","unmatched","Variable, sustained or open-ended duration requires review"
"Band of Heroes","Compendium.pf2e.spells-srd.Item.q9QGc0PJMFWxFOCz","rituals/band-of-heroes.json","","caster","unmatched","Target/object placement needs manual review; caster placement would be misleading"
"Bandit's Doom","Compendium.pf2e.spells-srd.Item.N9KjnGyVMKgqKcCw","spells/rank-5/bandits-doom.json","","damage","unmatched","Variable, sustained or open-ended duration requires review"
"Bane","Compendium.pf2e.spells-srd.Item.7ZinJNzxq0XF0oMx","spells/rank-1/bane.json","","area","unmatched","No suitable supported visual theme"
"Banishing Touch","Compendium.pf2e.spells-srd.Item.nKR6Xt5cPGDumX66","spells/rank-2/banishing-touch.json","","damage","unmatched","No suitable supported visual theme"
"Banishment","Compendium.pf2e.spells-srd.Item.bay4AfSu2iIozNNW","spells/rank-5/banishment.json","","caster","unmatched","Target/object placement needs manual review; caster placement would be misleading"
"Barbed Spear","Compendium.pf2e.spells-srd.Item.dQ7LrD2HxJoCzi2M","focus/barbed-spear.json","","damage","unmatched","Variable, sustained or open-ended duration requires review"
"Bathe in Blood","Compendium.pf2e.spells-srd.Item.bRW61IbjaFea0wcv","rituals/bathe-in-blood.json","","caster","unmatched","Target/object placement needs manual review; caster placement would be misleading"
"Battlefield Persistence","Compendium.pf2e.spells-srd.Item.2jWVNdVlbJq84dfT","focus/battlefield-persistence.json","","caster","unmatched","Target/object placement needs manual review; caster placement would be misleading"
"Beastmaster Trance","Compendium.pf2e.spells-srd.Item.5WM3WjshXgrkVCg6","focus/beastmaster-trance.json","","caster","unmatched","Sustained expiration requires GM review"
"Beckon the Blasphemous Brethren","Compendium.pf2e.spells-srd.Item.DPjhtfAjFQVQwZH2","rituals/beckon-the-blasphemous-brethren.json","","caster","unmatched","Variable, sustained or open-ended duration requires review"
"Bee-Man's Summons","Compendium.pf2e.spells-srd.Item.BcqJqxIKYE0aoDiS","spells/rank-2/bee-mans-summons.json","","area","unmatched","Base area likely exceeds the 120-cell visual limit"
"Befitting Attire","Compendium.pf2e.spells-srd.Item.q5qmNn144ZJGxnvJ","spells/rank-2/befitting-attire.json","","caster","unmatched","Target/object placement needs manual review; caster placement would be misleading"
"Befuddle","Compendium.pf2e.spells-srd.Item.pBevG6bSQOiyflev","spells/rank-1/befuddle.json","","caster","unmatched","Target/object placement needs manual review; caster placement would be misleading"
"Begone","Compendium.pf2e.spells-srd.Item.1INVZLR5tMzSPZVZ","spells/rank-3/begone.json","","caster","unmatched","Target/object placement needs manual review; caster placement would be misleading"
"Beheading Buzz Saw","Compendium.pf2e.spells-srd.Item.dKWc83KKiXoIJkhp","spells/rank-7/beheading-buzz-saw.json","Blood","area","review","Mixed damage types: slashing, bleed"
"Behold the Weave","Compendium.pf2e.spells-srd.Item.3mQkAjexj6hhAnkR","spells/rank-3/behold-the-weave.json","","caster","unmatched","Target/object placement needs manual review; caster placement would be misleading"
"Belittling Boast","Compendium.pf2e.spells-srd.Item.qxJE2iSJwPFLZrcK","spells/rank-5/belittling-boast.json","","area","unmatched","No suitable supported visual theme"
"Benediction","Compendium.pf2e.spells-srd.Item.HGSCofGACf1TVH55","spells/rank-1/benediction.json","","area","unmatched","No suitable supported visual theme"
"Beseech Arcanotheign","Compendium.pf2e.spells-srd.Item.wZ1rsLrWfYtMZfgv","spells/rank-9/beseech-arcanotheign.json","","area","unmatched","Variable, sustained or open-ended duration requires review"
"Beseech the Sphinx","Compendium.pf2e.spells-srd.Item.7GZVTtzN7H4Jujc1","spells/rank-1/beseech-the-sphinx.json","","caster","unmatched","Target/object placement needs manual review; caster placement would be misleading"
"Bestial Curse","Compendium.pf2e.spells-srd.Item.VuPDHoVEPLbMfCJC","spells/rank-4/bestial-curse.json","","caster","unmatched","Variable, sustained or open-ended duration requires review"
"Bilocation","Compendium.pf2e.spells-srd.Item.HHCgEEkeeShVQf8d","spells/rank-9/bilocation.json","","caster","unmatched","Target/object placement needs manual review; caster placement would be misleading"
"Bind Heroic Spirit","Compendium.pf2e.spells-srd.Item.NjSzfuDu5i4rUR3a","focus/necromancer/bind-heroic-spirit.json","","caster","unmatched","Target/object placement needs manual review; caster placement would be misleading"
"Bind Undead","Compendium.pf2e.spells-srd.Item.GUeRTriJkMlMlVrk","spells/rank-3/bind-undead.json","","caster","unmatched","Target/object placement needs manual review; caster placement would be misleading"
"Binding Circle","Compendium.pf2e.spells-srd.Item.2ykmAVKrsAWcazcC","rituals/binding-circle.json","","caster","unmatched","Variable, sustained or open-ended duration requires review"
"Binding Muzzle","Compendium.pf2e.spells-srd.Item.lrFKkzgz80B5vTBb","spells/rank-2/binding-muzzle.json","","caster","unmatched","Target/object placement needs manual review; caster placement would be misleading"
"Bit of Luck","Compendium.pf2e.spells-srd.Item.Fr2CGvWcgSyLcUi7","focus/bit-of-luck.json","","caster","unmatched","Target/object placement needs manual review; caster placement would be misleading"
"Biting Words","Compendium.pf2e.spells-srd.Item.yafsV0ni7rFgqJBj","spells/rank-1/biting-words.json","","damage","unmatched","No suitable supported visual theme"
"Black Tentacles","Compendium.pf2e.spells-srd.Item.2w4OpAGihn1JSHFD","spells/rank-5/black-tentacles.json","","area","unmatched","No suitable supported visual theme"
"Blackfinger's Blades","Compendium.pf2e.spells-srd.Item.y5pzaNfb17CM1slC","spells/rank-5/blackfingers-blades.json","","caster","unmatched","Target/object placement needs manual review; caster placement would be misleading"
"Blade Barrier","Compendium.pf2e.spells-srd.Item.peCF6VArm8urfwxZ","spells/rank-6/blade-barrier.json","","damage","unmatched","No suitable supported visual theme"
"Blanket of Stars","Compendium.pf2e.spells-srd.Item.m34WOIGZCEg1h76G","spells/rank-6/blanket-of-stars.json","","caster","unmatched","Target/object placement needs manual review; caster placement would be misleading"
"Blast of the Bellows","Compendium.pf2e.spells-srd.Item.bZ8BibvvYOKAbYjn","spells/rank-2/blast-of-the-bellows.json","","area","unmatched","No suitable supported visual theme"
"Blastback","Compendium.pf2e.spells-srd.Item.YuCBhE9tGgN8G2zU","spells/rank-3/blastback.json","","area","unmatched","No suitable supported visual theme"
"Blazing Armory","Compendium.pf2e.spells-srd.Item.ywHwnXihTnXbm9Xq","spells/rank-2/blazing-armory.json","","caster","unmatched","Target/object placement needs manual review; caster placement would be misleading"
"Blazing Blade","Compendium.pf2e.spells-srd.Item.NacrNSvfODxpZena","spells/rank-2/blazing-blade.json","Fire","damage","review","Mixed damage types: fire, spirit"
"Blazing Bolt","Compendium.pf2e.spells-srd.Item.ZxHC7V7HtjUsB8zH","spells/rank-2/blazing-bolt.json","","caster","unmatched","Target/object placement needs manual review; caster placement would be misleading"
"Blazing Dive","Compendium.pf2e.spells-srd.Item.KEkPxx7Sm6Xf4W3s","spells/rank-3/blazing-dive.json","Fire","area","review","Mixed damage types: bludgeoning, fire"
"Blazing Fissure","Compendium.pf2e.spells-srd.Item.OYOCWWefZPEfp8Nl","spells/rank-5/blazing-fissure.json","Fire","area","review","Mixed damage types: bludgeoning, fire"
"Bless","Compendium.pf2e.spells-srd.Item.XSujb7EsSwKl19Uu","spells/rank-1/bless.json","","area","unmatched","No suitable supported visual theme"
"Blessed Boundary","Compendium.pf2e.spells-srd.Item.jj5d830iUi2ZlQfs","spells/rank-6/blessed-boundary.json","","area","unmatched","Base area likely exceeds the 120-cell visual limit"
"Blessing of Defiance","Compendium.pf2e.spells-srd.Item.1b55SgYTV65JvmQd","spells/rank-5/blessing-of-defiance.json","","caster","unmatched","Target/object placement needs manual review; caster placement would be misleading"
"Blessing of Vigor","Compendium.pf2e.spells-srd.Item.qt35NBcFwQDGdNFO","spells/rank-1/blessing-of-vigor.json","","caster","unmatched","Target/object placement needs manual review; caster placement would be misleading"
"Blight","Compendium.pf2e.spells-srd.Item.7yWXx3qC4eFNHhxD","rituals/blight.json","","caster","unmatched","Variable, sustained or open-ended duration requires review"
"Blightburn Blast","Compendium.pf2e.spells-srd.Item.EgkypvUZIZkx1UlQ","spells/rank-7/blightburn-blast.json","","area","unmatched","No suitable supported visual theme"
"Blind Eye","Compendium.pf2e.spells-srd.Item.pfFxj4NI5KwO119I","spells/rank-5/blind-eye.json","","caster","unmatched","Variable, sustained or open-ended duration requires review"
"Blinding Beauty","Compendium.pf2e.spells-srd.Item.Q56HLIHVKY6bC5W3","focus/blinding-beauty.json","","area","unmatched","No suitable supported visual theme"
"Blinding Bottle","Compendium.pf2e.spells-srd.Item.3ygqSJYWZM1UV76Z","spells/rank-5/blinding-bottle.json","","area","unmatched","No suitable supported visual theme"
"Blinding Foam","Compendium.pf2e.spells-srd.Item.7uL4XhHpxZpgNJPh","spells/rank-5/blinding-foam.json","Acid","damage","enabled","Single acid damage type"
"Blinding Fury","Compendium.pf2e.spells-srd.Item.NhGXgmI3AjkkwnPk","spells/rank-6/blinding-fury.json","","caster","unmatched","Variable, sustained or open-ended duration requires review"
"Blindness","Compendium.pf2e.spells-srd.Item.VosLNn2M8S7JH67D","spells/rank-3/blindness.json","","caster","unmatched","Target/object placement needs manual review; caster placement would be misleading"
"Blink Charge","Compendium.pf2e.spells-srd.Item.TDaMnCtZ72uyYrz8","spells/rank-5/blink-charge.json","","caster","unmatched","Target/object placement needs manual review; caster placement would be misleading"
"Blister","Compendium.pf2e.spells-srd.Item.59NR1hA2jPSgg2sW","spells/rank-5/blister.json","Acid","area","enabled","Single acid damage type"
"Blister Bomb","Compendium.pf2e.spells-srd.Item.3qx1axryNbl97ker","spells/rank-3/blister-bomb.json","","area","unmatched","No suitable supported visual theme"
"Blistering Invective","Compendium.pf2e.spells-srd.Item.hoR6w8BqX2F35Tdx","spells/rank-2/blistering-invective.json","Fire","damage","enabled","Single fire damage type"
"Blood Chestnuts","Compendium.pf2e.spells-srd.Item.HTzrWoYokIEqxD9t","spells/rank-4/blood-chestnuts.json","","damage","unmatched","No suitable supported visual theme"
"Blood Duplicate","Compendium.pf2e.spells-srd.Item.crf7EL1JtBYwvAEg","spells/rank-2/blood-duplicate.json","","caster","unmatched","Target/object placement needs manual review; caster placement would be misleading"
"Blood Feast","Compendium.pf2e.spells-srd.Item.ES6FkwXXqYr4ujQH","spells/rank-5/blood-feast.json","","damage","unmatched","No suitable supported visual theme"
"Blood in the Water","Compendium.pf2e.spells-srd.Item.CXpOlv2ZZq2jVbRX","focus/blood-in-the-water.json","","damage","unmatched","Sustained expiration requires GM review"
"Blood Infusion","Compendium.pf2e.spells-srd.Item.tFWa3ouvMC5Zz3P0","focus/necromancer/blood-infusion.json","","caster","unmatched","Target/object placement needs manual review; caster placement would be misleading"
"Blood Runs Cold","Compendium.pf2e.spells-srd.Item.Oj36W4SwlVBMMdiX","spells/rank-2/blood-runs-cold.json","Frost","damage","review","Variable, sustained or open-ended duration requires review"
"Blood Vendetta","Compendium.pf2e.spells-srd.Item.TaaMEYdZXQXF0Sks","spells/rank-2/blood-vendetta.json","Blood","damage","review","Variable, sustained or open-ended duration requires review"
"Blood Ward","Compendium.pf2e.spells-srd.Item.dFejDNEmVj3CwYLL","focus/blood-ward.json","","caster","unmatched","Sustained expiration requires GM review"
"Blood-Feasting Breath","Compendium.pf2e.spells-srd.Item.94eJHyFPNM1Z3TZp","spells/rank-5/blood-feasting-breath.json","","area","unmatched","No suitable supported visual theme"
"Bloodspray Curse","Compendium.pf2e.spells-srd.Item.VXUrO8TwRqBpNzdU","spells/rank-4/bloodspray-curse.json","","caster","unmatched","Variable, sustained or open-ended duration requires review"
"Bloody Tendrils","Compendium.pf2e.spells-srd.Item.qy5NVKy2A3LwNleW","focus/necromancer/bloody-tendrils.json","","damage","unmatched","No suitable supported visual theme"
"Blossoming Gore","Compendium.pf2e.spells-srd.Item.77Zvk75oywQ7MBVV","focus/necromancer/blossoming-gore.json","Blood","damage","enabled","Single bleed damage type"
"Blunt the Final Blade","Compendium.pf2e.spells-srd.Item.LEMfFL551YB120RN","rituals/blunt-the-final-blade.json","","caster","unmatched","Target/object placement needs manual review; caster placement would be misleading"
"Blur","Compendium.pf2e.spells-srd.Item.3JG1t3T4mWn6vTke","spells/rank-2/blur.json","","caster","unmatched","Target/object placement needs manual review; caster placement would be misleading"
"Boil Blood","Compendium.pf2e.spells-srd.Item.fBoiPXmcIO50OFFR","spells/rank-8/boil-blood.json","Fire","damage","enabled","Single fire damage type"
"Bonding Meal","Compendium.pf2e.spells-srd.Item.aYn7Xgrz4vIMNeIc","rituals/bonding-meal.json","","caster","unmatched","Target/object placement needs manual review; caster placement would be misleading"
"Bone Flense","Compendium.pf2e.spells-srd.Item.V4IpjSlefultlOuY","spells/rank-3/bone-flense.json","","caster","unmatched","Target/object placement needs manual review; caster placement would be misleading"
"Bone Moth's Kiss","Compendium.pf2e.spells-srd.Item.MavAJJo6jhQfdBXW","spells/rank-3/bone-moths-kiss.json","","caster","unmatched","Target/object placement needs manual review; caster placement would be misleading"
"Bone Shield","Compendium.pf2e.spells-srd.Item.nWrcBLML2mCZxW5v","spells/rank-1/bone-shield.json","","caster","unmatched","Variable, sustained or open-ended duration requires review"
"Bone Spear","Compendium.pf2e.spells-srd.Item.4JXxqBXigKECcpTm","focus/necromancer/bone-spear.json","","area","unmatched","No suitable supported visual theme"
"Bone Spray","Compendium.pf2e.spells-srd.Item.S708JF3E0kuhuRzG","spells/rank-2/bone-spray.json","Blood","area","review","Mixed damage types: piercing, bleed"
"Boneshaker","Compendium.pf2e.spells-srd.Item.zdNUbHqqZzjA07oM","spells/rank-2/boneshaker.json","","damage","unmatched","No suitable supported visual theme"
"Bonewall Bulwark","Compendium.pf2e.spells-srd.Item.11pQoPJpSH2jp7h6","spells/rank-3/bonewall-bulwark.json","","damage","unmatched","No suitable supported visual theme"
"Bony Barrage","Compendium.pf2e.spells-srd.Item.yfaTZv8nCsS4GtrA","focus/necromancer/bony-barrage.json","","area","unmatched","No suitable supported visual theme"
"Boomerang Shot","Compendium.pf2e.spells-srd.Item.zPVJI8Jltt3ERkaU","spells/rank-5/boomerang-shot.json","","damage","unmatched","No suitable supported visual theme"
"Booming Blast","Compendium.pf2e.spells-srd.Item.DNvfKfDSs9DstDfT","focus/magus/booming-blast.json","","area","unmatched","No suitable supported visual theme"
"Boost Eidolon","Compendium.pf2e.spells-srd.Item.HStu2Yhw3iQER9tY","focus/summoner/boost-eidolon.json","","caster","unmatched","Target/object placement needs manual review; caster placement would be misleading"
"Boots on the Ground","Compendium.pf2e.spells-srd.Item.IN46qySRdMdpcd0y","spells/rank-6/boots-on-the-ground.json","","caster","unmatched","Variable, sustained or open-ended duration requires review"
"Borrow Time","Compendium.pf2e.spells-srd.Item.mlK8r1P2eszyfkGz","rituals/borrow-time.json","","area","unmatched","Variable, sustained or open-ended duration requires review"
"Bottle the Storm","Compendium.pf2e.spells-srd.Item.VUwpDY4Z91s9QCg0","focus/bottle-the-storm.json","","caster","unmatched","Target/object placement needs manual review; caster placement would be misleading"
"Bottomless Stomach","Compendium.pf2e.spells-srd.Item.F9mA2Bg27QKniIdv","spells/rank-3/bottomless-stomach.json","","caster","unmatched","Target/object placement needs manual review; caster placement would be misleading"
"Bound in Death","Compendium.pf2e.spells-srd.Item.B0Ng2VlhEJMuUXUH","spells/rank-6/bound-in-death.json","","caster","unmatched","Sustained expiration requires GM review"
"Bountiful Oasis","Compendium.pf2e.spells-srd.Item.SnBc7Gl5VormWzS1","rituals/bountiful-oasis.json","","area","unmatched","Variable, sustained or open-ended duration requires review"
"Bounty of the Sky","Compendium.pf2e.spells-srd.Item.txxm6Rj6jNxcFSQ9","spells/rank-6/bounty-of-the-sky.json","","area","unmatched","No suitable supported visual theme"
"Bracing Tendrils","Compendium.pf2e.spells-srd.Item.NeoRkU7C4BIz8fUM","spells/rank-3/bracing-tendrils.json","","caster","unmatched","Target/object placement needs manual review; caster placement would be misleading"
"Brain Drain","Compendium.pf2e.spells-srd.Item.k2QrUk7jWMAWozMh","focus/brain-drain.json","","damage","unmatched","No suitable supported visual theme"
"Bralani Referendum","Compendium.pf2e.spells-srd.Item.SspI4ijjR7N7r4Cc","spells/rank-2/bralani-referendum.json","","area","unmatched","No suitable supported visual theme"
"Bramble Bush","Compendium.pf2e.spells-srd.Item.mAdxOQUA2cHgKViU","spells/cantrip/bramble-bush.json","","area","unmatched","No suitable supported visual theme"
"Brand the Impenitent","Compendium.pf2e.spells-srd.Item.Y8cSjhU33oUqccxJ","spells/rank-2/brand-the-impenitent.json","","caster","unmatched","Variable, sustained or open-ended duration requires review"
"Breadcrumbs","Compendium.pf2e.spells-srd.Item.PGVhjDbzC4lf6aXF","spells/rank-1/breadcrumbs.json","","caster","unmatched","Target/object placement needs manual review; caster placement would be misleading"
"Breath of Drought","Compendium.pf2e.spells-srd.Item.Wt94cw03L77sbud7","spells/rank-2/breath-of-drought.json","","area","unmatched","Sustained expiration requires GM review"
"Breath of Life","Compendium.pf2e.spells-srd.Item.Hnc7eGi7vyZenAIm","spells/rank-5/breath-of-life.json","","caster","unmatched","Target/object placement needs manual review; caster placement would be misleading"
"Breathe Fire","Compendium.pf2e.spells-srd.Item.y6rAdMK6EFlV6U0t","spells/rank-1/breathe-fire.json","Fire","area","enabled","Single fire damage type"
"Bridge of Graves","Compendium.pf2e.spells-srd.Item.yXZMG66ROw3TjRRo","focus/necromancer/bridge-of-graves.json","","caster","unmatched","Target/object placement needs manual review; caster placement would be misleading"
"Bridge of Vines","Compendium.pf2e.spells-srd.Item.VUUWjeapcyLZabVA","spells/rank-4/bridge-of-vines.json","","caster","unmatched","Target/object placement needs manual review; caster placement would be misleading"
"Brine Dragon Bile","Compendium.pf2e.spells-srd.Item.eidmNlfl2DUVIclc","spells/rank-2/brine-dragon-bile.json","Acid","damage","enabled","Single acid damage type"
"Briny Bolt","Compendium.pf2e.spells-srd.Item.8lZhUreL1bRk1v4Z","spells/rank-1/briny-bolt.json","","damage","unmatched","No suitable supported visual theme"
"Buffeting Winds","Compendium.pf2e.spells-srd.Item.xGFAGlonNySXrunq","spells/rank-1/buffeting-winds.json","","area","unmatched","No suitable supported visual theme"
"Bullhorn","Compendium.pf2e.spells-srd.Item.W02bHXylIpoXbO4e","spells/cantrip/bullhorn.json","","caster","unmatched","Target/object placement needs manual review; caster placement would be misleading"
"Buoyant Bubbles","Compendium.pf2e.spells-srd.Item.ILoXUDP84ru1hYLg","spells/rank-1/buoyant-bubbles.json","","caster","unmatched","Target/object placement needs manual review; caster placement would be misleading"
"Burglar's Blind","Compendium.pf2e.spells-srd.Item.UkXTcJAeTOF2inPy","spells/rank-3/burglars-blind.json","","caster","unmatched","Sustained expiration requires GM review"
"Burning Blossoms","Compendium.pf2e.spells-srd.Item.kWDt0JcKPgX6MvdD","spells/rank-8/burning-blossoms.json","Fire","area","enabled","Single fire damage type"
"Burning Trail","Compendium.pf2e.spells-srd.Item.T9psKCvl7TIdKysl","spells/rank-3/burning-trail.json","Fire","damage","enabled","Single fire damage type"
"Burrow Ward","Compendium.pf2e.spells-srd.Item.bgX4Zfhavahu8lyN","spells/rank-2/burrow-ward.json","","area","unmatched","Sustained expiration requires GM review"
"Bursting Bloom","Compendium.pf2e.spells-srd.Item.vGMbpV7GWIFPNUaZ","spells/rank-4/bursting-bloom.json","Blood","damage","review","Mixed damage types: piercing, bleed"
"Butterfly Bender","Compendium.pf2e.spells-srd.Item.wneYzMFUWreyqWHD","rituals/butterfly-bender.json","","caster","unmatched","Target/object placement needs manual review; caster placement would be misleading"
"Buzzing Bites","Compendium.pf2e.spells-srd.Item.BItahht2hEHvR9Bt","focus/buzzing-bites.json","","damage","unmatched","Sustained expiration requires GM review"
"Buzzing Servants","Compendium.pf2e.spells-srd.Item.U7415tttUO8JLvpf","spells/rank-2/buzzing-servants.json","","area","unmatched","Sustained expiration requires GM review"
"Cackle","Compendium.pf2e.spells-srd.Item.YVK3JUkPVzHIeGXQ","focus/cackle.json","","caster","unmatched","Target/object placement needs manual review; caster placement would be misleading"
"Calcification","Compendium.pf2e.spells-srd.Item.L13n9NKvfGLApse1","focus/necromancer/calcification.json","","caster","unmatched","Variable, sustained or open-ended duration requires review"
"Calcium Rain","Compendium.pf2e.spells-srd.Item.yil09OX5uMCs3Z8v","spells/rank-5/calcium-rain.json","Blood","area","review","Mixed damage types: bleed, piercing"
"Call Fluxwraith","Compendium.pf2e.spells-srd.Item.i6GUJCWdNu2278oA","spells/rank-9/call-fluxwraith.json","","area","unmatched","Variable, sustained or open-ended duration requires review"
"Call of the Grave","Compendium.pf2e.spells-srd.Item.BH3sUerzMb2bWnv1","focus/call-of-the-grave.json","","caster","unmatched","Target/object placement needs manual review; caster placement would be misleading"
"Call of the Quenching","Compendium.pf2e.spells-srd.Item.rillrYLb7V2mRyU7","impossible-spells/call-of-the-quenching.json","","damage","unmatched","Mixed damage types: piercing, bludgeoning"
"Call Spirit","Compendium.pf2e.spells-srd.Item.gsYEuWv04XTDxe91","rituals/call-spirit.json","","caster","unmatched","Target/object placement needs manual review; caster placement would be misleading"
"Call The Blood","Compendium.pf2e.spells-srd.Item.S1Msrwi990FE7uMO","spells/rank-4/call-the-blood.json","","damage","unmatched","No suitable supported visual theme"
"Call the Ten","Compendium.pf2e.spells-srd.Item.REBo9wSxDDx7Qdcc","focus/call-the-ten.json","","damage","unmatched","No suitable supported visual theme"
"Call to Arms","Compendium.pf2e.spells-srd.Item.dqaCLzINHBiKjh4J","focus/call-to-arms.json","","area","unmatched","No suitable supported visual theme"
"Calm","Compendium.pf2e.spells-srd.Item.b515AZlB0sridKSq","spells/rank-2/calm.json","","area","unmatched","Sustained expiration requires GM review"
"Camel Spit","Compendium.pf2e.spells-srd.Item.Hycyiw9xVzoIY4Dy","spells/rank-1/camel-spit.json","Acid","damage","enabled","Single acid damage type"
"Canopy Crawler","Compendium.pf2e.spells-srd.Item.3JQPqtE7fkscP3f6","focus/canopy-crawler.json","","caster","unmatched","Target/object placement needs manual review; caster placement would be misleading"
"Canticle of Everlasting Grief","Compendium.pf2e.spells-srd.Item.qlxM7Ik3uUeUIOcv","spells/rank-8/canticle-of-everlasting-grief.json","","damage","unmatched","Variable, sustained or open-ended duration requires review"
"Capital Dividend","Compendium.pf2e.spells-srd.Item.jXcsCpko8qNrWZ4x","focus/capital-dividend.json","","caster","unmatched","Target/object placement needs manual review; caster placement would be misleading"
"Captivating Adoration","Compendium.pf2e.spells-srd.Item.jJphHQlENHFlSElH","focus/captivating-adoration.json","","area","unmatched","No suitable supported visual theme"
"Carrion Mire","Compendium.pf2e.spells-srd.Item.24JgGrYx7ixgP4kn","spells/rank-2/carrion-mire.json","","area","unmatched","Sustained expiration requires GM review"
"Carryall","Compendium.pf2e.spells-srd.Item.LvezN4a3kYf1OHMg","spells/rank-1/carryall.json","","caster","unmatched","Target/object placement needs manual review; caster placement would be misleading"
"Cast into Time","Compendium.pf2e.spells-srd.Item.OdqM06M0wDUqZWiR","spells/rank-6/cast-into-time.json","","area","unmatched","Mixed damage types: mental, bludgeoning"
"Caster's Imposition","Compendium.pf2e.spells-srd.Item.mriIWoSDtJTJIBjX","spells/rank-3/casters-imposition.json","","caster","unmatched","Target/object placement needs manual review; caster placement would be misleading"
"Cataclysm","Compendium.pf2e.spells-srd.Item.wLIvH0AT1u7oa64N","spells/rank-10/cataclysm.json","","area","unmatched","Base area likely exceeds the 120-cell visual limit"
"Catch Your Name","Compendium.pf2e.spells-srd.Item.FyOgUkq71LNC143w","spells/rank-6/catch-your-name.json","","caster","unmatched","Target/object placement needs manual review; caster placement would be misleading"
"Caustic Blast","Compendium.pf2e.spells-srd.Item.thAHF1zxNplLCJPO","spells/cantrip/caustic-blast.json","Acid","area","enabled","Single acid damage type"
"Cauterize Wounds","Compendium.pf2e.spells-srd.Item.sBSalosrt7C4IXas","spells/rank-2/cauterize-wounds.json","","caster","unmatched","Target/object placement needs manual review; caster placement would be misleading"
"Cave Fangs","Compendium.pf2e.spells-srd.Item.KEagmnwgsSbGmkme","spells/rank-3/cave-fangs.json","","area","unmatched","No suitable supported visual theme"
"Celestial Accord","Compendium.pf2e.spells-srd.Item.vZSWzkw0uF4iFWSM","spells/rank-1/celestial-accord.json","","caster","unmatched","Target/object placement needs manual review; caster placement would be misleading"
"Celestial Brand","Compendium.pf2e.spells-srd.Item.9WlTR9JlEcjRmGiD","focus/celestial-brand.json","","damage","unmatched","No suitable supported visual theme"
"Censure Falsehoods","Compendium.pf2e.spells-srd.Item.guHLRnTL1OBUYh0V","focus/censure-falsehoods.json","","caster","unmatched","Target/object placement needs manual review; caster placement would be misleading"
"Chain Lightning","Compendium.pf2e.spells-srd.Item.TDNlDWbYb58Y55Da","spells/rank-6/chain-lightning.json","Lightning Field","damage","enabled","Single electricity damage type"
"Chameleon Coat","Compendium.pf2e.spells-srd.Item.xPrbxyOEwy9QaPVn","spells/rank-5/chameleon-coat.json","","caster","unmatched","Target/object placement needs manual review; caster placement would be misleading"
"Champion's Sacrifice","Compendium.pf2e.spells-srd.Item.USM530HlzZ1RMd99","focus/champions-sacrifice.json","","caster","unmatched","Target/object placement needs manual review; caster placement would be misleading"
"Channel Arrogance","Compendium.pf2e.spells-srd.Item.CVvkveEH7lonSTZd","spells/rank-4/channel-arrogance.json","","damage","unmatched","No suitable supported visual theme"
"Charged Javelin","Compendium.pf2e.spells-srd.Item.g1eY1vN44mgluE33","focus/charged-javelin.json","Lightning Field","damage","enabled","Single electricity damage type"
"Charitable Urge","Compendium.pf2e.spells-srd.Item.UirEIHILQgip87qv","spells/rank-2/charitable-urge.json","","caster","unmatched","Variable, sustained or open-ended duration requires review"
"Charm","Compendium.pf2e.spells-srd.Item.vLA0q0WOK2YPuJs6","spells/rank-1/charm.json","","caster","unmatched","Target/object placement needs manual review; caster placement would be misleading"
"Charming Push","Compendium.pf2e.spells-srd.Item.KMFRKzNCq7hVNH7H","focus/charming-push.json","","caster","unmatched","Variable, sustained or open-ended duration requires review"
"Charming Touch","Compendium.pf2e.spells-srd.Item.ut9IhJ9jSZSHDUop","focus/charming-touch.json","","caster","unmatched","Target/object placement needs manual review; caster placement would be misleading"
"Chastising Retort","Compendium.pf2e.spells-srd.Item.JkyUu62rLxcNT4K9","focus/chastising-retort.json","","damage","unmatched","No suitable supported visual theme"
"Chilling Darkness","Compendium.pf2e.spells-srd.Item.sRfSBHWHdbIa0aGc","spells/rank-3/chilling-darkness.json","Frost","damage","enabled","Single cold damage type"
"Chilling Spray","Compendium.pf2e.spells-srd.Item.8TQiFzGf4feoHeH0","spells/rank-1/chilling-spray.json","Frost","area","enabled","Single cold damage type"
"Chosen Gravity","Compendium.pf2e.spells-srd.Item.ANtTpeXo9nw7BnEb","spells/rank-3/chosen-gravity.json","","caster","unmatched","Target/object placement needs manual review; caster placement would be misleading"
"Chroma Leach","Compendium.pf2e.spells-srd.Item.4y2DMq9DV5HvmnxC","spells/rank-4/chroma-leach.json","","caster","unmatched","Target/object placement needs manual review; caster placement would be misleading"
"Chromatic Armor","Compendium.pf2e.spells-srd.Item.NBSBFHxBm88qxQUy","spells/rank-4/chromatic-armor.json","","caster","unmatched","Target/object placement needs manual review; caster placement would be misleading"
"Chromatic Image","Compendium.pf2e.spells-srd.Item.FgRpddPORsRFwNoX","spells/rank-6/chromatic-image.json","","caster","unmatched","Target/object placement needs manual review; caster placement would be misleading"
"Chromatic Ray","Compendium.pf2e.spells-srd.Item.Hb8GdAhP0zBCv3zU","spells/rank-4/chromatic-ray.json","","caster","unmatched","Target/object placement needs manual review; caster placement would be misleading"
"Chromatic Wall","Compendium.pf2e.spells-srd.Item.forsqeofEszBNtLq","spells/rank-5/chromatic-wall.json","","area","unmatched","No suitable supported visual theme"
"Chrysopoetic Curse","Compendium.pf2e.spells-srd.Item.hvV6IruyW4MAr0Ub","spells/rank-7/chrysopoetic-curse.json","","caster","unmatched","Target/object placement needs manual review; caster placement would be misleading"
"Chthonian Wrath","Compendium.pf2e.spells-srd.Item.crF4g9jRN1y84MSD","focus/chthonian-wrath.json","","area","unmatched","No suitable supported visual theme"
"Cinder Gaze","Compendium.pf2e.spells-srd.Item.mOUwbIN1SUp8FyPR","focus/cinder-gaze.json","","caster","unmatched","Target/object placement needs manual review; caster placement would be misleading"
"Cinder Scribe","Compendium.pf2e.spells-srd.Item.I17urWNQYVTYTM1z","spells/rank-1/cinder-scribe.json","","caster","unmatched","Target/object placement needs manual review; caster placement would be misleading"
"Cinder Swarm","Compendium.pf2e.spells-srd.Item.bVvGpSOg2WaTUItS","spells/rank-4/cinder-swarm.json","","area","unmatched","Sustained expiration requires GM review"
"Circle of Protection","Compendium.pf2e.spells-srd.Item.mpGCMTldMVa0pWYs","spells/rank-3/circle-of-protection.json","","area","unmatched","No suitable supported visual theme"
"Circle of Weakness","Compendium.pf2e.spells-srd.Item.fwPNYmpOyzRehEY4","focus/circle-of-weakness.json","","area","unmatched","Sustained expiration requires GM review"
"City of Sin","Compendium.pf2e.spells-srd.Item.9WMEO6JEcAulgUv3","rituals/city-of-sin.json","","caster","unmatched","Variable, sustained or open-ended duration requires review"
"Clad In Metal","Compendium.pf2e.spells-srd.Item.7dBxguCNWCoPYxIi","spells/rank-2/clad-in-metal.json","","caster","unmatched","Target/object placement needs manual review; caster placement would be misleading"
"Claim Curse","Compendium.pf2e.spells-srd.Item.5OcZ3HBkrRFhSWCz","spells/rank-3/claim-curse.json","","caster","unmatched","Target/object placement needs manual review; caster placement would be misleading"
"Claim Undead","Compendium.pf2e.spells-srd.Item.GzN9bG6cKZ96YC6l","focus/claim-undead.json","","caster","unmatched","Target/object placement needs manual review; caster placement would be misleading"
"Clairaudience","Compendium.pf2e.spells-srd.Item.HXhWYJviWalN5tQ2","spells/rank-3/clairaudience.json","","caster","unmatched","Target/object placement needs manual review; caster placement would be misleading"
"Clairvoyance","Compendium.pf2e.spells-srd.Item.zvKWclOZ7A53DObE","spells/rank-4/clairvoyance.json","","caster","unmatched","Target/object placement needs manual review; caster placement would be misleading"
"Claws of the Otter","Compendium.pf2e.spells-srd.Item.yNTfght6fu9WYKmx","spells/rank-2/claws-of-the-otter.json","","caster","unmatched","Target/object placement needs manual review; caster placement would be misleading"
"Clawsong","Compendium.pf2e.spells-srd.Item.7OFKYR1VY6EXDuiR","spells/rank-2/clawsong.json","","caster","unmatched","Sustained expiration requires GM review"
"Cleanse Affliction","Compendium.pf2e.spells-srd.Item.SUKaxVZW2TlM8lu0","spells/rank-2/cleanse-affliction.json","","caster","unmatched","Target/object placement needs manual review; caster placement would be misleading"
"Cleanse Air","Compendium.pf2e.spells-srd.Item.ElpqHitq4FqwLURV","spells/rank-2/cleanse-air.json","","area","unmatched","No suitable supported visual theme"
"Cleanse Cuisine","Compendium.pf2e.spells-srd.Item.qXTB7Ec9yYh5JPPV","spells/rank-1/cleanse-cuisine.json","","caster","unmatched","Target/object placement needs manual review; caster placement would be misleading"
"Cleansing Flames","Compendium.pf2e.spells-srd.Item.tf4PMMMzR5xxJDun","focus/cleansing-flames.json","","caster","unmatched","Target/object placement needs manual review; caster placement would be misleading"
"Clear Mind","Compendium.pf2e.spells-srd.Item.EfFMLVbmkBWmzoLF","spells/rank-2/clear-mind.json","","caster","unmatched","Target/object placement needs manual review; caster placement would be misleading"
"Clinging Ice","Compendium.pf2e.spells-srd.Item.MraZBLJ4Be3ogmWL","focus/clinging-ice.json","Frost","damage","review","Sustained expiration requires GM review"
"Clinging Shadows Stance","Compendium.pf2e.spells-srd.Item.uJXs4M6IeixfPBLc","focus/clinging-shadows-stance.json","","caster","unmatched","Variable, sustained or open-ended duration requires review"
"Cloak of Colors","Compendium.pf2e.spells-srd.Item.TCk2MDwf5L5OYjFC","spells/rank-5/cloak-of-colors.json","","caster","unmatched","Target/object placement needs manual review; caster placement would be misleading"
"Cloak of Light","Compendium.pf2e.spells-srd.Item.ba1RyDpwq6tfW8VM","spells/rank-4/cloak-of-light.json","","damage","unmatched","Sustained expiration requires GM review"
"Cloak of Shadow","Compendium.pf2e.spells-srd.Item.SE0fbgBj7atuukdv","focus/cloak-of-shadow.json","","caster","unmatched","Target/object placement needs manual review; caster placement would be misleading"
"Clockwork Devotion","Compendium.pf2e.spells-srd.Item.zEAblSSbfu1246JL","spells/rank-8/clockwork-devotion.json","","caster","unmatched","Variable, sustained or open-ended duration requires review"
"Clone","Compendium.pf2e.spells-srd.Item.pZr1xrCpaSu6qrXU","rituals/clone.json","","caster","unmatched","Target/object placement needs manual review; caster placement would be misleading"
"Clone Companion","Compendium.pf2e.spells-srd.Item.A0sMo1L0271yLeDA","spells/rank-8/clone-companion.json","","caster","unmatched","Sustained expiration requires GM review"
"Cloud Current","Compendium.pf2e.spells-srd.Item.s7kVnr0EdljCamuR","spells/rank-4/cloud-current.json","","caster","unmatched","Target/object placement needs manual review; caster placement would be misleading"
"Cloud Dragon's Cloak","Compendium.pf2e.spells-srd.Item.D5ZAWGqxml5xOiZb","spells/rank-3/cloud-dragons-cloak.json","","caster","unmatched","Target/object placement needs manual review; caster placement would be misleading"
"Cloudborne Haven","Compendium.pf2e.spells-srd.Item.LN7bFOw8PFs5Q5rD","rituals/cloudborne-haven.json","","caster","unmatched","Variable, sustained or open-ended duration requires review"
"Clouded Focus","Compendium.pf2e.spells-srd.Item.XhgMx9WC6NfXd9RP","focus/clouded-focus.json","","caster","unmatched","Variable, sustained or open-ended duration requires review"
"Clownish Curse","Compendium.pf2e.spells-srd.Item.S7ylpCJyq0CYkux9","spells/rank-4/clownish-curse.json","","caster","unmatched","Variable, sustained or open-ended duration requires review"
"Coiling Dance","Compendium.pf2e.spells-srd.Item.RcZbmSZf2bFYQtTj","spells/rank-2/coiling-dance.json","","area","unmatched","Sustained expiration requires GM review"
"Collective Memories","Compendium.pf2e.spells-srd.Item.hp6Q64dl7xbdn4gQ","rituals/collective-memories.json","","caster","unmatched","Target/object placement needs manual review; caster placement would be misleading"
"Collective Transposition","Compendium.pf2e.spells-srd.Item.c3XygMbzrZMgV1y3","spells/rank-6/collective-transposition.json","","area","unmatched","No suitable supported visual theme"
"Combustion","Compendium.pf2e.spells-srd.Item.Z3kJty995FkrsZRb","focus/combustion.json","Fire","damage","enabled","Single fire damage type"
"Comet Charge","Compendium.pf2e.spells-srd.Item.LmGCKwk2yYhrDVjE","spells/rank-7/comet-charge.json","","caster","unmatched","Target/object placement needs manual review; caster placement would be misleading"
"Command","Compendium.pf2e.spells-srd.Item.aIHY2DArKFweIrpf","spells/rank-1/command.json","","caster","unmatched","Variable, sustained or open-ended duration requires review"
"Commanding Lash","Compendium.pf2e.spells-srd.Item.4DaHIgtMBTyxebY3","focus/commanding-lash.json","","caster","unmatched","Variable, sustained or open-ended duration requires review"
"Commune","Compendium.pf2e.spells-srd.Item.7DN13ILADW2N9Z1t","rituals/commune.json","","caster","unmatched","Target/object placement needs manual review; caster placement would be misleading"
"Commune with Corazal","Compendium.pf2e.spells-srd.Item.zIAvj7V6BTuQMAIi","rituals/commune-with-corazal.json","","caster","unmatched","Target/object placement needs manual review; caster placement would be misleading"
"Community Repair","Compendium.pf2e.spells-srd.Item.oND3oFBjxrhyVvyG","rituals/community-repair.json","","caster","unmatched","Target/object placement needs manual review; caster placement would be misleading"
"Community Restoration","Compendium.pf2e.spells-srd.Item.6RNymgUvS87lmQOj","focus/community-restoration.json","","caster","unmatched","Target/object placement needs manual review; caster placement would be misleading"
"Companion's Shadow","Compendium.pf2e.spells-srd.Item.qKOIXbgngybnvlk8","spells/rank-3/companions-shadow.json","","caster","unmatched","Target/object placement needs manual review; caster placement would be misleading"
"Compel True Name","Compendium.pf2e.spells-srd.Item.53Kw9WQtvrEtABEu","spells/rank-4/compel-true-name.json","","caster","unmatched","Variable, sustained or open-ended duration requires review"
"Competitive Edge","Compendium.pf2e.spells-srd.Item.NOB92Wpn7jXvtyVW","focus/competitive-edge.json","","caster","unmatched","Sustained expiration requires GM review"
"Concealment's Curtain","Compendium.pf2e.spells-srd.Item.ehd9PtifLMwjk4ep","rituals/concealments-curtain.json","","caster","unmatched","Variable, sustained or open-ended duration requires review"
"Concordant Choir","Compendium.pf2e.spells-srd.Item.TSyFZNAbqfkRrcq0","spells/rank-1/concordant-choir.json","","area","unmatched","No suitable supported visual theme"
"Conductive Weapon","Compendium.pf2e.spells-srd.Item.fkUCvynklBGb4LaI","spells/rank-1/conductive-weapon.json","","caster","unmatched","Target/object placement needs manual review; caster placement would be misleading"
"Cone of Cold","Compendium.pf2e.spells-srd.Item.3puDanGfpEt6jK5k","spells/rank-5/cone-of-cold.json","Frost","area","enabled","Single cold damage type"
"Confetti Cloud","Compendium.pf2e.spells-srd.Item.CI7F5qdwp6YngyFt","spells/rank-2/confetti-cloud.json","","area","unmatched","No suitable supported visual theme"
"Confound the Eye and Confuse the Mind","Compendium.pf2e.spells-srd.Item.dobuPIfpDHjIq8DP","rituals/confound-the-eye-and-confuse-the-mind.json","","caster","unmatched","Target/object placement needs manual review; caster placement would be misleading"
"Confront Selves","Compendium.pf2e.spells-srd.Item.VGK9s6LCMMS027zP","focus/confront-selves.json","","damage","unmatched","Sustained expiration requires GM review"
"Confusing Colors","Compendium.pf2e.spells-srd.Item.uEyfLoFQsRKBRIcB","spells/rank-8/confusing-colors.json","","area","unmatched","Sustained expiration requires GM review"
"Confusing Cry","Compendium.pf2e.spells-srd.Item.I7oklLZy4aTHIdc3","spells/rank-5/confusing-cry.json","","area","unmatched","No suitable supported visual theme"
"Confusion","Compendium.pf2e.spells-srd.Item.LiGbewa9pO0yjbsY","spells/rank-4/confusion.json","","caster","unmatched","Target/object placement needs manual review; caster placement would be misleading"
"Conglomerate of Limbs","Compendium.pf2e.spells-srd.Item.2isMyTRtpZy0Xinj","focus/necromancer/conglomerate-of-limbs.json","","caster","unmatched","Target/object placement needs manual review; caster placement would be misleading"
"Conjured Clockwork","Compendium.pf2e.spells-srd.Item.eob29LrDMH2IoeAj","focus/conjured-clockwork.json","","area","unmatched","Sustained expiration requires GM review"
"Conjured Conveyance","Compendium.pf2e.spells-srd.Item.FQd6Jc3CU6wiS2U7","spells/rank-3/conjured-conveyance.json","","caster","unmatched","Target/object placement needs manual review; caster placement would be misleading"
"Conjurer's Countermeasure","Compendium.pf2e.spells-srd.Item.rtisvvvhkpZPdgXc","focus/magus/conjurers-countermeasure.json","","caster","unmatched","Variable, sustained or open-ended duration requires review"
"Connective Current","Compendium.pf2e.spells-srd.Item.t6vJnkyAYLXrOjQI","spells/rank-1/connective-current.json","","caster","unmatched","Target/object placement needs manual review; caster placement would be misleading"
"Conquering Soldiers","Compendium.pf2e.spells-srd.Item.ion3VOiLan6ga3QC","spells/rank-10/conquering-soldiers.json","","caster","unmatched","Variable, sustained or open-ended duration requires review"
"Consecrate","Compendium.pf2e.spells-srd.Item.Dbd5W6G8U2vzWolN","rituals/consecrate.json","","area","unmatched","Base area likely exceeds the 120-cell visual limit"
"Consecrate Flesh","Compendium.pf2e.spells-srd.Item.DgNOpb8H9MTAu9KL","spells/rank-3/consecrate-flesh.json","","damage","unmatched","No suitable supported visual theme"
"Construct Mindscape","Compendium.pf2e.spells-srd.Item.Pp88ueeq4AlkaL6g","rituals/construct-mindscape.json","","caster","unmatched","Target/object placement needs manual review; caster placement would be misleading"
"Consuming Darkness","Compendium.pf2e.spells-srd.Item.HMTloW1hvRFJ5Z2D","focus/consuming-darkness.json","Haze (Deathly)","area","review","Sustained expiration requires GM review"
"Contact Friends","Compendium.pf2e.spells-srd.Item.9vDmTCHyAWdWWPIs","rituals/contact-friends.json","","caster","unmatched","Target/object placement needs manual review; caster placement would be misleading"
"Contagious Idea","Compendium.pf2e.spells-srd.Item.Dby1eQ7y5dXBWlyc","focus/contagious-idea.json","","caster","unmatched","Target/object placement needs manual review; caster placement would be misleading"
"Containment","Compendium.pf2e.spells-srd.Item.qJQADktwD0x8kLAy","spells/rank-4/containment.json","","caster","unmatched","Target/object placement needs manual review; caster placement would be misleading"
"Contingency","Compendium.pf2e.spells-srd.Item.WG91Z5TiR6oO5FOw","spells/rank-7/contingency.json","","caster","unmatched","Variable, sustained or open-ended duration requires review"
"Control Sand","Compendium.pf2e.spells-srd.Item.oahqARSgOGDRybBQ","spells/rank-7/control-sand.json","Sand","area","review","Sustained expiration requires GM review"
"Control Water","Compendium.pf2e.spells-srd.Item.zfn5RqAdF63neqpP","spells/rank-5/control-water.json","","caster","unmatched","Target/object placement needs manual review; caster placement would be misleading"
"Control Weather","Compendium.pf2e.spells-srd.Item.XkDCzMIyc0YOjw05","rituals/control-weather.json","","caster","unmatched","Variable, sustained or open-ended duration requires review"
"Coral Eruption","Compendium.pf2e.spells-srd.Item.h7RtKSKGViNtD5o4","spells/rank-4/coral-eruption.json","","area","unmatched","No suitable supported visual theme"
"Coral Scourge","Compendium.pf2e.spells-srd.Item.ZIk1EYbG6l4JuUkO","spells/rank-3/coral-scourge.json","","caster","unmatched","Target/object placement needs manual review; caster placement would be misleading"
"Cordyceps Command","Compendium.pf2e.spells-srd.Item.ADwX87fWrpB8cQ5Q","spells/rank-3/cordyceps-command.json","","caster","unmatched","Target/object placement needs manual review; caster placement would be misleading"
"Cornucopia","Compendium.pf2e.spells-srd.Item.vQuwLqtFFYt0K15N","focus/cornucopia.json","","caster","unmatched","Target/object placement needs manual review; caster placement would be misleading"
"Corpse Bloom","Compendium.pf2e.spells-srd.Item.zf2OwwvIwu8JHoY2","spells/rank-3/corpse-bloom.json","","area","unmatched","No suitable supported visual theme"
"Corpse Communion","Compendium.pf2e.spells-srd.Item.WRmh1aKEo0dI0NJs","rituals/corpse-communion.json","","caster","unmatched","Target/object placement needs manual review; caster placement would be misleading"
"Corrosive Body","Compendium.pf2e.spells-srd.Item.9aFg4EuOBVz0i3Lb","spells/rank-7/corrosive-body.json","Acid","damage","enabled","Single acid damage type"
"Corrosive Muck","Compendium.pf2e.spells-srd.Item.BlfOg9Ceymgjstjm","spells/rank-5/corrosive-muck.json","Acid","area","enabled","Single acid damage type"
"Cosmic Form","Compendium.pf2e.spells-srd.Item.IHUs4qn27RrdFQ5Y","spells/rank-7/cosmic-form.json","","caster","unmatched","Target/object placement needs manual review; caster placement would be misleading"
"Counter Performance","Compendium.pf2e.spells-srd.Item.WILXkjU5Yq3yw10r","focus/counter-performance.json","","area","unmatched","Base area likely exceeds the 120-cell visual limit"
"Countless Eyes","Compendium.pf2e.spells-srd.Item.ykyKclKTCMp2SFXa","spells/rank-4/countless-eyes.json","","caster","unmatched","Target/object placement needs manual review; caster placement would be misleading"
"Courageous Anthem","Compendium.pf2e.spells-srd.Item.IAjvwqgiDr3qGYxY","focus/courageous-anthem.json","","area","unmatched","Base area likely exceeds the 120-cell visual limit"
"Cozy Cabin","Compendium.pf2e.spells-srd.Item.mwPfoYfVGSMAaUec","spells/rank-3/cozy-cabin.json","","caster","unmatched","Target/object placement needs manual review; caster placement would be misleading"
"Cradle Aloft","Compendium.pf2e.spells-srd.Item.nPb8DDs4rZpBLWIb","spells/rank-1/cradle-aloft.json","","caster","unmatched","Target/object placement needs manual review; caster placement would be misleading"
"Crashing Wave","Compendium.pf2e.spells-srd.Item.T4QKmtYPeCgYxVGe","spells/rank-3/crashing-wave.json","","area","unmatched","No suitable supported visual theme"
"Create Demiplane","Compendium.pf2e.spells-srd.Item.ZwwIUavMbEwcZz35","rituals/create-demiplane.json","","caster","unmatched","Target/object placement needs manual review; caster placement would be misleading"
"Create Earthen Facsimile","Compendium.pf2e.spells-srd.Item.AI5B9jzdB1g1Lf8A","spells/cantrip/create-earthen-facsimile.json","","caster","unmatched","Target/object placement needs manual review; caster placement would be misleading"
"Create Food","Compendium.pf2e.spells-srd.Item.Mt6ZzkVX8Q4xigFq","spells/rank-2/create-food.json","","caster","unmatched","Target/object placement needs manual review; caster placement would be misleading"
"Create Mycoguardian","Compendium.pf2e.spells-srd.Item.6nPc5CPRUbSSRDP1","rituals/create-mycoguardian.json","","caster","unmatched","Target/object placement needs manual review; caster placement would be misleading"
"Create Skinstitch","Compendium.pf2e.spells-srd.Item.NCUXsaj2yFxOVhrK","rituals/create-skinstitch.json","","caster","unmatched","Target/object placement needs manual review; caster placement would be misleading"
"Create Thrall","Compendium.pf2e.spells-srd.Item.1JaRoJvlf8EPvnnD","focus/necromancer/create-thrall.json","","caster","unmatched","Target/object placement needs manual review; caster placement would be misleading"
"Create Undead","Compendium.pf2e.spells-srd.Item.c3b6LdLlQDPngNIb","rituals/create-undead.json","","caster","unmatched","Target/object placement needs manual review; caster placement would be misleading"
"Create Water","Compendium.pf2e.spells-srd.Item.WzLKjSw6hsBhuklC","spells/rank-1/create-water.json","","caster","unmatched","Target/object placement needs manual review; caster placement would be misleading"
"Creation","Compendium.pf2e.spells-srd.Item.TUj8eugNqAvB1vVR","spells/rank-4/creation.json","","caster","unmatched","Target/object placement needs manual review; caster placement would be misleading"
"Creative Splash","Compendium.pf2e.spells-srd.Item.xTpp8dHZsNMDm75B","focus/creative-splash.json","","area","unmatched","Variable, sustained or open-ended duration requires review"
"Crescent Scepter","Compendium.pf2e.spells-srd.Item.C8HWMMuB5tMhqJ5W","focus/crescent-scepter.json","","caster","unmatched","Variable, sustained or open-ended duration requires review"
"Crimson Breath","Compendium.pf2e.spells-srd.Item.ExQk8AwDphmckEmZ","spells/rank-6/crimson-breath.json","","damage","unmatched","No suitable supported visual theme"
"Crisis of Faith","Compendium.pf2e.spells-srd.Item.3x6eUCm17n6ROzUa","spells/rank-3/crisis-of-faith.json","","damage","unmatched","No suitable supported visual theme"
"Croak Voice","Compendium.pf2e.spells-srd.Item.zVfTMpkXJDRESkl5","spells/rank-3/croak-voice.json","","damage","unmatched","No suitable supported visual theme"
"Crown of Prophets","Compendium.pf2e.spells-srd.Item.h2DLv8TQV0Z83tQp","focus/crown-of-prophets.json","","damage","unmatched","Sustained expiration requires GM review"
"Crucible of Iron","Compendium.pf2e.spells-srd.Item.i5h9VQ1T6MLInINM","spells/rank-5/crucible-of-iron.json","Fire","damage","enabled","Single fire damage type"
"Crusade","Compendium.pf2e.spells-srd.Item.xFY9RtDE4DQKlWNR","spells/rank-9/crusade.json","","caster","unmatched","Target/object placement needs manual review; caster placement would be misleading"
"Crushing Ground","Compendium.pf2e.spells-srd.Item.AiWtiVmyasyL42J8","focus/crushing-ground.json","","damage","unmatched","No suitable supported visual theme"
"Cry of Destruction","Compendium.pf2e.spells-srd.Item.0H1ozccQGGFLUwFI","focus/cry-of-destruction.json","","area","unmatched","No suitable supported visual theme"
"Cryostasis","Compendium.pf2e.spells-srd.Item.KrtyumXXHtUYbFO1","spells/rank-6/cryostasis.json","","caster","unmatched","Target/object placement needs manual review; caster placement would be misleading"
"Crystallized Vapors","Compendium.pf2e.spells-srd.Item.elusjGnE5zuDBqoe","spells/rank-4/crystallized-vapors.json","Frost","area","review","Mixed damage types: cold, bludgeoning"
"Cup of Dust","Compendium.pf2e.spells-srd.Item.10siFBMF4pIDhVmf","spells/rank-3/cup-of-dust.json","","caster","unmatched","Target/object placement needs manual review; caster placement would be misleading"
"Curse of Calamity","Compendium.pf2e.spells-srd.Item.CGB3a9gJU5S8gjKk","rituals/curse-of-calamity.json","","caster","unmatched","Variable, sustained or open-ended duration requires review"
"Curse of Death","Compendium.pf2e.spells-srd.Item.nQS4vPm5zprqkzFZ","focus/curse-of-death.json","","caster","unmatched","Sustained expiration requires GM review"
"Curse of Lost Time","Compendium.pf2e.spells-srd.Item.B3eLlbaPxOYHcs1o","spells/rank-3/curse-of-lost-time.json","","damage","unmatched","Variable, sustained or open-ended duration requires review"
"Curse of Recoil","Compendium.pf2e.spells-srd.Item.9uSBfK8EUVBrcNYx","spells/rank-1/curse-of-recoil.json","","caster","unmatched","Target/object placement needs manual review; caster placement would be misleading"
"Curse of the Spirit Orchestra","Compendium.pf2e.spells-srd.Item.1VOjUKd1pacI67RZ","spells/rank-7/curse-of-the-spirit-orchestra.json","","caster","unmatched","Variable, sustained or open-ended duration requires review"
"Cursed Metamorphosis","Compendium.pf2e.spells-srd.Item.dN8QBNuTiaBHCKUe","spells/rank-6/cursed-metamorphosis.json","","caster","unmatched","Variable, sustained or open-ended duration requires review"
"Cutting Eye","Compendium.pf2e.spells-srd.Item.mMyMOxYzMxADdO5M","focus/cutting-eye.json","","caster","unmatched","Target/object placement needs manual review; caster placement would be misleading"
"Cutting Insult","Compendium.pf2e.spells-srd.Item.1hLxZznnA2kvXlIt","spells/rank-2/cutting-insult.json","Blood","damage","review","Mixed damage types: mental, bleed"
"Cycle of Retribution","Compendium.pf2e.spells-srd.Item.m2i7N8tnqar3gZDZ","spells/rank-1/cycle-of-retribution.json","","damage","unmatched","Sustained expiration requires GM review"
"Cyclone Rondo","Compendium.pf2e.spells-srd.Item.IDkEuq5jLEDhJ31C","spells/rank-3/cyclone-rondo.json","","area","unmatched","Sustained expiration requires GM review"
"Daemon Form","Compendium.pf2e.spells-srd.Item.aSDfGcUOUVGU5m1g","spells/rank-6/daemon-form.json","","caster","unmatched","Target/object placement needs manual review; caster placement would be misleading"
"Daemonic Pact","Compendium.pf2e.spells-srd.Item.Vpohy4XH1DaH95hT","rituals/daemonic-pact.json","","caster","unmatched","Target/object placement needs manual review; caster placement would be misleading"
"Dance of Darkness","Compendium.pf2e.spells-srd.Item.9BGEf9Sv5rgNBCk0","focus/dance-of-darkness.json","","caster","unmatched","Variable, sustained or open-ended duration requires review"
"Dancing Blade","Compendium.pf2e.spells-srd.Item.ViqzVEprQVzCXZ9f","focus/dancing-blade.json","","damage","unmatched","Sustained expiration requires GM review"
"Dancing Fountain","Compendium.pf2e.spells-srd.Item.smiVuoFMSgY2FTOO","spells/rank-7/dancing-fountain.json","","area","unmatched","Sustained expiration requires GM review"
"Dancing Shield","Compendium.pf2e.spells-srd.Item.8Hw3P6eurX1MYm7L","spells/rank-2/dancing-shield.json","","caster","unmatched","Sustained expiration requires GM review"
"Darkened Eyes","Compendium.pf2e.spells-srd.Item.oiUhJbJ3YCKF62Fu","focus/darkened-eyes.json","","caster","unmatched","Variable, sustained or open-ended duration requires review"
"Darkened Forest Form","Compendium.pf2e.spells-srd.Item.BhJtCTLbngvZm8EA","focus/darkened-forest-form.json","","caster","unmatched","Sustained expiration requires GM review"
"Darkened Sight","Compendium.pf2e.spells-srd.Item.2WNFbvToMsEGxmeK","focus/darkened-sight.json","","caster","unmatched","Target/object placement needs manual review; caster placement would be misleading"
"Darklight","Compendium.pf2e.spells-srd.Item.sFwoKj0TsacsmoWj","focus/darklight.json","","area","unmatched","Mixed damage types: bludgeoning, void"
"Darkness","Compendium.pf2e.spells-srd.Item.4GE2ZdODgIQtg51c","spells/rank-2/darkness.json","Haze (Deathly)","area","enabled","Curated darkness visual theme"
"Darkvision","Compendium.pf2e.spells-srd.Item.pZTqGY1MLRjgKasV","spells/rank-2/darkvision.json","","caster","unmatched","Target/object placement needs manual review; caster placement would be misleading"
"Dawnflower's Light","Compendium.pf2e.spells-srd.Item.11P3KgDTMIeQIJD7","spells/rank-4/dawnflowers-light.json","","caster","unmatched","Sustained expiration requires GM review"
"Day's Weight","Compendium.pf2e.spells-srd.Item.Llx0xKvtu8S4z6TI","spells/rank-3/days-weight.json","","caster","unmatched","Target/object placement needs manual review; caster placement would be misleading"
"Daydreamer's Curse","Compendium.pf2e.spells-srd.Item.dARE6VfJ3Uoq5M53","spells/rank-4/daydreamers-curse.json","","caster","unmatched","Variable, sustained or open-ended duration requires review"
"Daze","Compendium.pf2e.spells-srd.Item.4gBIw4IDrSfFHik4","spells/cantrip/daze.json","","damage","unmatched","No suitable supported visual theme"
"Dazzling Flash","Compendium.pf2e.spells-srd.Item.zul5cBTfr7NXHBZf","focus/dazzling-flash.json","","area","unmatched","No suitable supported visual theme"
"Dead Weight","Compendium.pf2e.spells-srd.Item.4kQMFyRKj5Gv13zl","focus/necromancer/dead-weight.json","","caster","unmatched","Target/object placement needs manual review; caster placement would be misleading"
"Deafness","Compendium.pf2e.spells-srd.Item.fZPCv2VHuM2yPbC8","spells/rank-2/deafness.json","","caster","unmatched","Target/object placement needs manual review; caster placement would be misleading"
"Death Knell","Compendium.pf2e.spells-srd.Item.dLdRqT6UxTKlsPgp","spells/rank-2/death-knell.json","","caster","unmatched","Target/object placement needs manual review; caster placement would be misleading"
"Death Ward","Compendium.pf2e.spells-srd.Item.YvXKGlHOt7mdW2jZ","spells/rank-5/death-ward.json","","caster","unmatched","Target/object placement needs manual review; caster placement would be misleading"
"Death's Call","Compendium.pf2e.spells-srd.Item.HG4afO9EOGEU9bZN","focus/deaths-call.json","","caster","unmatched","Target/object placement needs manual review; caster placement would be misleading"
"Deathless March","Compendium.pf2e.spells-srd.Item.ik0bjmAJse9PSECL","spells/rank-4/deathless-march.json","","area","unmatched","No suitable supported visual theme"
"Deathly Scream","Compendium.pf2e.spells-srd.Item.aIPa7Yp4vGeKIKNG","focus/deathly-scream.json","","area","unmatched","No suitable supported visual theme"
"Debilitating Dichotomy","Compendium.pf2e.spells-srd.Item.VmqdVWCb8zAUCW8S","focus/debilitating-dichotomy.json","","damage","unmatched","No suitable supported visual theme"
"Debilitating Terror","Compendium.pf2e.spells-srd.Item.AzTFMy9E9HQcLNRg","focus/debilitating-terror.json","","caster","unmatched","Variable, sustained or open-ended duration requires review"
"Deceiver's Cloak","Compendium.pf2e.spells-srd.Item.FrKPwgFxWIGMGgs4","focus/deceivers-cloak.json","","caster","unmatched","Target/object placement needs manual review; caster placement would be misleading"
"Decompose","Compendium.pf2e.spells-srd.Item.AvUDguV71UG7srSj","spells/rank-1/decompose.json","","caster","unmatched","Target/object placement needs manual review; caster placement would be misleading"
"Deep Breath","Compendium.pf2e.spells-srd.Item.C2DwamKrW6QHoDQg","spells/cantrip/deep-breath.json","","caster","unmatched","Target/object placement needs manual review; caster placement would be misleading"
"Deep Sight","Compendium.pf2e.spells-srd.Item.Irlpzl1YBSJ6xF5e","spells/rank-3/deep-sight.json","","caster","unmatched","Target/object placement needs manual review; caster placement would be misleading"
"Defended by Spirits","Compendium.pf2e.spells-srd.Item.oK8P3l5VvNKKDkZe","spells/rank-1/defended-by-spirits.json","","damage","unmatched","Sustained expiration requires GM review"
"Defensive Prescience","Compendium.pf2e.spells-srd.Item.612RGV93By661ST3","spells/rank-3/defensive-prescience.json","","damage","unmatched","No suitable supported visual theme"
"Defy the Gods","Compendium.pf2e.spells-srd.Item.3ZNuJm5LDA8GkFsH","spells/rank-7/defy-the-gods.json","","caster","unmatched","Target/object placement needs manual review; caster placement would be misleading"
"Dehydrate","Compendium.pf2e.spells-srd.Item.f9m9DayyGy3meqUX","spells/rank-1/dehydrate.json","Fire","area","enabled","Single fire damage type"
"Deity's Strike","Compendium.pf2e.spells-srd.Item.x9RIFhquazom4p02","spells/rank-7/deitys-strike.json","","area","unmatched","No suitable supported visual theme"
"Déjà Vu","Compendium.pf2e.spells-srd.Item.rerNA6YZsdxuJYt3","spells/rank-1/déjà-vu.json","","caster","unmatched","Target/object placement needs manual review; caster placement would be misleading"
"Delay Affliction","Compendium.pf2e.spells-srd.Item.ziHDISWkFSwz3pmn","focus/delay-affliction.json","","caster","unmatched","Target/object placement needs manual review; caster placement would be misleading"
"Delay Consequence","Compendium.pf2e.spells-srd.Item.3wmX7htzOXiHLdAn","focus/delay-consequence.json","","caster","unmatched","Target/object placement needs manual review; caster placement would be misleading"
"Deluge","Compendium.pf2e.spells-srd.Item.8fEfjvC01gNclDKJ","spells/rank-8/deluge.json","Flooding","area","review","Base area likely exceeds the 120-cell visual limit"
"Delusional Pride","Compendium.pf2e.spells-srd.Item.J8pL8yTshga8QOk8","focus/delusional-pride.json","","caster","unmatched","Variable, sustained or open-ended duration requires review"
"Demon Form","Compendium.pf2e.spells-srd.Item.dKbv80rlAWVpz83C","spells/rank-6/demon-form.json","","caster","unmatched","Target/object placement needs manual review; caster placement would be misleading"
"Demonic Pact","Compendium.pf2e.spells-srd.Item.tsKnoBuBbKMXkiz5","rituals/demonic-pact.json","","caster","unmatched","Target/object placement needs manual review; caster placement would be misleading"
"Desiccate","Compendium.pf2e.spells-srd.Item.M0jQlpQYUr0pp2Sv","spells/rank-8/desiccate.json","","damage","unmatched","No suitable supported visual theme"
"Desperate Repair","Compendium.pf2e.spells-srd.Item.92JNBuY5pfFmywOd","spells/rank-5/desperate-repair.json","","caster","unmatched","Target/object placement needs manual review; caster placement would be misleading"
"Destroy Mindscape","Compendium.pf2e.spells-srd.Item.dQGn0eAyvYMDdj0h","rituals/destroy-mindscape.json","","caster","unmatched","Target/object placement needs manual review; caster placement would be misleading"
"Destructive Aura","Compendium.pf2e.spells-srd.Item.7d4DUTDIlzDa8OvX","focus/destructive-aura.json","","area","unmatched","No suitable supported visual theme"
"Detect Creator","Compendium.pf2e.spells-srd.Item.kREpsv78anJpIiq2","spells/rank-4/detect-creator.json","","caster","unmatched","Sustained expiration requires GM review"
"Detect Magic","Compendium.pf2e.spells-srd.Item.gpzpAAAJ1Lza2JVl","spells/cantrip/detect-magic.json","","area","unmatched","No suitable supported visual theme"
"Detect Metal","Compendium.pf2e.spells-srd.Item.vJZ83ehQiM906lea","spells/cantrip/detect-metal.json","","area","unmatched","No suitable supported visual theme"
"Detect Poison","Compendium.pf2e.spells-srd.Item.QqxwHeYEVylkYjsO","spells/rank-1/detect-poison.json","","caster","unmatched","Target/object placement needs manual review; caster placement would be misleading"
"Detect Scrying","Compendium.pf2e.spells-srd.Item.AnWCohzPgK4L9GVl","spells/rank-4/detect-scrying.json","","area","unmatched","No suitable supported visual theme"
"Detonate Magic","Compendium.pf2e.spells-srd.Item.kUSShxXzY1sPtJA0","spells/rank-9/detonate-magic.json","","area","unmatched","No suitable supported visual theme"
"Devil Form","Compendium.pf2e.spells-srd.Item.dR53f0p15EW7D0xC","spells/rank-6/devil-form.json","","caster","unmatched","Target/object placement needs manual review; caster placement would be misleading"
"Devour Life","Compendium.pf2e.spells-srd.Item.PgLvO8UNHSj5f61m","spells/rank-8/devour-life.json","","damage","unmatched","No suitable supported visual theme"
"Devouring Dark Form","Compendium.pf2e.spells-srd.Item.wTldMJx0vyBAehrI","focus/devouring-dark-form.json","","caster","unmatched","Sustained expiration requires GM review"
"Devouring Void","Compendium.pf2e.spells-srd.Item.EAuUxxnDV4v3KDAC","spells/rank-7/devouring-void.json","","area","unmatched","Sustained expiration requires GM review"
"Diabolic Edict","Compendium.pf2e.spells-srd.Item.Vctwx1ewa8HUOA94","focus/diabolic-edict.json","","caster","unmatched","Target/object placement needs manual review; caster placement would be misleading"
"Diabolic Pact","Compendium.pf2e.spells-srd.Item.30BBep9U4BDV0EgQ","rituals/diabolic-pact.json","","caster","unmatched","Target/object placement needs manual review; caster placement would be misleading"
"Diadem of Divine Radiance","Compendium.pf2e.spells-srd.Item.AWxS2lr86qNNQVDT","spells/rank-5/diadem-of-divine-radiance.json","","damage","unmatched","No suitable supported visual theme"
"Diamond Dust","Compendium.pf2e.spells-srd.Item.wjJW9hWY5CkkMvY5","focus/diamond-dust.json","Frost","area","enabled","Single cold damage type"
"Dim the Light","Compendium.pf2e.spells-srd.Item.6UafOE1ZUbHamsZJ","focus/dim-the-light.json","","caster","unmatched","Target/object placement needs manual review; caster placement would be misleading"
"Dimensional Assault","Compendium.pf2e.spells-srd.Item.5p9Y4ACrtRM4gTpN","focus/magus/dimensional-assault.json","","caster","unmatched","Target/object placement needs manual review; caster placement would be misleading"
"Dimensional Drop","Compendium.pf2e.spells-srd.Item.PnZQsPSYFtTQFiU1","spells/rank-2/dimensional-drop.json","","caster","unmatched","Target/object placement needs manual review; caster placement would be misleading"
"Dimensional Excision","Compendium.pf2e.spells-srd.Item.MFPvs0ARxtThYPFq","spells/rank-9/dimensional-excision.json","Blood","damage","review","Mixed damage types: untyped, bleed"
"Dimensional Steps","Compendium.pf2e.spells-srd.Item.zjG6NncHyAKqSF7m","focus/dimensional-steps.json","","caster","unmatched","Target/object placement needs manual review; caster placement would be misleading"
"Dinosaur Form","Compendium.pf2e.spells-srd.Item.KhM8MhoUgoUjBMIz","spells/rank-4/dinosaur-form.json","","caster","unmatched","Target/object placement needs manual review; caster placement would be misleading"
"Dinosaur Fort","Compendium.pf2e.spells-srd.Item.FA55Fxf8MBXhje95","spells/rank-10/dinosaur-fort.json","","caster","unmatched","Variable, sustained or open-ended duration requires review"
"Dirge of Doom","Compendium.pf2e.spells-srd.Item.1xLVcA8Y1onw7toT","focus/dirge-of-doom.json","","area","unmatched","No suitable supported visual theme"
"Dirge of Remembrance","Compendium.pf2e.spells-srd.Item.FCfd1zUrqPaLEtau","spells/rank-4/dirge-of-remembrance.json","","area","unmatched","Sustained expiration requires GM review"
"Disappearance","Compendium.pf2e.spells-srd.Item.wfleiawxsfhpRRwf","spells/rank-8/disappearance.json","","caster","unmatched","Target/object placement needs manual review; caster placement would be misleading"
"Discern Lies","Compendium.pf2e.spells-srd.Item.uNsliWpl8Q1JdFcM","spells/rank-4/discern-lies.json","","caster","unmatched","Target/object placement needs manual review; caster placement would be misleading"
"Discern Secrets","Compendium.pf2e.spells-srd.Item.UmXhuKrYZR3W16mQ","focus/discern-secrets.json","","caster","unmatched","Sustained expiration requires GM review"
"Discomfiting Whispers","Compendium.pf2e.spells-srd.Item.t1e3U2eluRsp2izf","focus/discomfiting-whispers.json","","area","unmatched","Sustained expiration requires GM review"
"Disguise Magic","Compendium.pf2e.spells-srd.Item.PRrZ7anETWPm90YY","spells/rank-1/disguise-magic.json","","caster","unmatched","Variable, sustained or open-ended duration requires review"
"Disintegrate","Compendium.pf2e.spells-srd.Item.r7ihOgKv19eJQnik","spells/rank-6/disintegrate.json","","damage","unmatched","No suitable supported visual theme"
"Disintegrating Puddle","Compendium.pf2e.spells-srd.Item.NWIDE4XKtL3Nb4pO","spells/rank-2/disintegrating-puddle.json","Acid","damage","enabled","Single acid damage type"
"Disjunction","Compendium.pf2e.spells-srd.Item.ihbRf964JDXztcy3","spells/rank-9/disjunction.json","","caster","unmatched","Target/object placement needs manual review; caster placement would be misleading"
"Dismantle","Compendium.pf2e.spells-srd.Item.jW2asKFchuoxniSH","spells/rank-2/dismantle.json","","caster","unmatched","Target/object placement needs manual review; caster placement would be misleading"
"Disorienting Flash","Compendium.pf2e.spells-srd.Item.iALgymtr6vhsHFCr","spells/rank-2/disorienting-flash.json","","area","unmatched","No suitable supported visual theme"
"Dispel Magic","Compendium.pf2e.spells-srd.Item.9HpwDN4MYQJnW0LG","spells/rank-2/dispel-magic.json","","caster","unmatched","Target/object placement needs manual review; caster placement would be misleading"
"Dispelling Globe","Compendium.pf2e.spells-srd.Item.JOdOpbPDl7nqvJUm","spells/rank-4/dispelling-globe.json","","area","unmatched","No suitable supported visual theme"
"Disperse into Air","Compendium.pf2e.spells-srd.Item.L8pzCOi7Jzx5ALs9","focus/disperse-into-air.json","","caster","unmatched","Target/object placement needs manual review; caster placement would be misleading"
"Disruptive Transfer","Compendium.pf2e.spells-srd.Item.jSJz4vx0fXPHa3d6","spells/rank-3/disruptive-transfer.json","","caster","unmatched","Target/object placement needs manual review; caster placement would be misleading"
"Distortion Lens","Compendium.pf2e.spells-srd.Item.WOM9alxiTdp0HEVD","focus/distortion-lens.json","","area","unmatched","Sustained expiration requires GM review"
"Distracting Chatter","Compendium.pf2e.spells-srd.Item.JHntYF0SbaWKq7wR","spells/rank-3/distracting-chatter.json","","caster","unmatched","Variable, sustained or open-ended duration requires review"
"Distracting Decoy","Compendium.pf2e.spells-srd.Item.z8bHh8KVttslQIU9","focus/distracting-decoy.json","","caster","unmatched","Target/object placement needs manual review; caster placement would be misleading"
"Div Pact","Compendium.pf2e.spells-srd.Item.D8cWhrzcsd43OlIX","rituals/div-pact.json","","caster","unmatched","Target/object placement needs manual review; caster placement would be misleading"
"Dive and Breach","Compendium.pf2e.spells-srd.Item.1xM9muPRa8hiyJtI","spells/rank-3/dive-and-breach.json","","area","unmatched","No suitable supported visual theme"
"Dividing Trench","Compendium.pf2e.spells-srd.Item.8OWA91bgm5r6QPaH","spells/rank-3/dividing-trench.json","","caster","unmatched","Target/object placement needs manual review; caster placement would be misleading"
"Divine Armageddon","Compendium.pf2e.spells-srd.Item.it4wx2mDIJDlZGqS","spells/rank-8/divine-armageddon.json","","area","unmatched","Base area likely exceeds the 120-cell visual limit"
"Divine Aura","Compendium.pf2e.spells-srd.Item.nsQvjNyg4Whw2mek","spells/rank-8/divine-aura.json","","area","unmatched","Sustained expiration requires GM review"
"Divine Decree","Compendium.pf2e.spells-srd.Item.sX2o0HH4RjJDAZ8C","spells/rank-7/divine-decree.json","","area","unmatched","Base area likely exceeds the 120-cell visual limit"
"Divine Dragon's Watch","Compendium.pf2e.spells-srd.Item.BBiO9ZdwyEJ581ES","spells/rank-5/divine-dragons-watch.json","","caster","unmatched","Target/object placement needs manual review; caster placement would be misleading"
"Divine Immolation","Compendium.pf2e.spells-srd.Item.A16eFTRh82xIjMu8","spells/rank-5/divine-immolation.json","Fire","area","enabled","Single fire damage type"
"Divine Inspiration","Compendium.pf2e.spells-srd.Item.KtTGLbLG9nqMbUYL","spells/rank-8/divine-inspiration.json","","caster","unmatched","Target/object placement needs manual review; caster placement would be misleading"
"Divine Keystone","Compendium.pf2e.spells-srd.Item.xKHq2Eisapixvj6q","rituals/divine-keystone.json","","area","unmatched","Base area likely exceeds the 120-cell visual limit"
"Divine Lance","Compendium.pf2e.spells-srd.Item.qwZBXN6zBoB9BHXE","spells/cantrip/divine-lance.json","","damage","unmatched","No suitable supported visual theme"
"Divine Plagues","Compendium.pf2e.spells-srd.Item.NkeLctXo9FLGnDhi","focus/divine-plagues.json","","caster","unmatched","Target/object placement needs manual review; caster placement would be misleading"
"Divine Vessel","Compendium.pf2e.spells-srd.Item.hiVL8qsnTJtpouw0","spells/rank-7/divine-vessel.json","","caster","unmatched","Target/object placement needs manual review; caster placement would be misleading"
"Divine Wrath","Compendium.pf2e.spells-srd.Item.hVU9msO9yGkxKZ3J","spells/rank-4/divine-wrath.json","","area","unmatched","No suitable supported visual theme"
"Diviner's Sight","Compendium.pf2e.spells-srd.Item.oFwmdb6LlRrh9AUT","focus/diviners-sight.json","","caster","unmatched","Variable, sustained or open-ended duration requires review"
"Divinity Leech","Compendium.pf2e.spells-srd.Item.T5Mt4jXFuh14uREv","spells/rank-9/divinity-leech.json","","caster","unmatched","Sustained expiration requires GM review"
"Dizzying Colors","Compendium.pf2e.spells-srd.Item.UKsIOWmMx4hSpafl","spells/rank-1/dizzying-colors.json","","area","unmatched","Variable, sustained or open-ended duration requires review"
"Dome of Tranquility","Compendium.pf2e.spells-srd.Item.5MTabjj3t9ctdJi2","spells/rank-1/dome-of-tranquility.json","","area","unmatched","No suitable supported visual theme"
"Dominate","Compendium.pf2e.spells-srd.Item.OsOhx3TGIZ7AhD0P","spells/rank-6/dominate.json","","caster","unmatched","Variable, sustained or open-ended duration requires review"
"Domora's Defense","Compendium.pf2e.spells-srd.Item.PIdXUPtE6ZGpFpXV","spells/rank-5/domoras-defense.json","","caster","unmatched","Sustained expiration requires GM review"
"Doom Mark","Compendium.pf2e.spells-srd.Item.qYoukjLwXdEbPQaW","spells/rank-6/doom-mark.json","","damage","unmatched","No suitable supported visual theme"
"Door to Beyond","Compendium.pf2e.spells-srd.Item.iMmexY6ZosLS4I5R","focus/door-to-beyond.json","","area","unmatched","No suitable supported visual theme"
"Downpour","Compendium.pf2e.spells-srd.Item.K4LXpaBWrGy6jIER","focus/downpour.json","","area","unmatched","No suitable supported visual theme"
"Draconic Barrage","Compendium.pf2e.spells-srd.Item.S6Kkk15MWGqzC00a","focus/draconic-barrage.json","","damage","unmatched","No suitable supported visual theme"
"Dragon Breath","Compendium.pf2e.spells-srd.Item.JcobNl4iE9HmMYtE","focus/dragon-breath.json","","area","unmatched","No suitable supported visual theme"
"Dragon Form","Compendium.pf2e.spells-srd.Item.5c692cCcTDXjSEzk","spells/rank-6/dragon-form.json","","caster","unmatched","Target/object placement needs manual review; caster placement would be misleading"
"Dragon Turret","Compendium.pf2e.spells-srd.Item.eAOClJ1KRSPik8SX","spells/rank-10/dragon-turret.json","","area","unmatched","Sustained expiration requires GM review"
"Dragon Wings","Compendium.pf2e.spells-srd.Item.HWJODX2zPg5cg34F","focus/dragon-wings.json","","caster","unmatched","Target/object placement needs manual review; caster placement would be misleading"
"Drain Life","Compendium.pf2e.spells-srd.Item.cqdmSmQnM0q6wbWG","focus/drain-life.json","","damage","unmatched","No suitable supported visual theme"
"Drain Planar Connection","Compendium.pf2e.spells-srd.Item.Jte2jlX59a1yQPp8","rituals/drain-planar-connection.json","","caster","unmatched","Target/object placement needs manual review; caster placement would be misleading"
"Draw Blood","Compendium.pf2e.spells-srd.Item.NVeN6RrFu12HnTne","spells/rank-2/draw-blood.json","Blood","damage","review","Mixed damage types: piercing, bleed"
"Draw Ire","Compendium.pf2e.spells-srd.Item.jsWthW1Qy6tg3SwD","spells/rank-1/draw-ire.json","","damage","unmatched","No suitable supported visual theme"
"Draw Moisture","Compendium.pf2e.spells-srd.Item.lXsFKdaOz9t9w11U","spells/cantrip/draw-moisture.json","","caster","unmatched","Target/object placement needs manual review; caster placement would be misleading"
"Draw the Lightning","Compendium.pf2e.spells-srd.Item.n7OgbKme4hNwxVwQ","spells/rank-4/draw-the-lightning.json","Lightning Field","damage","enabled","Single electricity damage type"
"Dread Ambience","Compendium.pf2e.spells-srd.Item.1QMjWGq1DPOQr4VL","rituals/dread-ambience.json","","caster","unmatched","Variable, sustained or open-ended duration requires review"
"Dread Mosquito Storm","Compendium.pf2e.spells-srd.Item.Q6cvsLytYffpeN3g","focus/necromancer/dread-mosquito-storm.json","","area","unmatched","Base area likely exceeds the 120-cell visual limit"
"Dread Secret","Compendium.pf2e.spells-srd.Item.XULNb8ItUsfupxqH","focus/dread-secret.json","","caster","unmatched","Variable, sustained or open-ended duration requires review"
"Dream Council","Compendium.pf2e.spells-srd.Item.rwCh2qTYPA44KEoK","spells/rank-8/dream-council.json","","caster","unmatched","Target/object placement needs manual review; caster placement would be misleading"
"Dream Message","Compendium.pf2e.spells-srd.Item.yM3KTTSAIHhyuP14","spells/rank-3/dream-message.json","","caster","unmatched","Variable, sustained or open-ended duration requires review"
"Dreamer's Call","Compendium.pf2e.spells-srd.Item.PztLrElcZfLwRnEq","focus/dreamers-call.json","","caster","unmatched","Variable, sustained or open-ended duration requires review"
"Dreaming Potential","Compendium.pf2e.spells-srd.Item.y0Vy7iNL3ET8K00C","spells/rank-5/dreaming-potential.json","","caster","unmatched","Target/object placement needs manual review; caster placement would be misleading"
"Drop Dead","Compendium.pf2e.spells-srd.Item.scTRIrTfXquVYHGw","spells/rank-5/drop-dead.json","","caster","unmatched","Sustained expiration requires GM review"
"Dull Ambition","Compendium.pf2e.spells-srd.Item.MLdMUOdwSKegOGlo","spells/rank-4/dull-ambition.json","","caster","unmatched","Variable, sustained or open-ended duration requires review"
"Duplicate Foe","Compendium.pf2e.spells-srd.Item.73rToy0v5Ra9NvL6","spells/rank-7/duplicate-foe.json","","caster","unmatched","Sustained expiration requires GM review"
"Dust Storm","Compendium.pf2e.spells-srd.Item.K1wmI4qPmRhFczmy","focus/dust-storm.json","","area","unmatched","No suitable supported visual theme"
"Dutiful Challenge","Compendium.pf2e.spells-srd.Item.caehfpQz7yp9yNzz","focus/dutiful-challenge.json","","caster","unmatched","Target/object placement needs manual review; caster placement would be misleading"
"Eagle's Cry","Compendium.pf2e.spells-srd.Item.AUZPwEorddewm0x1","spells/rank-3/eagles-cry.json","","area","unmatched","No suitable supported visual theme"
"Earth and Sky","Compendium.pf2e.spells-srd.Item.XOs8C2eZJAO3go0N","spells/rank-6/earth-and-sky.json","","area","unmatched","No suitable supported visual theme"
"Earth's Bile","Compendium.pf2e.spells-srd.Item.PrlR2sLWeiuTcPF2","focus/earths-bile.json","Fire","area","review","Sustained expiration requires GM review"
"Earthbind","Compendium.pf2e.spells-srd.Item.gPvtmKMRpg9I9D7H","spells/rank-3/earthbind.json","","caster","unmatched","Variable, sustained or open-ended duration requires review"
"Earthbreaker Stride","Compendium.pf2e.spells-srd.Item.uZmUhjgqiX6d0Dv6","spells/rank-8/earthbreaker-stride.json","","caster","unmatched","Target/object placement needs manual review; caster placement would be misleading"
"Earthquake","Compendium.pf2e.spells-srd.Item.x7SPrsRxGb2Vy2nu","spells/rank-8/earthquake.json","Earthquake","area","review","Base area likely exceeds the 120-cell visual limit"
"Earthworks","Compendium.pf2e.spells-srd.Item.ffz6wlSMzhaDpjg6","focus/earthworks.json","","area","unmatched","No suitable supported visual theme"
"Eat Fire","Compendium.pf2e.spells-srd.Item.FWuLUKIbkJZjBiuA","spells/cantrip/eat-fire.json","","area","unmatched","Variable, sustained or open-ended duration requires review"
"Echo Jump","Compendium.pf2e.spells-srd.Item.LpMeT0CW1OEKdaQL","spells/rank-3/echo-jump.json","","area","unmatched","No suitable supported visual theme"
"Echoing Weapon","Compendium.pf2e.spells-srd.Item.vtCCVe869shMCJMj","spells/rank-1/echoing-weapon.json","","caster","unmatched","Target/object placement needs manual review; caster placement would be misleading"
"Eclipse Burst","Compendium.pf2e.spells-srd.Item.0jadeyQIItIuRgeH","spells/rank-7/eclipse-burst.json","Frost","area","review","Base area likely exceeds the 120-cell visual limit"
"Ectoplasmic Expulsion","Compendium.pf2e.spells-srd.Item.PgDFDvX64eswapSS","spells/rank-5/ectoplasmic-expulsion.json","","caster","unmatched","Target/object placement needs manual review; caster placement would be misleading"
"Ectoplasmic Interstice","Compendium.pf2e.spells-srd.Item.QE9f3OxvvBThymD4","focus/ectoplasmic-interstice.json","","area","unmatched","Sustained expiration requires GM review"
"Eidolon's Wrath","Compendium.pf2e.spells-srd.Item.kuZnUNrhXHRYQ2eM","focus/summoner/eidolons-wrath.json","","area","unmatched","No suitable supported visual theme"
"Eject Soul","Compendium.pf2e.spells-srd.Item.rVhHaWqUsVUO4GuY","focus/eject-soul.json","","caster","unmatched","Target/object placement needs manual review; caster placement would be misleading"
"Electric Arc","Compendium.pf2e.spells-srd.Item.kBhaPuzLUSwS6vVf","spells/cantrip/electric-arc.json","Lightning Field","damage","enabled","Single electricity damage type"
"Electrified Crystal Ward","Compendium.pf2e.spells-srd.Item.57ulIxg3Of2wCbEh","focus/electrified-crystal-ward.json","Lightning Field","damage","enabled","Single electricity damage type"
"Electrostatic Glider","Compendium.pf2e.spells-srd.Item.2Z958D1lcWtA3zyE","spells/rank-2/electrostatic-glider.json","","caster","unmatched","Target/object placement needs manual review; caster placement would be misleading"
"Element Embodied","Compendium.pf2e.spells-srd.Item.vQMAdnIwnV9prPiG","spells/rank-10/element-embodied.json","","caster","unmatched","Target/object placement needs manual review; caster placement would be misleading"
"Elemental Absorption","Compendium.pf2e.spells-srd.Item.9TauMFkIsmvKJNzZ","spells/rank-3/elemental-absorption.json","","caster","unmatched","Target/object placement needs manual review; caster placement would be misleading"
"Elemental Annihilation Wave","Compendium.pf2e.spells-srd.Item.NyxQAazFBdBAqZGX","spells/rank-3/elemental-annihilation-wave.json","Fire","area","review","Mixed damage types: fire, bludgeoning"
"Elemental Betrayal","Compendium.pf2e.spells-srd.Item.f9uqHnNBMU0774SF","focus/elemental-betrayal.json","","caster","unmatched","Sustained expiration requires GM review"
"Elemental Blast","Compendium.pf2e.spells-srd.Item.Qlp8G3knwLGhAxQ0","focus/elemental-blast.json","","area","unmatched","No suitable supported visual theme"
"Elemental Breath","Compendium.pf2e.spells-srd.Item.fg5ZlSVXzGHNJfbO","spells/rank-5/elemental-breath.json","","area","unmatched","No suitable supported visual theme"
"Elemental Confluence","Compendium.pf2e.spells-srd.Item.Cpj05laa7ogqGwS3","spells/rank-6/elemental-confluence.json","","area","unmatched","Sustained expiration requires GM review"
"Elemental Counter","Compendium.pf2e.spells-srd.Item.fHawnhOHwzr4Mwr7","spells/cantrip/elemental-counter.json","","caster","unmatched","Target/object placement needs manual review; caster placement would be misleading"
"Elemental Form","Compendium.pf2e.spells-srd.Item.1K6AYGisvo9gqdhs","spells/rank-5/elemental-form.json","","caster","unmatched","Target/object placement needs manual review; caster placement would be misleading"
"Elemental Gift","Compendium.pf2e.spells-srd.Item.e36Z2t6tLdW3RUzZ","spells/rank-4/elemental-gift.json","","caster","unmatched","Target/object placement needs manual review; caster placement would be misleading"
"Elemental Motion","Compendium.pf2e.spells-srd.Item.B8aCUMCHCIMUCEVK","focus/elemental-motion.json","","caster","unmatched","Target/object placement needs manual review; caster placement would be misleading"
"Elemental Sense","Compendium.pf2e.spells-srd.Item.wfqBbQ2RXj4VjKUZ","spells/rank-4/elemental-sense.json","","caster","unmatched","Target/object placement needs manual review; caster placement would be misleading"
"Elemental Sentinel","Compendium.pf2e.spells-srd.Item.rOwOLlfVgLMg1FND","rituals/elemental-sentinel.json","","caster","unmatched","Variable, sustained or open-ended duration requires review"
"Elemental Servitor","Compendium.pf2e.spells-srd.Item.5NReCnDFFuThEAHB","rituals/elemental-servitor.json","","caster","unmatched","Variable, sustained or open-ended duration requires review"
"Elemental Sheath","Compendium.pf2e.spells-srd.Item.WkqamCF8r4O5Gh0n","focus/elemental-sheath.json","","caster","unmatched","Target/object placement needs manual review; caster placement would be misleading"
"Elemental Tempest","Compendium.pf2e.spells-srd.Item.vfHr1N8Rf2bBpdgn","focus/elemental-tempest.json","","area","unmatched","No suitable supported visual theme"
"Elemental Toss","Compendium.pf2e.spells-srd.Item.0JUOgbbFCapp3HlW","focus/elemental-toss.json","","damage","unmatched","No suitable supported visual theme"
"Elemental Zone","Compendium.pf2e.spells-srd.Item.kMffb6SvhCBMMI4k","spells/rank-2/elemental-zone.json","","area","unmatched","No suitable supported visual theme"
"Elephant Form","Compendium.pf2e.spells-srd.Item.zjYQyuBNT5VjV4mz","spells/rank-4/elephant-form.json","","caster","unmatched","Target/object placement needs manual review; caster placement would be misleading"
"Elysian Whimsy","Compendium.pf2e.spells-srd.Item.oPVyu2a0K3aTVIR8","spells/rank-1/elysian-whimsy.json","","caster","unmatched","Variable, sustained or open-ended duration requires review"
"Embed Message","Compendium.pf2e.spells-srd.Item.eIQ86FOXK34HiNLs","spells/rank-2/embed-message.json","","caster","unmatched","Variable, sustained or open-ended duration requires review"
"Ember Doppelgänger","Compendium.pf2e.spells-srd.Item.Vsy8RWuTrdIVDVSm","spells/rank-5/ember-doppelgänger.json","Fire","area","review","Sustained expiration requires GM review"
"Embodied Font","Compendium.pf2e.spells-srd.Item.HBxsMKXzZM0HviEE","rituals/embodied-font.json","","caster","unmatched","Target/object placement needs manual review; caster placement would be misleading"
"Embodiment of Battle","Compendium.pf2e.spells-srd.Item.X4On99Nti8gjWywG","focus/embodiment-of-battle.json","","caster","unmatched","Sustained expiration requires GM review"
"Embrace Nothingness","Compendium.pf2e.spells-srd.Item.mau1Olq58ECF0ZPi","focus/embrace-nothingness.json","","caster","unmatched","Target/object placement needs manual review; caster placement would be misleading"
"Embrace the Pit","Compendium.pf2e.spells-srd.Item.ilGsyGLGjjIPHbyP","focus/embrace-the-pit.json","","caster","unmatched","Target/object placement needs manual review; caster placement would be misleading"
"Empathic Link","Compendium.pf2e.spells-srd.Item.obVA6duK5fGbfFUY","spells/rank-2/empathic-link.json","","caster","unmatched","Target/object placement needs manual review; caster placement would be misleading"
"Empower Ley Line","Compendium.pf2e.spells-srd.Item.XnpRRUVAVoY6z88H","rituals/empower-ley-line.json","","caster","unmatched","Target/object placement needs manual review; caster placement would be misleading"
"Empty Inside","Compendium.pf2e.spells-srd.Item.0cF9HvHzzWSbCFBP","focus/empty-inside.json","","caster","unmatched","Target/object placement needs manual review; caster placement would be misleading"
"Empty Pack","Compendium.pf2e.spells-srd.Item.CQWTyDxiVSW4uRn7","spells/rank-2/empty-pack.json","","caster","unmatched","Target/object placement needs manual review; caster placement would be misleading"
"Encroaching Woods","Compendium.pf2e.spells-srd.Item.BNkgZi1bcQcVmBHp","rituals/encroaching-woods.json","","caster","unmatched","Variable, sustained or open-ended duration requires review"
"Endure","Compendium.pf2e.spells-srd.Item.4c1c6eNzU1PFGkAy","spells/rank-1/endure.json","","caster","unmatched","Target/object placement needs manual review; caster placement would be misleading"
"Enduring Might","Compendium.pf2e.spells-srd.Item.eG1fBodYwolaXK98","focus/enduring-might.json","","caster","unmatched","Target/object placement needs manual review; caster placement would be misleading"
"Energy Absorption","Compendium.pf2e.spells-srd.Item.LoBjvguamA12iyW0","focus/energy-absorption.json","","caster","unmatched","Target/object placement needs manual review; caster placement would be misleading"
"Energy Aegis","Compendium.pf2e.spells-srd.Item.m2xFMNyQiUKQDRaj","spells/rank-7/energy-aegis.json","","caster","unmatched","Variable, sustained or open-ended duration requires review"
"Enervation","Compendium.pf2e.spells-srd.Item.eexkxcqnkXazsGfK","spells/rank-4/enervation.json","","area","unmatched","No suitable supported visual theme"
"Enfeeble","Compendium.pf2e.spells-srd.Item.J7Y7tl0bbdz7TcCc","spells/rank-1/enfeeble.json","","caster","unmatched","Variable, sustained or open-ended duration requires review"
"Engrave Memory","Compendium.pf2e.spells-srd.Item.ddqmGnShyoRBKFkZ","spells/rank-5/engrave-memory.json","","caster","unmatched","Variable, sustained or open-ended duration requires review"
"Enhance Senses","Compendium.pf2e.spells-srd.Item.a5uwCgOe7ayHPtHe","spells/rank-4/enhance-senses.json","","caster","unmatched","Target/object placement needs manual review; caster placement would be misleading"
"Enhance Victuals","Compendium.pf2e.spells-srd.Item.rdTEF1hfAWbN58NE","spells/rank-2/enhance-victuals.json","","caster","unmatched","Target/object placement needs manual review; caster placement would be misleading"
"Enlarge","Compendium.pf2e.spells-srd.Item.wzctak6BxOW8xvFV","spells/rank-2/enlarge.json","","caster","unmatched","Target/object placement needs manual review; caster placement would be misleading"
"Enlarge Companion","Compendium.pf2e.spells-srd.Item.8rj45fKzCFcB0fxs","focus/enlarge-companion.json","","caster","unmatched","Target/object placement needs manual review; caster placement would be misleading"
"Entangle Fate","Compendium.pf2e.spells-srd.Item.11haL5O9KMpY5Fv7","spells/rank-4/entangle-fate.json","","caster","unmatched","Target/object placement needs manual review; caster placement would be misleading"
"Entangling Flora","Compendium.pf2e.spells-srd.Item.J6vNvrUT3b1hx2iA","spells/rank-2/entangling-flora.json","Overgrowth","area","enabled","Curated entangling-flora visual theme"
"Enthrall","Compendium.pf2e.spells-srd.Item.IihxWhRfpsBgQ5jS","spells/rank-3/enthrall.json","","caster","unmatched","Sustained expiration requires GM review"
"Entrancing Eyes","Compendium.pf2e.spells-srd.Item.Vw2CNwlRRKABsuZi","spells/rank-7/entrancing-eyes.json","","area","unmatched","Sustained expiration requires GM review"
"Entreat Spirit","Compendium.pf2e.spells-srd.Item.Yph1UqZU8vMc9bJG","focus/entreat-spirit.json","","caster","unmatched","Target/object placement needs manual review; caster placement would be misleading"
"Entreat the Many","Compendium.pf2e.spells-srd.Item.Vg4K3dTDswNQf4Bx","focus/entreat-the-many.json","","area","unmatched","No suitable supported visual theme"
"Entreat Thunderbird","Compendium.pf2e.spells-srd.Item.Do0pe0gn8OFdCOnN","rituals/entreat-thunderbird.json","","caster","unmatched","Variable, sustained or open-ended duration requires review"
"Entropic Wheel","Compendium.pf2e.spells-srd.Item.X4T5RlQBrdpmA35n","focus/entropic-wheel.json","","caster","unmatched","Target/object placement needs manual review; caster placement would be misleading"
"Entwined Roots","Compendium.pf2e.spells-srd.Item.VDK5cQ94BszDrMiJ","spells/rank-5/entwined-roots.json","","area","unmatched","No suitable supported visual theme"
"Envenom Companion","Compendium.pf2e.spells-srd.Item.gWmLT5SkA0qH2mNE","spells/rank-3/envenom-companion.json","","caster","unmatched","Target/object placement needs manual review; caster placement would be misleading"
"Environmental Endurance","Compendium.pf2e.spells-srd.Item.5esP2GVzvxWsMgaX","spells/rank-2/environmental-endurance.json","","caster","unmatched","Variable, sustained or open-ended duration requires review"
"Ephemeral Hazards","Compendium.pf2e.spells-srd.Item.HisaZTk67YAxLGBq","focus/ephemeral-hazards.json","","area","unmatched","No suitable supported visual theme"
"Ephemeral Tracking","Compendium.pf2e.spells-srd.Item.QpjHqxwTGdILLvjD","focus/ephemeral-tracking.json","","caster","unmatched","Target/object placement needs manual review; caster placement would be misleading"
"Equal Footing","Compendium.pf2e.spells-srd.Item.Z2oSFY2fT8zLkK4P","spells/rank-1/equal-footing.json","","caster","unmatched","Variable, sustained or open-ended duration requires review"
"Eradicate Undeath","Compendium.pf2e.spells-srd.Item.J5MNC4xq3CHH31qT","focus/eradicate-undeath.json","","area","unmatched","No suitable supported visual theme"
"Erase Trail","Compendium.pf2e.spells-srd.Item.Tw9e2rPaNdxcM1Rp","spells/rank-2/erase-trail.json","","area","unmatched","Base area likely exceeds the 120-cell visual limit"
"Establish Nexus","Compendium.pf2e.spells-srd.Item.1aXX52MnVbBvT9S7","rituals/establish-nexus.json","","caster","unmatched","Target/object placement needs manual review; caster placement would be misleading"
"Establish Ward","Compendium.pf2e.spells-srd.Item.XlQBVvlDWGrGlApl","focus/establish-ward.json","","area","unmatched","No suitable supported visual theme"
"Ethereal Jaunt","Compendium.pf2e.spells-srd.Item.D2nPKbIS67m9199U","spells/rank-7/ethereal-jaunt.json","","caster","unmatched","Sustained expiration requires GM review"
"Etheric Shards","Compendium.pf2e.spells-srd.Item.gasOL6a0WhOhUsgL","spells/rank-5/etheric-shards.json","","area","unmatched","No suitable supported visual theme"
"Euphoric Renewal","Compendium.pf2e.spells-srd.Item.mTpPZIJ2sdgusPP1","focus/euphoric-renewal.json","","caster","unmatched","Target/object placement needs manual review; caster placement would be misleading"
"Everlight","Compendium.pf2e.spells-srd.Item.ynm8JIU3sc3qUMpa","spells/rank-2/everlight.json","Magic Light","caster","review","Variable, sustained or open-ended duration requires review"
"Evil Eye","Compendium.pf2e.spells-srd.Item.f45JpY7Ph2cAJGW2","focus/evil-eye.json","","caster","unmatched","Sustained expiration requires GM review"
"Evolution Surge","Compendium.pf2e.spells-srd.Item.lV8FkHZtzZu7Cy6j","focus/summoner/evolution-surge.json","","caster","unmatched","Target/object placement needs manual review; caster placement would be misleading"
"Exchange Image","Compendium.pf2e.spells-srd.Item.znMvKqcRDilIVMwA","spells/rank-1/exchange-image.json","","caster","unmatched","Variable, sustained or open-ended duration requires review"
"Excise Lexicon","Compendium.pf2e.spells-srd.Item.GurWFDj4IjKv73kL","spells/rank-3/excise-lexicon.json","","caster","unmatched","Variable, sustained or open-ended duration requires review"
"Execute","Compendium.pf2e.spells-srd.Item.Z9OrRXKgAPv6Hn5l","spells/rank-7/execute.json","","damage","unmatched","No suitable supported visual theme"
"Expeditious Excavation","Compendium.pf2e.spells-srd.Item.aXoh6OQAL57lgh0a","spells/rank-2/expeditious-excavation.json","","area","unmatched","No suitable supported visual theme"
"Exploding Earth","Compendium.pf2e.spells-srd.Item.v89KwyaBd6g5rWVS","spells/rank-2/exploding-earth.json","","damage","unmatched","No suitable supported visual theme"
"Explosive Barrage","Compendium.pf2e.spells-srd.Item.ZvB9sV7NLdpDeoTw","spells/rank-6/explosive-barrage.json","Fire","area","review","Mixed damage types: fire, sonic"
"Explosive Dust","Compendium.pf2e.spells-srd.Item.GBgPeMNGW4SnFxxo","spells/rank-2/explosive-dust.json","Fire","area","enabled","Single fire damage type"
"Expunge Blood","Compendium.pf2e.spells-srd.Item.ZZTLWMXijRDgE66m","spells/rank-6/expunge-blood.json","","caster","unmatched","Variable, sustained or open-ended duration requires review"
"Extend Blood Magic","Compendium.pf2e.spells-srd.Item.LyqqvufOUIh8U25d","focus/extend-blood-magic.json","","caster","unmatched","Target/object placement needs manual review; caster placement would be misleading"
"Extend Boost","Compendium.pf2e.spells-srd.Item.CR8OKDbeFJoZbOCu","focus/summoner/extend-boost.json","","caster","unmatched","Target/object placement needs manual review; caster placement would be misleading"
"Extend Spell","Compendium.pf2e.spells-srd.Item.GxxnhRIaoGKtu1iO","focus/extend-spell.json","","caster","unmatched","Target/object placement needs manual review; caster placement would be misleading"
"Extract Brain","Compendium.pf2e.spells-srd.Item.hdzyDrRdHSse88XM","rituals/extract-brain.json","","caster","unmatched","Target/object placement needs manual review; caster placement would be misleading"
"Extract Poison","Compendium.pf2e.spells-srd.Item.CLThxp8Qf43IQ3Sb","spells/rank-2/extract-poison.json","","caster","unmatched","Target/object placement needs manual review; caster placement would be misleading"
"Extradimensional Cover","Compendium.pf2e.spells-srd.Item.AfZ1dV4pcxYmaWnH","focus/extradimensional-cover.json","","area","unmatched","No suitable supported visual theme"
"Eyes of the Dead","Compendium.pf2e.spells-srd.Item.DLFupJuCfzyLCQcO","focus/eyes-of-the-dead.json","","caster","unmatched","Sustained expiration requires GM review"
"Fabricated Truth","Compendium.pf2e.spells-srd.Item.6s0UW4bujggma9TC","spells/rank-10/fabricated-truth.json","","caster","unmatched","Variable, sustained or open-ended duration requires review"
"Face in the Crowd","Compendium.pf2e.spells-srd.Item.yH13KXUK2x093NUv","focus/face-in-the-crowd.json","","caster","unmatched","Target/object placement needs manual review; caster placement would be misleading"
"Fact Check","Compendium.pf2e.spells-srd.Item.p8HnYqIi6sl8AJT2","focus/fact-check.json","","caster","unmatched","Target/object placement needs manual review; caster placement would be misleading"
"Faerie Dust","Compendium.pf2e.spells-srd.Item.IkS3lDGUpIOMug7v","focus/faerie-dust.json","","area","unmatched","No suitable supported visual theme"
"Faerie Fire","Compendium.pf2e.spells-srd.Item.HRb2doyaLtaoCfi3","spells/rank-2/faerie-fire.json","","area","unmatched","No suitable supported visual theme"
"Fallen Soldier's Lament","Compendium.pf2e.spells-srd.Item.LjLSvAqnR03EnITX","spells/rank-4/fallen-soldiers-lament.json","","caster","unmatched","Sustained expiration requires GM review"
"Falling Sky","Compendium.pf2e.spells-srd.Item.vm9O7ne48NM72yrJ","spells/rank-8/falling-sky.json","","area","unmatched","No suitable supported visual theme"
"Falling Stars","Compendium.pf2e.spells-srd.Item.jrBa9deU2ULFWvSl","spells/rank-9/falling-stars.json","Fire","area","review","Mixed damage types: bludgeoning, fire"
"Fallow Field","Compendium.pf2e.spells-srd.Item.2RhZkHNv8ajq0yLq","focus/fallow-field.json","","area","unmatched","Sustained expiration requires GM review"
"False Nature","Compendium.pf2e.spells-srd.Item.5z1700cfG8Ybm0e6","spells/rank-4/false-nature.json","","caster","unmatched","Variable, sustained or open-ended duration requires review"
"False Vision","Compendium.pf2e.spells-srd.Item.RCbLd7dfquHnuvrZ","spells/rank-5/false-vision.json","","area","unmatched","Base area likely exceeds the 120-cell visual limit"
"False Vitality","Compendium.pf2e.spells-srd.Item.8ViwItUgwT4lOvvb","spells/rank-2/false-vitality.json","","caster","unmatched","Target/object placement needs manual review; caster placement would be misleading"
"Falsify Heat","Compendium.pf2e.spells-srd.Item.udZEKwUryIsobjBG","spells/rank-2/falsify-heat.json","","caster","unmatched","Target/object placement needs manual review; caster placement would be misleading"
"Familiar Form","Compendium.pf2e.spells-srd.Item.CHZQJg7O7991Vl4m","focus/familiar-form.json","","caster","unmatched","Target/object placement needs manual review; caster placement would be misleading"
"Familiar's Call","Compendium.pf2e.spells-srd.Item.JFGOsnTeYOhaOa8f","spells/rank-3/familiars-call.json","","caster","unmatched","Target/object placement needs manual review; caster placement would be misleading"
"Familiar's Face","Compendium.pf2e.spells-srd.Item.9GkOWDFDEMuV3hJr","spells/rank-3/familiars-face.json","","caster","unmatched","Sustained expiration requires GM review"
"Familiar's Resurrection","Compendium.pf2e.spells-srd.Item.ddYqkCoMWbuS3lgo","spells/rank-2/familiars-resurrection.json","","caster","unmatched","Target/object placement needs manual review; caster placement would be misleading"
"Fantastic Facade","Compendium.pf2e.spells-srd.Item.nA0XlPsnMNrQMpio","rituals/fantastic-facade.json","","caster","unmatched","Variable, sustained or open-ended duration requires review"
"Far Reach","Compendium.pf2e.spells-srd.Item.zLtu2ipfuJECS4gq","spells/rank-3/far-reach.json","","caster","unmatched","Sustained expiration requires GM review"
"Far Sight","Compendium.pf2e.spells-srd.Item.ErCsWsqXe8ccRjgO","spells/rank-3/far-sight.json","","caster","unmatched","Target/object placement needs manual review; caster placement would be misleading"
"Far-Flung Fetch","Compendium.pf2e.spells-srd.Item.O6BIfXsbiisKfLTe","spells/rank-2/far-flung-fetch.json","","caster","unmatched","Target/object placement needs manual review; caster placement would be misleading"
"Fashionista","Compendium.pf2e.spells-srd.Item.W0YqtSVwfFImGgdK","spells/rank-1/fashionista.json","","caster","unmatched","Target/object placement needs manual review; caster placement would be misleading"
"Fatal Aria","Compendium.pf2e.spells-srd.Item.lyJDBD9OFW11vLyT","focus/fatal-aria.json","","caster","unmatched","Target/object placement needs manual review; caster placement would be misleading"
"Fate's Travels","Compendium.pf2e.spells-srd.Item.e4vxRJ4sjUXMEIGP","spells/rank-3/fates-travels.json","","caster","unmatched","Target/object placement needs manual review; caster placement would be misleading"
"Fated Confrontation","Compendium.pf2e.spells-srd.Item.Di9gL6KIZ9eFgbs1","spells/rank-10/fated-confrontation.json","","caster","unmatched","Target/object placement needs manual review; caster placement would be misleading"
"Fated Healing","Compendium.pf2e.spells-srd.Item.X3RUan7TVqo6UpUG","spells/rank-1/fated-healing.json","","caster","unmatched","Target/object placement needs manual review; caster placement would be misleading"
"Fateful Condemnation","Compendium.pf2e.spells-srd.Item.ReUoodsqUYSTwSgE","spells/rank-6/fateful-condemnation.json","","area","unmatched","No suitable supported visual theme"
"Favorable Review","Compendium.pf2e.spells-srd.Item.i7u6gAdNcyIyyo3h","spells/rank-4/favorable-review.json","","caster","unmatched","Variable, sustained or open-ended duration requires review"
"Fear","Compendium.pf2e.spells-srd.Item.4koZzrnMXhhosn0D","spells/rank-1/fear.json","","caster","unmatched","Variable, sustained or open-ended duration requires review"
"Fear the Sun","Compendium.pf2e.spells-srd.Item.vctIUOOgSmxAF0KG","spells/rank-2/fear-the-sun.json","","caster","unmatched","Variable, sustained or open-ended duration requires review"
"Fearful Feast","Compendium.pf2e.spells-srd.Item.0qA4MfMkFklOz2Lk","focus/fearful-feast.json","","damage","unmatched","Variable, sustained or open-ended duration requires review"
"Feast of Ashes","Compendium.pf2e.spells-srd.Item.siU9xRlqWXeKT0mH","spells/rank-2/feast-of-ashes.json","","damage","unmatched","Variable, sustained or open-ended duration requires review"
"Feast of Supplication","Compendium.pf2e.spells-srd.Item.bS3DW0MptpnZl5Zr","rituals/feast-of-supplication.json","","caster","unmatched","Target/object placement needs manual review; caster placement would be misleading"
"Feet to Fins","Compendium.pf2e.spells-srd.Item.RvBlSIJmxiqfCpR9","spells/rank-3/feet-to-fins.json","","caster","unmatched","Target/object placement needs manual review; caster placement would be misleading"
"Feral Shades","Compendium.pf2e.spells-srd.Item.Ru9v8U9IRk3LtWx8","spells/rank-2/feral-shades.json","","area","unmatched","Mixed damage types: slashing, void"
"Ferrous Form","Compendium.pf2e.spells-srd.Item.89Hj5QuqvcwVXcqj","spells/rank-8/ferrous-form.json","","caster","unmatched","Target/object placement needs manual review; caster placement would be misleading"
"Fetch","Compendium.pf2e.spells-srd.Item.tcJqieDJgyrVavKu","spells/rank-4/fetch.json","","caster","unmatched","Target/object placement needs manual review; caster placement would be misleading"
"Fey Abeyance","Compendium.pf2e.spells-srd.Item.GzlVI3qYdCtUigLz","rituals/fey-abeyance.json","","caster","unmatched","Variable, sustained or open-ended duration requires review"
"Fey Disappearance","Compendium.pf2e.spells-srd.Item.mBojKJatf9PTYC38","focus/fey-disappearance.json","","caster","unmatched","Variable, sustained or open-ended duration requires review"
"Fey Form","Compendium.pf2e.spells-srd.Item.Qu4IThrk1wpONwjT","spells/rank-4/fey-form.json","","caster","unmatched","Target/object placement needs manual review; caster placement would be misleading"
"Fey Glamour","Compendium.pf2e.spells-srd.Item.DdXKfIjDtORUtUvY","focus/fey-glamour.json","","area","unmatched","No suitable supported visual theme"
"Field of Life","Compendium.pf2e.spells-srd.Item.x5rGOmhDRDVQPrnW","spells/rank-6/field-of-life.json","","area","unmatched","Sustained expiration requires GM review"
"Field of Razors","Compendium.pf2e.spells-srd.Item.MLYTWHfewOpI3Cz7","spells/rank-6/field-of-razors.json","","area","unmatched","No suitable supported visual theme"
"Fiendish Rift","Compendium.pf2e.spells-srd.Item.oQXM2XeIDGOmFuZr","spells/rank-7/fiendish-rift.json","Rift","area","review","Sustained expiration requires GM review"
"Fiery Body","Compendium.pf2e.spells-srd.Item.XS7Wyh5YC0NWeWyB","spells/rank-7/fiery-body.json","","caster","unmatched","Target/object placement needs manual review; caster placement would be misleading"
"Figment","Compendium.pf2e.spells-srd.Item.0zU8CPejjQFnhZFI","spells/cantrip/figment.json","","caster","unmatched","Sustained expiration requires GM review"
"Filter Air","Compendium.pf2e.spells-srd.Item.GgrrcKQgJH2Eykq1","spells/rank-4/filter-air.json","","caster","unmatched","Target/object placement needs manual review; caster placement would be misleading"
"Final Fate of the Locust Host","Compendium.pf2e.spells-srd.Item.bIz6QnUIxu5Z7vEH","spells/rank-7/final-fate-of-the-locust-host.json","","area","unmatched","Variable, sustained or open-ended duration requires review"
"Final Sacrifice","Compendium.pf2e.spells-srd.Item.x0rWq0wS06dns4G2","spells/rank-2/final-sacrifice.json","Fire","area","enabled","Single fire damage type"
"Fire Ray","Compendium.pf2e.spells-srd.Item.oJKZi8OQgmVXHOc0","focus/fire-ray.json","Fire","damage","review","Variable, sustained or open-ended duration requires review"
"Fire Seeds","Compendium.pf2e.spells-srd.Item.kuoYff1csM5eAcAP","spells/rank-6/fire-seeds.json","Fire","damage","enabled","Single fire damage type"
"Fire Shield","Compendium.pf2e.spells-srd.Item.YrzBLPLd3r9m6t1p","spells/rank-4/fire-shield.json","Fire","damage","enabled","Single fire damage type"
"Fire's Pathway","Compendium.pf2e.spells-srd.Item.nnYxDWU3Vzg9WenB","spells/rank-5/fires-pathway.json","","caster","unmatched","Target/object placement needs manual review; caster placement would be misleading"
"Fireball","Compendium.pf2e.spells-srd.Item.sxQZ6yqTn0czJxVd","spells/rank-3/fireball.json","Fire","area","enabled","Single fire damage type"
"Fireproof","Compendium.pf2e.spells-srd.Item.QLTgY1AqFvX82vq2","spells/rank-2/fireproof.json","","caster","unmatched","Target/object placement needs manual review; caster placement would be misleading"
"Firework Blast","Compendium.pf2e.spells-srd.Item.1OiPVy1wuoXi6LR5","spells/rank-3/firework-blast.json","Fire","area","enabled","Single fire damage type"
"Fishing Spot","Compendium.pf2e.spells-srd.Item.qJ7GCq9su3DKHFtR","spells/rank-1/fishing-spot.json","","caster","unmatched","Target/object placement needs manual review; caster placement would be misleading"
"Flame Barrier","Compendium.pf2e.spells-srd.Item.y7Tusv3CieZktkkV","focus/flame-barrier.json","","caster","unmatched","Target/object placement needs manual review; caster placement would be misleading"
"Flame Dancer","Compendium.pf2e.spells-srd.Item.p6ebe2PliRkGbmiV","spells/rank-5/flame-dancer.json","","caster","unmatched","Target/object placement needs manual review; caster placement would be misleading"
"Flame Strike","Compendium.pf2e.spells-srd.Item.E3X2RbzWHCdz7gsk","spells/rank-5/flame-strike.json","Fire","area","enabled","Single fire damage type"
"Flame Vortex","Compendium.pf2e.spells-srd.Item.Gn5deIoobHpd3SiR","spells/rank-6/flame-vortex.json","Fire","area","review","Sustained expiration requires GM review"
"Flame Wisp","Compendium.pf2e.spells-srd.Item.3q9tBMWsWQKlXPPJ","spells/rank-2/flame-wisp.json","","caster","unmatched","Target/object placement needs manual review; caster placement would be misleading"
"Flames of Ego","Compendium.pf2e.spells-srd.Item.ZClfmMoKG3E926Uq","spells/rank-5/flames-of-ego.json","","area","unmatched","Variable, sustained or open-ended duration requires review"
"Flaming Fusillade","Compendium.pf2e.spells-srd.Item.bynT1UKaDqr8dLNM","focus/flaming-fusillade.json","","caster","unmatched","Target/object placement needs manual review; caster placement would be misleading"
"Flammable Fumes","Compendium.pf2e.spells-srd.Item.6AqH5SGchbdhOJxA","spells/rank-5/flammable-fumes.json","","area","unmatched","No suitable supported visual theme"
"Flashy Disappearance","Compendium.pf2e.spells-srd.Item.YgbYvkLvnWJ4WfEA","spells/rank-1/flashy-disappearance.json","","caster","unmatched","Target/object placement needs manual review; caster placement would be misleading"
"Fleet Step","Compendium.pf2e.spells-srd.Item.aEM2cttJ2eYcLssW","spells/rank-1/fleet-step.json","","caster","unmatched","Target/object placement needs manual review; caster placement would be misleading"
"Flense","Compendium.pf2e.spells-srd.Item.WV2aMNN9DO5ZBjSv","spells/rank-1/flense.json","","damage","unmatched","No suitable supported visual theme"
"Flesh Tsunami","Compendium.pf2e.spells-srd.Item.jtACJQc6n9ZaG9kA","focus/necromancer/flesh-tsunami.json","","caster","unmatched","Target/object placement needs manual review; caster placement would be misleading"
"Flicker","Compendium.pf2e.spells-srd.Item.zR67Rt3UMHKC5evy","spells/rank-4/flicker.json","","caster","unmatched","Target/object placement needs manual review; caster placement would be misleading"
"Floating Flame","Compendium.pf2e.spells-srd.Item.2ZdHjnpEQJuqOYSG","spells/rank-2/floating-flame.json","Fire","area","review","Sustained expiration requires GM review"
"Floating Harness","Compendium.pf2e.spells-srd.Item.aZHjRVBDV9dyo1ro","spells/rank-2/floating-harness.json","","caster","unmatched","Target/object placement needs manual review; caster placement would be misleading"
"Flourishing Flora","Compendium.pf2e.spells-srd.Item.b6AQvzs8EotmlK56","spells/rank-1/flourishing-flora.json","Overgrowth","area","enabled","Curated flourishing-flora visual theme"
"Flowing Strike","Compendium.pf2e.spells-srd.Item.zCLyETFoPqCQXLVy","spells/rank-5/flowing-strike.json","","damage","unmatched","No suitable supported visual theme"
"Flurry of Claws","Compendium.pf2e.spells-srd.Item.K8vvrOgW4bGakXxm","focus/flurry-of-claws.json","","damage","unmatched","No suitable supported visual theme"
"Fly","Compendium.pf2e.spells-srd.Item.A2JfEKe6BZcTG1S8","spells/rank-4/fly.json","","caster","unmatched","Target/object placement needs manual review; caster placement would be misleading"
"Focusing Hum","Compendium.pf2e.spells-srd.Item.28kgh0JzBO6pt38C","spells/rank-3/focusing-hum.json","","area","unmatched","Sustained expiration requires GM review"
"Fold Metal","Compendium.pf2e.spells-srd.Item.yD819yTgbBFcCh5M","spells/rank-1/fold-metal.json","","caster","unmatched","Target/object placement needs manual review; caster placement would be misleading"
"Font of Serenity","Compendium.pf2e.spells-srd.Item.yY1H5zhO5dHmD8lz","focus/font-of-serenity.json","","area","unmatched","No suitable supported visual theme"
"Footholds and Foothills","Compendium.pf2e.spells-srd.Item.QGfVFyQhoalZbE9s","rituals/footholds-and-foothills.json","","area","unmatched","Variable, sustained or open-ended duration requires review"
"For Love, For Lightning","Compendium.pf2e.spells-srd.Item.mtxMpGWpwwWSbySj","focus/for-love-for-lightning.json","Lightning Field","damage","review","Sustained expiration requires GM review"
"Foraging Friends","Compendium.pf2e.spells-srd.Item.qdfV4y8B6mbg4Fnm","spells/rank-1/foraging-friends.json","","caster","unmatched","Target/object placement needs manual review; caster placement would be misleading"
"Forbidden Thought","Compendium.pf2e.spells-srd.Item.lpoWfblSMLcJfxsZ","focus/forbidden-thought.json","","damage","unmatched","No suitable supported visual theme"
"Forbidding Ward","Compendium.pf2e.spells-srd.Item.RA7VKcen3p56rVyZ","spells/cantrip/forbidding-ward.json","","caster","unmatched","Sustained expiration requires GM review"
"Force Barrage","Compendium.pf2e.spells-srd.Item.gKKqvLohtrSJj3BM","spells/rank-1/force-barrage.json","","damage","unmatched","No suitable supported visual theme"
"Force Bolt","Compendium.pf2e.spells-srd.Item.Hu38hoAUSYeFpkVa","focus/force-bolt.json","","damage","unmatched","No suitable supported visual theme"
"Force Fang","Compendium.pf2e.spells-srd.Item.9mPEoOPN0AMuixIv","focus/magus/force-fang.json","","damage","unmatched","No suitable supported visual theme"
"Force Fling","Compendium.pf2e.spells-srd.Item.cd6cVkRwleJvAY68","focus/magus/force-fling.json","","caster","unmatched","Target/object placement needs manual review; caster placement would be misleading"
"Force Rain","Compendium.pf2e.spells-srd.Item.3zw2UJPEdRSLzigN","spells/rank-4/force-rain.json","","area","unmatched","No suitable supported visual theme"
"Forced Mercy","Compendium.pf2e.spells-srd.Item.BQMEaeJiEFC1nepg","spells/rank-1/forced-mercy.json","","caster","unmatched","Variable, sustained or open-ended duration requires review"
"Forced Quiet","Compendium.pf2e.spells-srd.Item.k43PIYwuQqjeJ3S3","focus/forced-quiet.json","","caster","unmatched","Variable, sustained or open-ended duration requires review"
"Forceful Hand","Compendium.pf2e.spells-srd.Item.rMGkk23qWvxTmgA8","spells/rank-5/forceful-hand.json","","caster","unmatched","Sustained expiration requires GM review"
"Foresee the Path","Compendium.pf2e.spells-srd.Item.s4HTepjhQWV1yfBs","focus/foresee-the-path.json","","caster","unmatched","Sustained expiration requires GM review"
"Foresight","Compendium.pf2e.spells-srd.Item.qsNeG9KZpODSACMq","spells/rank-9/foresight.json","","caster","unmatched","Target/object placement needs manual review; caster placement would be misleading"
"Forest of Gates","Compendium.pf2e.spells-srd.Item.oKC36WjFD1jgqUN5","spells/rank-9/forest-of-gates.json","Portal","caster","review","Target/object placement needs manual review; caster placement would be misleading"
"Forge","Compendium.pf2e.spells-srd.Item.FTR8m4qrhYzTRyrD","spells/rank-1/forge.json","Fire","damage","enabled","Single fire damage type"
"Forgotten Lines","Compendium.pf2e.spells-srd.Item.u0AtDZs6BhBPtjEs","spells/rank-4/forgotten-lines.json","","caster","unmatched","Variable, sustained or open-ended duration requires review"
"Form of the Sandpoint Devil","Compendium.pf2e.spells-srd.Item.FKtPRWcs4zhwn9N1","rituals/form-of-the-sandpoint-devil.json","","area","unmatched","Ritual: no standard spell-cast workflow"
"Fortify Summoning","Compendium.pf2e.spells-srd.Item.tWzxuJdbXqvskdIo","focus/fortify-summoning.json","","caster","unmatched","Target/object placement needs manual review; caster placement would be misleading"
"Fortifying Brew","Compendium.pf2e.spells-srd.Item.yRf59eFtZ50cGlem","rituals/fortifying-brew.json","","caster","unmatched","Target/object placement needs manual review; caster placement would be misleading"
"Fortissimo Composition","Compendium.pf2e.spells-srd.Item.kF0rs9mCPvJGfAZE","focus/fortissimo-composition.json","","caster","unmatched","Target/object placement needs manual review; caster placement would be misleading"
"Foul Miasma","Compendium.pf2e.spells-srd.Item.6nTBr5XNuKOuPM5m","focus/foul-miasma.json","","area","unmatched","No suitable supported visual theme"
"Fractious Echo","Compendium.pf2e.spells-srd.Item.0KI1hoBAevIc9xoS","spells/rank-3/fractious-echo.json","","caster","unmatched","Variable, sustained or open-ended duration requires review"
"Freedom","Compendium.pf2e.spells-srd.Item.4ddJSjC9Zz5DX0oG","rituals/freedom.json","","caster","unmatched","Target/object placement needs manual review; caster placement would be misleading"
"Freeze Time","Compendium.pf2e.spells-srd.Item.1dsahW4g1ggXtypx","spells/rank-10/freeze-time.json","","caster","unmatched","Target/object placement needs manual review; caster placement would be misleading"
"Freezing Rain","Compendium.pf2e.spells-srd.Item.9AZEObUdLI2fwmPl","spells/rank-5/freezing-rain.json","Frost","area","review","Sustained expiration requires GM review"
"Freezing Touch","Compendium.pf2e.spells-srd.Item.v2KE1ueuO5EjvF78","spells/rank-4/freezing-touch.json","Frost","damage","enabled","Single cold damage type"
"Frenzied Revelry","Compendium.pf2e.spells-srd.Item.fxRaWoeOGyi6THYH","focus/frenzied-revelry.json","","area","unmatched","No suitable supported visual theme"
"Friendfetch","Compendium.pf2e.spells-srd.Item.TjrZGl8z2INgf3vi","spells/rank-1/friendfetch.json","","caster","unmatched","Target/object placement needs manual review; caster placement would be misleading"
"Friendly Push","Compendium.pf2e.spells-srd.Item.cCFDnmFB1EGeQUeA","focus/friendly-push.json","","caster","unmatched","Sustained expiration requires GM review"
"Friends to Foes","Compendium.pf2e.spells-srd.Item.IKBjimvThvQIu2sO","spells/rank-4/friends-to-foes.json","","damage","unmatched","No suitable supported visual theme"
"Frigid Flurry","Compendium.pf2e.spells-srd.Item.vFkz0gVBUT2gGnm1","spells/rank-7/frigid-flurry.json","Frost","area","review","Mixed damage types: cold, slashing"
"Frog Tongue","Compendium.pf2e.spells-srd.Item.cnRltZAjU9aCklqz","spells/rank-2/frog-tongue.json","","damage","unmatched","No suitable supported visual theme"
"Frost Pillar","Compendium.pf2e.spells-srd.Item.R5r4vtmlvOA8hDiF","spells/rank-6/frost-pillar.json","","caster","unmatched","Sustained expiration requires GM review"
"Frost's Touch","Compendium.pf2e.spells-srd.Item.WFSazGLCUuPsBv1p","spells/cantrip/frosts-touch.json","","caster","unmatched","Target/object placement needs manual review; caster placement would be misleading"
"Frostbite","Compendium.pf2e.spells-srd.Item.IxhGEKl63R4QBvkj","spells/cantrip/frostbite.json","Frost","damage","enabled","Single cold damage type"
"Frozen Fog","Compendium.pf2e.spells-srd.Item.nOVSmPZsCm1C1sI3","spells/rank-6/frozen-fog.json","Frost","area","enabled","Single cold damage type"
"Frozen Lungs","Compendium.pf2e.spells-srd.Item.g90j3T60ScfWQZaf","spells/rank-2/frozen-lungs.json","Frost","damage","enabled","Single cold damage type"
"Fulminating Impact","Compendium.pf2e.spells-srd.Item.vNc9vsGyb27POoES","spells/rank-4/fulminating-impact.json","","caster","unmatched","Target/object placement needs manual review; caster placement would be misleading"
"Funeral Flames","Compendium.pf2e.spells-srd.Item.5KmyO4YSGEAUdgAS","spells/rank-2/funeral-flames.json","","caster","unmatched","Target/object placement needs manual review; caster placement would be misleading"
"Fungal Exhalation","Compendium.pf2e.spells-srd.Item.H481wmQUtEUhxHzi","focus/fungal-exhalation.json","","area","unmatched","No suitable supported visual theme"
"Fungal Hyphae","Compendium.pf2e.spells-srd.Item.oNUyCqbpGWHifS02","spells/rank-2/fungal-hyphae.json","","caster","unmatched","Target/object placement needs manual review; caster placement would be misleading"
"Fungal Infestation","Compendium.pf2e.spells-srd.Item.3VxVbZqIRvpKkg3O","spells/rank-2/fungal-infestation.json","","area","unmatched","No suitable supported visual theme"
"Gale Blast","Compendium.pf2e.spells-srd.Item.dDiOnjcsBFbAvP6t","spells/cantrip/gale-blast.json","","area","unmatched","No suitable supported visual theme"
"Garden of Death","Compendium.pf2e.spells-srd.Item.nEXkk85BQu1cREa4","rituals/garden-of-death.json","","area","unmatched","Base area likely exceeds the 120-cell visual limit"
"Garden of Healing","Compendium.pf2e.spells-srd.Item.w4M6Vqvq8k6MOFvj","focus/garden-of-healing.json","","area","unmatched","Sustained expiration requires GM review"
"Garden of Stone","Compendium.pf2e.spells-srd.Item.YZiPAxdZFYXu6BvA","spells/rank-3/garden-of-stone.json","","area","unmatched","No suitable supported visual theme"
"Garden of the Green Man's Growth","Compendium.pf2e.spells-srd.Item.jQgX7zChqjFrU7Q1","spells/rank-10/garden-of-the-green-mans-growth.json","","area","unmatched","Variable, sustained or open-ended duration requires review"
"Gasping Marsh","Compendium.pf2e.spells-srd.Item.kvZCQz4NoMAfjvif","spells/rank-3/gasping-marsh.json","","area","unmatched","Sustained expiration requires GM review"
"Gate","Compendium.pf2e.spells-srd.Item.U13bC0tNgrlHoeTK","spells/rank-10/gate.json","Portal","caster","review","Sustained expiration requires GM review"
"Gathering Call","Compendium.pf2e.spells-srd.Item.nzbnTqHgNKiGZkrZ","rituals/gathering-call.json","","caster","unmatched","Variable, sustained or open-ended duration requires review"
"Geas","Compendium.pf2e.spells-srd.Item.Q690d3mw3TUrKX7E","rituals/geas.json","","caster","unmatched","Variable, sustained or open-ended duration requires review"
"Gecko Grip","Compendium.pf2e.spells-srd.Item.5KobTMrZeZxuXMgl","spells/rank-2/gecko-grip.json","","caster","unmatched","Target/object placement needs manual review; caster placement would be misleading"
"Genie's Veil","Compendium.pf2e.spells-srd.Item.OyiKIbWllLZC6sGz","focus/genies-veil.json","","caster","unmatched","Target/object placement needs manual review; caster placement would be misleading"
"Gentle Breeze","Compendium.pf2e.spells-srd.Item.C0D2eqzTAhiKm4j9","spells/rank-2/gentle-breeze.json","","area","unmatched","Base area likely exceeds the 120-cell visual limit"
"Gentle Landing","Compendium.pf2e.spells-srd.Item.TTwOKGqmZeKSyNMH","spells/rank-1/gentle-landing.json","","caster","unmatched","Target/object placement needs manual review; caster placement would be misleading"
"Geyser","Compendium.pf2e.spells-srd.Item.i88Vi47PDDoP6gQv","spells/rank-5/geyser.json","Fire","area","review","Mixed damage types: bludgeoning, fire"
"Ghost Rush","Compendium.pf2e.spells-srd.Item.En8nopUHntFw68tk","spells/rank-3/ghost-rush.json","","caster","unmatched","Target/object placement needs manual review; caster placement would be misleading"
"Ghost Sound","Compendium.pf2e.spells-srd.Item.atlgGNI1E1Ox3O3a","spells/cantrip/ghost-sound.json","","caster","unmatched","Sustained expiration requires GM review"
"Ghostly Carrier","Compendium.pf2e.spells-srd.Item.rthC6dGm3nNrt1xN","spells/rank-2/ghostly-carrier.json","","caster","unmatched","Target/object placement needs manual review; caster placement would be misleading"
"Ghostly Shift","Compendium.pf2e.spells-srd.Item.JqHAxsMUZ4Mr5bTr","focus/ghostly-shift.json","","caster","unmatched","Sustained expiration requires GM review"
"Ghostly Tragedy","Compendium.pf2e.spells-srd.Item.WVc30DGbM7TRLLul","spells/rank-4/ghostly-tragedy.json","","area","unmatched","Base area likely exceeds the 120-cell visual limit"
"Ghostly Transcription","Compendium.pf2e.spells-srd.Item.vhe9DduqaivMs8FV","focus/ghostly-transcription.json","","caster","unmatched","Target/object placement needs manual review; caster placement would be misleading"
"Ghostly Weapon","Compendium.pf2e.spells-srd.Item.AMEu5zzLN7uCX645","spells/rank-3/ghostly-weapon.json","","caster","unmatched","Target/object placement needs manual review; caster placement would be misleading"
"Ghoulish Cravings","Compendium.pf2e.spells-srd.Item.JhRuR7Jj3ViShpq7","spells/rank-2/ghoulish-cravings.json","","caster","unmatched","Variable, sustained or open-ended duration requires review"
"Gift of the Anemos","Compendium.pf2e.spells-srd.Item.x2Gf3lt64eoMocMd","focus/gift-of-the-anemos.json","","area","unmatched","Sustained expiration requires GM review"
"Girzanje's March","Compendium.pf2e.spells-srd.Item.pLEhF3f7KRxFo0vp","spells/rank-4/girzanjes-march.json","","area","unmatched","Sustained expiration requires GM review"
"Glacial Causeway","Compendium.pf2e.spells-srd.Item.Ee4f4JGCjp2tFmeB","spells/rank-2/glacial-causeway.json","","area","unmatched","No suitable supported visual theme"
"Glacial Heart","Compendium.pf2e.spells-srd.Item.ZyREiMaul0VhDYh3","focus/glacial-heart.json","Frost","damage","enabled","Single cold damage type"
"Glacial Skewer","Compendium.pf2e.spells-srd.Item.LecsGlwWvnfyOeec","spells/rank-5/glacial-skewer.json","Frost","damage","review","Mixed damage types: cold, piercing"
"Glamorize","Compendium.pf2e.spells-srd.Item.UK349cSOljQVYpcu","spells/cantrip/glamorize.json","","caster","unmatched","Target/object placement needs manual review; caster placement would be misleading"
"Glance of the Divine","Compendium.pf2e.spells-srd.Item.ZWsZGtBfdW1Cj5C2","rituals/glance-of-the-divine.json","","caster","unmatched","Variable, sustained or open-ended duration requires review"
"Glass Form","Compendium.pf2e.spells-srd.Item.3qz32XdiugYhsr32","spells/rank-4/glass-form.json","","caster","unmatched","Target/object placement needs manual review; caster placement would be misleading"
"Glass Sand","Compendium.pf2e.spells-srd.Item.dgMauNKWeRIu8pMN","spells/rank-3/glass-sand.json","Sand","area","enabled","Curated glass-sand visual theme"
"Glass Shield","Compendium.pf2e.spells-srd.Item.cgfl9Qr46bKaA59e","spells/cantrip/glass-shield.json","","damage","unmatched","Variable, sustained or open-ended duration requires review"
"Gleaming Pet","Compendium.pf2e.spells-srd.Item.Vt4DwrWIgo5vcyex","spells/rank-3/gleaming-pet.json","","caster","unmatched","Target/object placement needs manual review; caster placement would be misleading"
"Glimmer of Charm","Compendium.pf2e.spells-srd.Item.ftZ750SD2iIJKIy3","spells/rank-5/glimmer-of-charm.json","","area","unmatched","Sustained expiration requires GM review"
"Glimpse the Truth","Compendium.pf2e.spells-srd.Item.ZjbVgIIqMstmdkqP","focus/glimpse-the-truth.json","","area","unmatched","No suitable supported visual theme"
"Glimpse Weakness","Compendium.pf2e.spells-srd.Item.cNnHV97gPqxJ3Rrr","focus/glimpse-weakness.json","","caster","unmatched","Target/object placement needs manual review; caster placement would be misleading"
"Glossolalia","Compendium.pf2e.spells-srd.Item.mcck9womUsTf07nP","spells/rank-5/glossolalia.json","","caster","unmatched","Variable, sustained or open-ended duration requires review"
"Glowing Trail","Compendium.pf2e.spells-srd.Item.m1vKX4xxWQJXfupu","spells/cantrip/glowing-trail.json","","caster","unmatched","Target/object placement needs manual review; caster placement would be misleading"
"Glutton's Jaws","Compendium.pf2e.spells-srd.Item.SdXFiQ4Py8761sNO","focus/gluttons-jaws.json","","damage","unmatched","No suitable supported visual theme"
"Gluttonous Growth","Compendium.pf2e.spells-srd.Item.91ZbBll8M7IXQ4yw","focus/gluttonous-growth.json","Overgrowth","area","review","Sustained expiration requires GM review"
"Gnaw at the Moon","Compendium.pf2e.spells-srd.Item.yrsgOdj5oqp7lEQY","rituals/gnaw-at-the-moon.json","","caster","unmatched","Target/object placement needs manual review; caster placement would be misleading"
"Goblin Pox","Compendium.pf2e.spells-srd.Item.zJQnkKEKbJqGB3iB","spells/rank-1/goblin-pox.json","","caster","unmatched","Target/object placement needs manual review; caster placement would be misleading"
"Gouging Claw","Compendium.pf2e.spells-srd.Item.MPxbKoR54gkYkqLO","spells/cantrip/gouging-claw.json","Blood","damage","review","Mixed damage types: untyped, bleed"
"Grasp of the Deep","Compendium.pf2e.spells-srd.Item.rwWtpZpkNYvypknx","spells/rank-4/grasp-of-the-deep.json","","damage","unmatched","No suitable supported visual theme"
"Grasping Earth","Compendium.pf2e.spells-srd.Item.Wpgt5TYcTHLDei6J","spells/rank-4/grasping-earth.json","","area","unmatched","Sustained expiration requires GM review"
"Grasping Grave","Compendium.pf2e.spells-srd.Item.2YIr0S2Gt14PMMQp","focus/grasping-grave.json","","area","unmatched","No suitable supported visual theme"
"Grasping Vine","Compendium.pf2e.spells-srd.Item.cQgPIohUja0DUiRL","focus/grasping-vine.json","","caster","unmatched","Sustained expiration requires GM review"
"Grave Impressions","Compendium.pf2e.spells-srd.Item.Xrz6wPXDBUr27izR","spells/rank-2/grave-impressions.json","","caster","unmatched","Target/object placement needs manual review; caster placement would be misleading"
"Gravitational Pull","Compendium.pf2e.spells-srd.Item.F1fQC9SarAkjNxpP","spells/rank-1/gravitational-pull.json","","caster","unmatched","Target/object placement needs manual review; caster placement would be misleading"
"Gravity Wave","Compendium.pf2e.spells-srd.Item.alG1y2mnNZGRywad","spells/rank-3/gravity-wave.json","","area","unmatched","No suitable supported visual theme"
"Gravity Weapon","Compendium.pf2e.spells-srd.Item.IWUe32Y5k2QFd7YQ","focus/gravity-weapon.json","","caster","unmatched","Target/object placement needs manual review; caster placement would be misleading"
"Gravity Well","Compendium.pf2e.spells-srd.Item.06pzGkKTyPE3tHR8","spells/rank-3/gravity-well.json","","area","unmatched","No suitable supported visual theme"
"Gray Shadow","Compendium.pf2e.spells-srd.Item.rTvNWcKNpOnGklGF","spells/rank-6/gray-shadow.json","","caster","unmatched","Sustained expiration requires GM review"
"Grease","Compendium.pf2e.spells-srd.Item.Wu0xFpewMKRK3HG8","spells/rank-1/grease.json","Grease","area","enabled","Curated grease visual theme"
"Grim Tendrils","Compendium.pf2e.spells-srd.Item.k34hDOfIIMAxNL4a","spells/rank-1/grim-tendrils.json","Unholy Light","area","enabled","Curated grim-tendrils visual theme"
"Grisly Growths","Compendium.pf2e.spells-srd.Item.d9sBzPOXX3KT8uTu","spells/rank-5/grisly-growths.json","","damage","unmatched","No suitable supported visual theme"
"Gritty Wheeze","Compendium.pf2e.spells-srd.Item.s8gTmnNMg4H4bHEF","spells/rank-1/gritty-wheeze.json","","area","unmatched","No suitable supported visual theme"
"Groom Companion","Compendium.pf2e.spells-srd.Item.QpybbsRXXeYFgsRh","spells/rank-1/groom-companion.json","","caster","unmatched","Target/object placement needs manual review; caster placement would be misleading"
"Guardian's Aegis","Compendium.pf2e.spells-srd.Item.3ipOKanMLnJrPwbr","rituals/guardians-aegis.json","","caster","unmatched","Variable, sustained or open-ended duration requires review"
"Guidance","Compendium.pf2e.spells-srd.Item.izcxFQFwf3woCnFs","spells/cantrip/guidance.json","","caster","unmatched","Variable, sustained or open-ended duration requires review"
"Guided Introspection","Compendium.pf2e.spells-srd.Item.R569jdqpNry8m0TJ","focus/guided-introspection.json","","caster","unmatched","Target/object placement needs manual review; caster placement would be misleading"
"Guiding Star","Compendium.pf2e.spells-srd.Item.L10q1ng6U3sega9S","spells/rank-2/guiding-star.json","","caster","unmatched","Variable, sustained or open-ended duration requires review"
"Gust of Wind","Compendium.pf2e.spells-srd.Item.g8QqHpv2CWDwmIm1","spells/rank-1/gust-of-wind.json","","area","unmatched","Variable, sustained or open-ended duration requires review"
"Hag's Fruit","Compendium.pf2e.spells-srd.Item.3KiM09e8DN9AdTPA","spells/rank-6/hags-fruit.json","","caster","unmatched","Target/object placement needs manual review; caster placement would be misleading"
"Halcyon Infusion","Compendium.pf2e.spells-srd.Item.UJmKPm1FC6pf6txP","spells/rank-6/halcyon-infusion.json","","caster","unmatched","Variable, sustained or open-ended duration requires review"
"Halcyon Mists","Compendium.pf2e.spells-srd.Item.IERHT6v4o5ISvuJG","focus/halcyon-mists.json","","caster","unmatched","Target/object placement needs manual review; caster placement would be misleading"
"Hallowed Ground","Compendium.pf2e.spells-srd.Item.4bFxUA59xeq6Snhw","focus/hallowed-ground.json","","area","unmatched","Mixed damage types: vitality, spirit"
"Hallucination","Compendium.pf2e.spells-srd.Item.U58aQWJ47VrI36yP","spells/rank-5/hallucination.json","","caster","unmatched","Target/object placement needs manual review; caster placement would be misleading"
"Halt Death","Compendium.pf2e.spells-srd.Item.NQk8Cabhhw7jXkg0","rituals/halt-death.json","","area","unmatched","Base area likely exceeds the 120-cell visual limit"
"Hand of the Apprentice","Compendium.pf2e.spells-srd.Item.bSDTWUIvgXkBaEv8","focus/hand-of-the-apprentice.json","","caster","unmatched","Target/object placement needs manual review; caster placement would be misleading"
"Harm","Compendium.pf2e.spells-srd.Item.wdA52JJnsuQWeyqz","spells/rank-1/harm.json","","area","unmatched","No suitable supported visual theme"
"Harmonize Self","Compendium.pf2e.spells-srd.Item.qJZZdYBdNaWRJFER","focus/harmonize-self.json","","caster","unmatched","Target/object placement needs manual review; caster placement would be misleading"
"Harrowing","Compendium.pf2e.spells-srd.Item.ofAQyLtLEGnOIs3N","rituals/harrowing.json","","caster","unmatched","Variable, sustained or open-ended duration requires review"
"Haste","Compendium.pf2e.spells-srd.Item.o6YCGx4lycsYpww4","spells/rank-3/haste.json","","caster","unmatched","Target/object placement needs manual review; caster placement would be misleading"
"Hasted Assault","Compendium.pf2e.spells-srd.Item.3MzuRDc7ccylpW2e","focus/magus/hasted-assault.json","","caster","unmatched","Target/object placement needs manual review; caster placement would be misleading"
"Haunting Hymn","Compendium.pf2e.spells-srd.Item.b5BQbwmuBhgPXTyi","spells/cantrip/haunting-hymn.json","","area","unmatched","No suitable supported visual theme"
"Haunting Spirit","Compendium.pf2e.spells-srd.Item.EAkuu0qgr2Hi2xGk","spells/rank-4/haunting-spirit.json","","caster","unmatched","Target/object placement needs manual review; caster placement would be misleading"
"Haven in the Ether","Compendium.pf2e.spells-srd.Item.6fN8ePYatRCW1yck","rituals/haven-in-the-ether.json","","area","unmatched","Variable, sustained or open-ended duration requires review"
"Heal","Compendium.pf2e.spells-srd.Item.rfZpqmj0AIIdkVIs","spells/rank-1/heal.json","","area","unmatched","No suitable supported visual theme"
"Heal Animal","Compendium.pf2e.spells-srd.Item.Zmh4ynfnCtwKeAYl","focus/heal-animal.json","","caster","unmatched","Target/object placement needs manual review; caster placement would be misleading"
"Heal Companion","Compendium.pf2e.spells-srd.Item.KIV2LqzS5KtqOItV","focus/heal-companion.json","","caster","unmatched","Target/object placement needs manual review; caster placement would be misleading"
"Healer's Blessing","Compendium.pf2e.spells-srd.Item.rhJyqB9g3ziImQgM","focus/healers-blessing.json","","caster","unmatched","Target/object placement needs manual review; caster placement would be misleading"
"Healing Plaster","Compendium.pf2e.spells-srd.Item.m5QS8q5M6K0euKcT","spells/cantrip/healing-plaster.json","","caster","unmatched","Target/object placement needs manual review; caster placement would be misleading"
"Healing Well","Compendium.pf2e.spells-srd.Item.CzjQtkRuRlzRvwzg","spells/rank-5/healing-well.json","","caster","unmatched","Target/object placement needs manual review; caster placement would be misleading"
"Heart's Desire","Compendium.pf2e.spells-srd.Item.PVXqMko4yGgw90uo","focus/hearts-desire.json","","caster","unmatched","Variable, sustained or open-ended duration requires review"
"Heart's Hook","Compendium.pf2e.spells-srd.Item.1B8BLEQBQn9aEMoY","focus/hearts-hook.json","","caster","unmatched","Target/object placement needs manual review; caster placement would be misleading"
"Heartbolt","Compendium.pf2e.spells-srd.Item.ugysbQQWGvVq7iu8","spells/rank-6/heartbolt.json","","area","unmatched","No suitable supported visual theme"
"Heartbond","Compendium.pf2e.spells-srd.Item.dZV8nZUKRhGIr6g9","rituals/heartbond.json","","caster","unmatched","Target/object placement needs manual review; caster placement would be misleading"
"Heat Metal","Compendium.pf2e.spells-srd.Item.v4KzRPol5XQOOmk0","spells/rank-2/heat-metal.json","Fire","damage","enabled","Single fire damage type"
"Heatvision","Compendium.pf2e.spells-srd.Item.73gohsek77nLGPWC","spells/rank-3/heatvision.json","","caster","unmatched","Target/object placement needs manual review; caster placement would be misleading"
"Heaving Earth","Compendium.pf2e.spells-srd.Item.yWySiasyPZcRoe4d","spells/rank-7/heaving-earth.json","","damage","unmatched","No suitable supported visual theme"
"Hedge Prison","Compendium.pf2e.spells-srd.Item.z0ffligcrkVtKZd6","focus/hedge-prison.json","","caster","unmatched","Sustained expiration requires GM review"
"Heinous Future","Compendium.pf2e.spells-srd.Item.EX6gTy8s4wNyhOnl","spells/rank-6/heinous-future.json","","caster","unmatched","Target/object placement needs manual review; caster placement would be misleading"
"Hellfire Plume","Compendium.pf2e.spells-srd.Item.9LHr9SuDLTicdbXs","focus/hellfire-plume.json","Fire","area","review","Mixed damage types: fire, spirit"
"Helpful Reload","Compendium.pf2e.spells-srd.Item.0OFFXFdnMmFVlt8W","spells/rank-2/helpful-reload.json","","caster","unmatched","Target/object placement needs manual review; caster placement would be misleading"
"Helpful Scribe","Compendium.pf2e.spells-srd.Item.zWDmcWZHYc1AFkD6","spells/rank-2/helpful-scribe.json","","caster","unmatched","Sustained expiration requires GM review"
"Helpful Steps","Compendium.pf2e.spells-srd.Item.3SJEBgXHolrSAFqD","spells/rank-1/helpful-steps.json","","caster","unmatched","Target/object placement needs manual review; caster placement would be misleading"
"Helpful Wood Spirits","Compendium.pf2e.spells-srd.Item.kcYCWMd1NVCJ5Zbu","spells/rank-2/helpful-wood-spirits.json","","area","unmatched","Sustained expiration requires GM review"
"Hero's Defiance","Compendium.pf2e.spells-srd.Item.uGXWkR2h8q9MRzEM","focus/heros-defiance.json","","caster","unmatched","Target/object placement needs manual review; caster placement would be misleading"
"Heroic Feat","Compendium.pf2e.spells-srd.Item.4j0FQ1mkidBAXuQV","focus/heroic-feat.json","","caster","unmatched","Target/object placement needs manual review; caster placement would be misleading"
"Heroism","Compendium.pf2e.spells-srd.Item.KqvqNAfGIE5a9wSv","spells/rank-3/heroism.json","","caster","unmatched","Target/object placement needs manual review; caster placement would be misleading"
"Hidden Mind","Compendium.pf2e.spells-srd.Item.C2w3YfBKjIRS07DP","spells/rank-8/hidden-mind.json","","caster","unmatched","Variable, sustained or open-ended duration requires review"
"Hidebound","Compendium.pf2e.spells-srd.Item.3TuGuGZqyOBmWp7N","spells/rank-2/hidebound.json","","caster","unmatched","Target/object placement needs manual review; caster placement would be misleading"
"Hippocampus Retreat","Compendium.pf2e.spells-srd.Item.wSK0wtn8iHShYT9y","spells/rank-1/hippocampus-retreat.json","","damage","unmatched","No suitable supported visual theme"
"Hollow Heart","Compendium.pf2e.spells-srd.Item.k6f5nvSv0XIhbiHj","focus/hollow-heart.json","","caster","unmatched","Variable, sustained or open-ended duration requires review"
"Hologram Cage","Compendium.pf2e.spells-srd.Item.wykbu2KW9tMBRySr","focus/hologram-cage.json","","area","unmatched","No suitable supported visual theme"
"Holy Cascade","Compendium.pf2e.spells-srd.Item.DZ9bzXYqMjAK9TzC","spells/rank-4/holy-cascade.json","","area","unmatched","No suitable supported visual theme"
"Holy Host","Compendium.pf2e.spells-srd.Item.BINaRykHRLGn4Qfm","spells/rank-8/holy-host.json","","area","unmatched","Variable, sustained or open-ended duration requires review"
"Holy Light","Compendium.pf2e.spells-srd.Item.DyiD239dNS7RIxZE","spells/rank-3/holy-light.json","Holy Light","damage","enabled","Curated holy-light visual theme"
"Home Among Mulberry Leaves","Compendium.pf2e.spells-srd.Item.JIphJbkWHndtFk72","focus/home-among-mulberry-leaves.json","","caster","unmatched","Target/object placement needs manual review; caster placement would be misleading"
"Honeyed Words","Compendium.pf2e.spells-srd.Item.JyxTmqjYYn63V5LY","spells/rank-4/honeyed-words.json","","caster","unmatched","Target/object placement needs manual review; caster placement would be misleading"
"Hop, Skip, Jump","Compendium.pf2e.spells-srd.Item.FArzEHTSaeZsuOaH","spells/rank-4/hop-skip-jump.json","","caster","unmatched","Target/object placement needs manual review; caster placement would be misleading"
"Horde of Underlings","Compendium.pf2e.spells-srd.Item.y5amezSt82FYu9HG","spells/rank-3/horde-of-underlings.json","","area","unmatched","Sustained expiration requires GM review"
"Horizon Thunder Sphere","Compendium.pf2e.spells-srd.Item.8Uzc9WKqRr755S5d","spells/rank-1/horizon-thunder-sphere.json","Lightning Field","area","enabled","Single electricity damage type"
"Horizon's Veil","Compendium.pf2e.spells-srd.Item.wTtStmTk5SjFE1sh","spells/rank-5/horizons-veil.json","","area","unmatched","No suitable supported visual theme"
"Horrific Visage","Compendium.pf2e.spells-srd.Item.aZg3amDcrXz3cLCz","focus/horrific-visage.json","","area","unmatched","No suitable supported visual theme"
"Horrifying Blood Loss","Compendium.pf2e.spells-srd.Item.LrRyNA2bo5UwBxud","spells/rank-2/horrifying-blood-loss.json","","caster","unmatched","Variable, sustained or open-ended duration requires review"
"Hot Air","Compendium.pf2e.spells-srd.Item.nm9Tdyb9Z59m14ZF","focus/hot-air.json","Fire","damage","review","Sustained expiration requires GM review"
"House of Imaginary Walls","Compendium.pf2e.spells-srd.Item.PEfSofHm73IT3Khc","focus/house-of-imaginary-walls.json","","caster","unmatched","Target/object placement needs manual review; caster placement would be misleading"
"Howling Blizzard","Compendium.pf2e.spells-srd.Item.xxWhyl81w3ckslAU","spells/rank-5/howling-blizzard.json","Frost","area","enabled","Single cold damage type"
"Humanoid Form","Compendium.pf2e.spells-srd.Item.2qGqa33E4GPUCbMV","spells/rank-2/humanoid-form.json","","caster","unmatched","Target/object placement needs manual review; caster placement would be misleading"
"Hungry Depths","Compendium.pf2e.spells-srd.Item.0EzLXIpPPH0LOKqt","spells/rank-7/hungry-depths.json","","area","unmatched","Sustained expiration requires GM review"
"Hunter's Luck","Compendium.pf2e.spells-srd.Item.GfrKNJ9pNeATiKCc","focus/hunters-luck.json","","caster","unmatched","Target/object placement needs manual review; caster placement would be misleading"
"Hunter's Vision","Compendium.pf2e.spells-srd.Item.tj86Rnq3QuQnDtG3","focus/hunters-vision.json","","caster","unmatched","Target/object placement needs manual review; caster placement would be misleading"
"Hurtling Stone","Compendium.pf2e.spells-srd.Item.pRKaEXnjGJXbPHPC","focus/hurtling-stone.json","","damage","unmatched","No suitable supported visual theme"
"Hydraulic Push","Compendium.pf2e.spells-srd.Item.jfVCuOpzC6mUrf6f","spells/rank-1/hydraulic-push.json","","damage","unmatched","No suitable supported visual theme"
"Hydraulic Torrent","Compendium.pf2e.spells-srd.Item.Y3G6Y6EDgCY0s3fq","spells/rank-4/hydraulic-torrent.json","","area","unmatched","No suitable supported visual theme"
"Hymn of Healing","Compendium.pf2e.spells-srd.Item.gSUQlTDYoLDGAsCP","focus/hymn-of-healing.json","","caster","unmatched","Sustained expiration requires GM review"
"Hypercognition","Compendium.pf2e.spells-srd.Item.ZYoC630tNGutgbE0","spells/rank-3/hypercognition.json","","caster","unmatched","Target/object placement needs manual review; caster placement would be misleading"
"Hypnopompic Terrors","Compendium.pf2e.spells-srd.Item.TvZiwZRianfTSbEg","spells/rank-8/hypnopompic-terrors.json","","damage","unmatched","No suitable supported visual theme"
"Hypnotize","Compendium.pf2e.spells-srd.Item.K2WpC3FFoHrqX9Q5","spells/rank-3/hypnotize.json","","area","unmatched","Sustained expiration requires GM review"
"Ibex's Harvest","Compendium.pf2e.spells-srd.Item.P7AToTm0ulueRk63","spells/rank-3/ibexs-harvest.json","","area","unmatched","No suitable supported visual theme"
"Ice Storm","Compendium.pf2e.spells-srd.Item.kHyjQbibRGPNCixx","spells/rank-4/ice-storm.json","Frost","area","review","Sustained expiration requires GM review"
"Ideal Mimicry","Compendium.pf2e.spells-srd.Item.M6HsK7W6JMkJXeog","rituals/ideal-mimicry.json","","caster","unmatched","Variable, sustained or open-ended duration requires review"
"Ignite Ambition","Compendium.pf2e.spells-srd.Item.Dj44lViYKvOJ8a53","focus/ignite-ambition.json","","caster","unmatched","Target/object placement needs manual review; caster placement would be misleading"
"Ignite Fireworks","Compendium.pf2e.spells-srd.Item.3GXU3ugrwLv0P7AH","spells/rank-2/ignite-fireworks.json","Fire","area","review","Mixed damage types: fire, sonic"
"Ignition","Compendium.pf2e.spells-srd.Item.6DfLZBl8wKIV03Iq","spells/cantrip/ignition.json","Fire","damage","enabled","Single fire damage type"
"Ill Omen","Compendium.pf2e.spells-srd.Item.6ZIKB0151LUR19Rw","spells/rank-1/ill-omen.json","","caster","unmatched","Target/object placement needs manual review; caster placement would be misleading"
"Illuminate","Compendium.pf2e.spells-srd.Item.qCkxBOLMCCXEjBWo","spells/cantrip/illuminate.json","","area","unmatched","No suitable supported visual theme"
"Illusory Creature","Compendium.pf2e.spells-srd.Item.f8SBoXiXQjlCKqly","spells/rank-2/illusory-creature.json","","caster","unmatched","Sustained expiration requires GM review"
"Illusory Disguise","Compendium.pf2e.spells-srd.Item.i35dpZFI7jZcRoBo","spells/rank-1/illusory-disguise.json","","caster","unmatched","Target/object placement needs manual review; caster placement would be misleading"
"Illusory Object","Compendium.pf2e.spells-srd.Item.2oH5IufzdESuYxat","spells/rank-1/illusory-object.json","","area","unmatched","No suitable supported visual theme"
"Illusory Scene","Compendium.pf2e.spells-srd.Item.Ucf8eynbZMfUucjE","spells/rank-5/illusory-scene.json","","area","unmatched","No suitable supported visual theme"
"Illusory Shroud","Compendium.pf2e.spells-srd.Item.kLyyJayja75K9rXX","spells/rank-2/illusory-shroud.json","","caster","unmatched","Target/object placement needs manual review; caster placement would be misleading"
"Imaginary Lockbox","Compendium.pf2e.spells-srd.Item.PERUlvKPtF7dMzN4","spells/rank-5/imaginary-lockbox.json","","caster","unmatched","Variable, sustained or open-ended duration requires review"
"Imaginary Weapon","Compendium.pf2e.spells-srd.Item.sUr5KCpeE6AXfvPp","focus/imaginary-weapon.json","","damage","unmatched","No suitable supported visual theme"
"Imitate Fauna","Compendium.pf2e.spells-srd.Item.HkjeegDsA5Wq0hR2","focus/imitate-fauna.json","","caster","unmatched","Target/object placement needs manual review; caster placement would be misleading"
"Imp Sting","Compendium.pf2e.spells-srd.Item.oryfsRK27jAUnziw","spells/rank-2/imp-sting.json","","damage","unmatched","No suitable supported visual theme"
"Impaling Briars","Compendium.pf2e.spells-srd.Item.oGV6YdpZLIG4G4gH","focus/impaling-briars.json","","area","unmatched","Base area likely exceeds the 120-cell visual limit"
"Impaling Spike","Compendium.pf2e.spells-srd.Item.oXeEbcUdgJGWHGEJ","spells/rank-5/impaling-spike.json","","damage","unmatched","No suitable supported visual theme"
"Impart Empathy","Compendium.pf2e.spells-srd.Item.VJW3IzDpAFio7uls","spells/rank-2/impart-empathy.json","","caster","unmatched","Target/object placement needs manual review; caster placement would be misleading"
"Impeccable Flow","Compendium.pf2e.spells-srd.Item.8VzbumNyMEdSzZSz","spells/rank-2/impeccable-flow.json","","caster","unmatched","Target/object placement needs manual review; caster placement would be misleading"
"Impending Doom","Compendium.pf2e.spells-srd.Item.rfFZKfeCSweFv7P3","spells/rank-3/impending-doom.json","","damage","unmatched","No suitable supported visual theme"
"Implement of Destruction","Compendium.pf2e.spells-srd.Item.sUvTGELaggrBSgGm","spells/rank-4/implement-of-destruction.json","","caster","unmatched","Target/object placement needs manual review; caster placement would be misleading"
"Implosion","Compendium.pf2e.spells-srd.Item.4WS7HrFjwNvTn8T2","spells/rank-9/implosion.json","","damage","unmatched","Sustained expiration requires GM review"
"Imprint Message","Compendium.pf2e.spells-srd.Item.WJOQryAODgYmrL6g","spells/rank-1/imprint-message.json","","caster","unmatched","Target/object placement needs manual review; caster placement would be misleading"
"Imprinting Hand","Compendium.pf2e.spells-srd.Item.c6CXH7WTxtS4D1Fi","spells/rank-2/imprinting-hand.json","","damage","unmatched","No suitable supported visual theme"
"Imprisonment","Compendium.pf2e.spells-srd.Item.2CNqkt2s2IYkVnv6","rituals/imprisonment.json","","caster","unmatched","Target/object placement needs manual review; caster placement would be misleading"
"Incarnate Ancestry","Compendium.pf2e.spells-srd.Item.DcUGLLyaa9tHH1kN","rituals/incarnate-ancestry.json","","caster","unmatched","Target/object placement needs manual review; caster placement would be misleading"
"Incarnate Ancient Specter","Compendium.pf2e.spells-srd.Item.fH7LQX5yaRf9zBOm","spells/rank-7/incarnate-ancient-specter.json","Blood","area","review","Variable, sustained or open-ended duration requires review"
"Incarnate Archmage","Compendium.pf2e.spells-srd.Item.JAaETUBg0xlttpCH","spells/rank-8/incarnate-archmage.json","","damage","unmatched","Variable, sustained or open-ended duration requires review"
"Incarnate Deific Herald","Compendium.pf2e.spells-srd.Item.kIRWUBxocERjIBni","spells/rank-8/incarnate-deific-herald.json","","area","unmatched","Variable, sustained or open-ended duration requires review"
"Incarnate Draconic Legion","Compendium.pf2e.spells-srd.Item.2EIUqc8TCTQimggQ","spells/rank-9/incarnate-draconic-legion.json","","area","unmatched","Variable, sustained or open-ended duration requires review"
"Incarnate Faerie Revelers","Compendium.pf2e.spells-srd.Item.v730iubgGbmhOzor","spells/rank-5/incarnate-faerie-revelers.json","","area","unmatched","Variable, sustained or open-ended duration requires review"
"Incarnate Kaiju","Compendium.pf2e.spells-srd.Item.WRP8TDf36hqHyGv1","spells/rank-10/incarnate-kaiju.json","","area","unmatched","Variable, sustained or open-ended duration requires review"
"Incarnate Shadow Minuet","Compendium.pf2e.spells-srd.Item.sDUOJoLUEvD5Xe8E","spells/rank-4/incarnate-shadow-minuet.json","","area","unmatched","Variable, sustained or open-ended duration requires review"
"Incarnate Skeletal Giant","Compendium.pf2e.spells-srd.Item.3LPFReFtMPiO0pAk","spells/rank-5/incarnate-skeletal-giant.json","","area","unmatched","Variable, sustained or open-ended duration requires review"
"Incarnate Tempest of Shades","Compendium.pf2e.spells-srd.Item.JLdbyGKhjwAAoRLs","spells/rank-7/incarnate-tempest-of-shades.json","","area","unmatched","Variable, sustained or open-ended duration requires review"
"Incarnate Wild Rose","Compendium.pf2e.spells-srd.Item.u8ve6wRt7VlHKP64","spells/rank-6/incarnate-wild-rose.json","","area","unmatched","Variable, sustained or open-ended duration requires review"
"Incendiary Ashes","Compendium.pf2e.spells-srd.Item.OTd17oXwJH9qb1cS","focus/incendiary-ashes.json","","area","unmatched","No suitable supported visual theme"
"Incendiary Aura","Compendium.pf2e.spells-srd.Item.AspA30tzKCHFWRf0","focus/incendiary-aura.json","","area","unmatched","No suitable supported visual theme"
"Incendiary Fog","Compendium.pf2e.spells-srd.Item.I2fwPslQth0DTPQD","spells/rank-5/incendiary-fog.json","Fire","area","enabled","Single fire damage type"
"Indestructibility","Compendium.pf2e.spells-srd.Item.UG0SmRYSdbrx2rTA","spells/rank-10/indestructibility.json","","caster","unmatched","Variable, sustained or open-ended duration requires review"
"Indolent Haze","Compendium.pf2e.spells-srd.Item.xh6hPMDx2n4OaBU7","spells/rank-7/indolent-haze.json","","area","unmatched","No suitable supported visual theme"
"Inertia Lock","Compendium.pf2e.spells-srd.Item.94IYF1lHbki390VN","spells/rank-3/inertia-lock.json","","caster","unmatched","Target/object placement needs manual review; caster placement would be misleading"
"Inevitable Destination","Compendium.pf2e.spells-srd.Item.fMnjP4hpNRV9EfVM","focus/inevitable-destination.json","","caster","unmatched","Target/object placement needs manual review; caster placement would be misleading"
"Inevitable Disaster","Compendium.pf2e.spells-srd.Item.8THDHP0UC7SgOYYF","spells/rank-5/inevitable-disaster.json","","damage","unmatched","No suitable supported visual theme"
"Inexhaustible Cynicism","Compendium.pf2e.spells-srd.Item.gMbrNFKz9NP3TR4s","spells/rank-7/inexhaustible-cynicism.json","","damage","unmatched","No suitable supported visual theme"
"Infectious Comedy","Compendium.pf2e.spells-srd.Item.SE3MddYAUyPKABuF","spells/rank-5/infectious-comedy.json","","caster","unmatched","Sustained expiration requires GM review"
"Infectious Ennui","Compendium.pf2e.spells-srd.Item.oYBIs8MICYkFwtXD","spells/rank-3/infectious-ennui.json","","caster","unmatched","Sustained expiration requires GM review"
"Infectious Enthusiasm","Compendium.pf2e.spells-srd.Item.VACvA5VRbddjt5s9","spells/cantrip/infectious-enthusiasm.json","","caster","unmatched","Target/object placement needs manual review; caster placement would be misleading"
"Infectious Melody","Compendium.pf2e.spells-srd.Item.mUz3wqbMQ5JQ06M5","spells/rank-4/infectious-melody.json","","area","unmatched","Variable, sustained or open-ended duration requires review"
"Infiltrator's Tunnel","Compendium.pf2e.spells-srd.Item.U5dw9SiuVcLmdHoi","spells/rank-4/infiltrators-tunnel.json","","caster","unmatched","Target/object placement needs manual review; caster placement would be misleading"
"Infinitesimal Collapse Field","Compendium.pf2e.spells-srd.Item.29tJyuEfFP43lMcM","spells/rank-7/infinitesimal-collapse-field.json","","area","unmatched","Sustained expiration requires GM review"
"Information Overload","Compendium.pf2e.spells-srd.Item.PesUKf0lIt5zRofj","focus/information-overload.json","","caster","unmatched","Sustained expiration requires GM review"
"Infuse Vitality","Compendium.pf2e.spells-srd.Item.2iQKhCQBijhj5Rf3","spells/rank-1/infuse-vitality.json","","caster","unmatched","Target/object placement needs manual review; caster placement would be misleading"
"Inkshot","Compendium.pf2e.spells-srd.Item.MiTFNcqCI9f34A2V","spells/rank-1/inkshot.json","","damage","unmatched","No suitable supported visual theme"
"Inner Radiance Torrent","Compendium.pf2e.spells-srd.Item.eSEmqOBuywoJ6tYd","spells/rank-2/inner-radiance-torrent.json","","area","unmatched","No suitable supported visual theme"
"Inner Upheaval","Compendium.pf2e.spells-srd.Item.ZL8NTvB22NeEWhVG","focus/inner-upheaval.json","","damage","unmatched","No suitable supported visual theme"
"Inscrutable Mask","Compendium.pf2e.spells-srd.Item.YQWq1DZuLRk32M3h","focus/inscrutable-mask.json","","caster","unmatched","Target/object placement needs manual review; caster placement would be misleading"
"Insect Form","Compendium.pf2e.spells-srd.Item.XI6Lzd2B5pernkPd","spells/rank-3/insect-form.json","","caster","unmatched","Target/object placement needs manual review; caster placement would be misleading"
"Inside Ropes","Compendium.pf2e.spells-srd.Item.Einy9RNTGVq1kY3j","spells/cantrip/inside-ropes.json","","caster","unmatched","Target/object placement needs manual review; caster placement would be misleading"
"Instant Armor","Compendium.pf2e.spells-srd.Item.uiv8FKuxE8HOWTxW","spells/rank-2/instant-armor.json","","caster","unmatched","Target/object placement needs manual review; caster placement would be misleading"
"Instant Minefield","Compendium.pf2e.spells-srd.Item.vuehhQN8gPSpqcEK","spells/rank-5/instant-minefield.json","Fire","area","review","Mixed damage types: piercing, fire"
"Instant Parade","Compendium.pf2e.spells-srd.Item.xyRjD52YZl3DBsiy","spells/rank-3/instant-parade.json","","area","unmatched","No suitable supported visual theme"
"Instant Pottery","Compendium.pf2e.spells-srd.Item.ET2BYfeNaHqfZIWs","spells/rank-1/instant-pottery.json","","caster","unmatched","Target/object placement needs manual review; caster placement would be misleading"
"Interdisciplinary Incantation","Compendium.pf2e.spells-srd.Item.sGenGMmE1ntkXCtN","focus/interdisciplinary-incantation.json","","caster","unmatched","Target/object placement needs manual review; caster placement would be misleading"
"Internal Insurrection","Compendium.pf2e.spells-srd.Item.RbORUmnwlB8b3mNf","spells/rank-4/internal-insurrection.json","","caster","unmatched","Target/object placement needs manual review; caster placement would be misleading"
"Interplanar Teleport","Compendium.pf2e.spells-srd.Item.5bTt2CvYHPvaR7QQ","spells/rank-7/interplanar-teleport.json","","caster","unmatched","Target/object placement needs manual review; caster placement would be misleading"
"Interposing Earth","Compendium.pf2e.spells-srd.Item.HokKyQl5g655xx9U","spells/rank-1/interposing-earth.json","","caster","unmatched","Target/object placement needs manual review; caster placement would be misleading"
"Interstellar Void","Compendium.pf2e.spells-srd.Item.L37RTc7K79OUpZ7X","focus/interstellar-void.json","Frost","damage","review","Sustained expiration requires GM review"
"Inveigle","Compendium.pf2e.spells-srd.Item.5pwK2FZX6QwgtfqX","rituals/inveigle.json","","caster","unmatched","Variable, sustained or open-ended duration requires review"
"Invent Code","Compendium.pf2e.spells-srd.Item.lMf0bP8ziuzMAVb5","spells/rank-3/invent-code.json","","caster","unmatched","Target/object placement needs manual review; caster placement would be misleading"
"Invisibility","Compendium.pf2e.spells-srd.Item.XXqE1eY3w3z6xJCB","spells/rank-2/invisibility.json","","caster","unmatched","Target/object placement needs manual review; caster placement would be misleading"
"Invisibility Cloak","Compendium.pf2e.spells-srd.Item.Nun72GTmb31YqSKh","focus/invisibility-cloak.json","","caster","unmatched","Target/object placement needs manual review; caster placement would be misleading"
"Invisibility Curtain","Compendium.pf2e.spells-srd.Item.a8xXWCQhIR7o6IvP","spells/rank-4/invisibility-curtain.json","","caster","unmatched","Sustained expiration requires GM review"
"Invisible Item","Compendium.pf2e.spells-srd.Item.nX85Brzax9f650aK","spells/rank-1/invisible-item.json","","caster","unmatched","Target/object placement needs manual review; caster placement would be misleading"
"Invoke Spirits","Compendium.pf2e.spells-srd.Item.hghGRzOSzEl4UXdS","spells/rank-5/invoke-spirits.json","","area","unmatched","Sustained expiration requires GM review"
"Invoke the Crimson Oath","Compendium.pf2e.spells-srd.Item.AsKLseOo8hwv5Jha","focus/invoke-the-crimson-oath.json","","area","unmatched","No suitable supported visual theme"
"Invoke the Harrow","Compendium.pf2e.spells-srd.Item.82gDiXTKsCmdIF6Q","focus/invoke-the-harrow.json","","caster","unmatched","Target/object placement needs manual review; caster placement would be misleading"
"Invoke True Name","Compendium.pf2e.spells-srd.Item.09C2wvWZLCxwjINk","spells/cantrip/invoke-true-name.json","","caster","unmatched","Target/object placement needs manual review; caster placement would be misleading"
"Iron Gut","Compendium.pf2e.spells-srd.Item.IhwREVWG0OzzrbWA","spells/rank-2/iron-gut.json","","caster","unmatched","Target/object placement needs manual review; caster placement would be misleading"
"Iron Rain","Compendium.pf2e.spells-srd.Item.NIXXJoGuzvctynBt","spells/rank-3/iron-rain.json","Blood","area","review","Mixed damage types: bleed, piercing"
"Isolation","Compendium.pf2e.spells-srd.Item.mer4V7vWdTs1oLbG","focus/isolation.json","","caster","unmatched","Target/object placement needs manual review; caster placement would be misleading"
"It is Written","Compendium.pf2e.spells-srd.Item.AXpqBdbQ66RWyZYk","spells/rank-4/it-is-written.json","","caster","unmatched","Variable, sustained or open-ended duration requires review"
"Item Facade","Compendium.pf2e.spells-srd.Item.4ZGte0i9YbLh4dRi","spells/rank-1/item-facade.json","","caster","unmatched","Target/object placement needs manual review; caster placement would be misleading"
"Jassim's Allegiance","Compendium.pf2e.spells-srd.Item.JEMSVySuS4jvTepQ","spells/rank-10/jassims-allegiance.json","","caster","unmatched","Variable, sustained or open-ended duration requires review"
"Jealous Hex","Compendium.pf2e.spells-srd.Item.kvm68hVtmADiIvN4","focus/jealous-hex.json","","caster","unmatched","Target/object placement needs manual review; caster placement would be misleading"
"Join Pasts","Compendium.pf2e.spells-srd.Item.8bdt1TvNKzsCu9Ct","spells/cantrip/join-pasts.json","","caster","unmatched","Target/object placement needs manual review; caster placement would be misleading"
"Jump","Compendium.pf2e.spells-srd.Item.Q7QQ91vQtyi1Ux36","spells/rank-1/jump.json","","caster","unmatched","Target/object placement needs manual review; caster placement would be misleading"
"Juvenile Companion","Compendium.pf2e.spells-srd.Item.KFpBT6FPfSFhxQ27","spells/rank-1/juvenile-companion.json","","caster","unmatched","Target/object placement needs manual review; caster placement would be misleading"
"Kaiju Ward","Compendium.pf2e.spells-srd.Item.nxnGKgcVii5KTwtM","rituals/kaiju-ward.json","","caster","unmatched","Target/object placement needs manual review; caster placement would be misleading"
"Keen Smell","Compendium.pf2e.spells-srd.Item.SXmEI4kVWVSagK4H","focus/keen-smell.json","","caster","unmatched","Target/object placement needs manual review; caster placement would be misleading"
"Kgalaserke's Axes","Compendium.pf2e.spells-srd.Item.yo1eB5Xz21AYfWCI","spells/rank-2/kgalaserkes-axes.json","","caster","unmatched","Target/object placement needs manual review; caster placement would be misleading"
"Ki Cutting Sight","Compendium.pf2e.spells-srd.Item.jrlCEw9rqBi4qU6g","focus/ki-cutting-sight.json","","caster","unmatched","Target/object placement needs manual review; caster placement would be misleading"
"Kinetic Ram","Compendium.pf2e.spells-srd.Item.sPHcuLIKj9SDaDAD","spells/rank-1/kinetic-ram.json","","area","unmatched","No suitable supported visual theme"
"King's Castle","Compendium.pf2e.spells-srd.Item.vM8oBYaEPgEXBimM","spells/rank-5/kings-castle.json","","caster","unmatched","Target/object placement needs manual review; caster placement would be misleading"
"Knock","Compendium.pf2e.spells-srd.Item.6Ot4N22t5tPD51BO","spells/rank-2/knock.json","","caster","unmatched","Target/object placement needs manual review; caster placement would be misleading"
"Know Location","Compendium.pf2e.spells-srd.Item.L6kr9AUZ8iwuxIip","spells/rank-1/know-location.json","","caster","unmatched","Variable, sustained or open-ended duration requires review"
"Know the Enemy","Compendium.pf2e.spells-srd.Item.l6zjNysNedpJcmDT","focus/know-the-enemy.json","","caster","unmatched","Target/object placement needs manual review; caster placement would be misleading"
"Know the Way","Compendium.pf2e.spells-srd.Item.tXa5vOu5giBNCjdR","spells/cantrip/know-the-way.json","","caster","unmatched","Target/object placement needs manual review; caster placement would be misleading"
"Labyrinthine Prison","Compendium.pf2e.spells-srd.Item.WRRbNyGam4ytTRgr","rituals/labyrinthine-prison.json","","caster","unmatched","Variable, sustained or open-ended duration requires review"
"Lament","Compendium.pf2e.spells-srd.Item.T90ij2uu6ZaBaSXV","focus/lament.json","","damage","unmatched","No suitable supported visual theme"
"Lashing Rope","Compendium.pf2e.spells-srd.Item.sbTxe4CGP4tn6y51","spells/rank-3/lashing-rope.json","","damage","unmatched","Sustained expiration requires GM review"
"Lashunta's Life Bubble","Compendium.pf2e.spells-srd.Item.8rAcQOvm0nFrqAUt","spells/rank-5/lashuntas-life-bubble.json","","caster","unmatched","Target/object placement needs manual review; caster placement would be misleading"
"Last Night's Vigil","Compendium.pf2e.spells-srd.Item.INEAWirvb8c1eAFD","rituals/last-nights-vigil.json","","caster","unmatched","Target/object placement needs manual review; caster placement would be misleading"
"Laughing Fit","Compendium.pf2e.spells-srd.Item.tlSE7Ly8vi1Dgddv","spells/rank-2/laughing-fit.json","","caster","unmatched","Sustained expiration requires GM review"
"Lay on Hands","Compendium.pf2e.spells-srd.Item.zNN9212H2FGfM7VS","focus/lay-on-hands.json","","caster","unmatched","Target/object placement needs manual review; caster placement would be misleading"
"Leaden Steps","Compendium.pf2e.spells-srd.Item.2tHYKoVc5YhSewDO","spells/rank-1/leaden-steps.json","","caster","unmatched","Sustained expiration requires GM review"
"Leng Sting","Compendium.pf2e.spells-srd.Item.QVMjPfXlpnmeuWKS","spells/rank-7/leng-sting.json","","damage","unmatched","No suitable supported visual theme"
"Let Not the Fallen Rest","Compendium.pf2e.spells-srd.Item.USKnG2ZSzVs4xn85","focus/let-not-the-fallen-rest.json","","area","unmatched","No suitable supported visual theme"
"Levitate","Compendium.pf2e.spells-srd.Item.fI20AVwOzJMHXRdo","spells/rank-3/levitate.json","","caster","unmatched","Target/object placement needs manual review; caster placement would be misleading"
"Liberating Command","Compendium.pf2e.spells-srd.Item.0Dcd4iEXqCrkm4Jn","spells/rank-1/liberating-command.json","","caster","unmatched","Target/object placement needs manual review; caster placement would be misleading"
"Life Boost","Compendium.pf2e.spells-srd.Item.fAlzXtQAASaJx0mY","focus/life-boost.json","","caster","unmatched","Target/object placement needs manual review; caster placement would be misleading"
"Life Connection","Compendium.pf2e.spells-srd.Item.HIY4XUJZKmFLAJTn","spells/rank-3/life-connection.json","","caster","unmatched","Target/object placement needs manual review; caster placement would be misleading"
"Life Link","Compendium.pf2e.spells-srd.Item.2gQYrCPwBmwau26O","focus/life-link.json","","caster","unmatched","Target/object placement needs manual review; caster placement would be misleading"
"Life Pact","Compendium.pf2e.spells-srd.Item.vvbS69EHZuUTq0dr","spells/rank-3/life-pact.json","","caster","unmatched","Target/object placement needs manual review; caster placement would be misleading"
"Life Siphon","Compendium.pf2e.spells-srd.Item.zvvHOQV78WKUB33l","focus/life-siphon.json","","caster","unmatched","Target/object placement needs manual review; caster placement would be misleading"
"Life Tap","Compendium.pf2e.spells-srd.Item.fgmxDC2PH2TEYGKG","focus/necromancer/life-tap.json","","caster","unmatched","Target/object placement needs manual review; caster placement would be misleading"
"Life-Draining Roots","Compendium.pf2e.spells-srd.Item.FHfrCABOmGVaEpPx","spells/rank-4/life-draining-roots.json","","area","unmatched","No suitable supported visual theme"
"Life-Giving Form","Compendium.pf2e.spells-srd.Item.9kOI14Jep97TzGO7","focus/life-giving-form.json","","caster","unmatched","Target/object placement needs manual review; caster placement would be misleading"
"Life's Flowing River","Compendium.pf2e.spells-srd.Item.CgekONDD5jIxL8oM","spells/rank-4/lifes-flowing-river.json","","caster","unmatched","Target/object placement needs manual review; caster placement would be misleading"
"Life's Fresh Bloom","Compendium.pf2e.spells-srd.Item.2TVc8NabmGpc092W","spells/rank-4/lifes-fresh-bloom.json","","area","unmatched","Sustained expiration requires GM review"
"Lifelink Surge","Compendium.pf2e.spells-srd.Item.lOZhcvtej10TqlQm","focus/summoner/lifelink-surge.json","","caster","unmatched","Target/object placement needs manual review; caster placement would be misleading"
"Lifewood Cage","Compendium.pf2e.spells-srd.Item.HES5jvGiNZZnJycK","spells/rank-7/lifewood-cage.json","","area","unmatched","Sustained expiration requires GM review"
"Lift Nature's Caul","Compendium.pf2e.spells-srd.Item.6GjJtLJnwC18Y0aZ","focus/lift-natures-caul.json","","area","unmatched","Variable, sustained or open-ended duration requires review"
"Light","Compendium.pf2e.spells-srd.Item.WBmvzNDfpwka3qT4","spells/cantrip/light.json","Magic Light","caster","review","Variable, sustained or open-ended duration requires review"
"Light of Revelation","Compendium.pf2e.spells-srd.Item.ou56ShiFH7GWF8hX","focus/light-of-revelation.json","","caster","unmatched","Target/object placement needs manual review; caster placement would be misleading"
"Lightning Bolt","Compendium.pf2e.spells-srd.Item.9AAkVUCwF6WVNNY2","spells/rank-3/lightning-bolt.json","Lightning Field","area","enabled","Single electricity damage type"
"Lightning Lasso","Compendium.pf2e.spells-srd.Item.MUJe5G1zdR20Iq4y","spells/rank-3/lightning-lasso.json","Lightning Field","damage","review","Sustained expiration requires GM review"
"Lightning Storm","Compendium.pf2e.spells-srd.Item.JyT346VmGtRLsDnV","spells/rank-5/lightning-storm.json","Lightning Field","area","review","Sustained expiration requires GM review"
"Lignify","Compendium.pf2e.spells-srd.Item.2hMy9ROM2dOZB8Jq","spells/rank-6/lignify.json","","caster","unmatched","Variable, sustained or open-ended duration requires review"
"Liminal Doorway","Compendium.pf2e.spells-srd.Item.OM5NeD7a1CYNqy8S","spells/rank-4/liminal-doorway.json","","caster","unmatched","Target/object placement needs manual review; caster placement would be misleading"
"Lingering Composition","Compendium.pf2e.spells-srd.Item.irTdhxTixU9u9YUm","focus/lingering-composition.json","","caster","unmatched","Target/object placement needs manual review; caster placement would be misleading"
"Linnorm Sting","Compendium.pf2e.spells-srd.Item.ZMY58Yk5hnyfeE3q","spells/rank-9/linnorm-sting.json","","damage","unmatched","No suitable supported visual theme"
"Live Wire","Compendium.pf2e.spells-srd.Item.Vbj8bTQ1nwrOBbYF","spells/cantrip/live-wire.json","Lightning Field","damage","review","Mixed damage types: slashing, electricity"
"Lively Flight","Compendium.pf2e.spells-srd.Item.cHwM7Uj74L1titXZ","spells/rank-3/lively-flight.json","","caster","unmatched","Target/object placement needs manual review; caster placement would be misleading"
"Living Graveyard","Compendium.pf2e.spells-srd.Item.iCzdCea2tm1oVpRf","focus/necromancer/living-graveyard.json","","area","unmatched","No suitable supported visual theme"
"Living Terrain","Compendium.pf2e.spells-srd.Item.ygZHabZRS1ypucaw","spells/rank-4/living-terrain.json","","area","unmatched","Sustained expiration requires GM review"
"Living Thunderbolt","Compendium.pf2e.spells-srd.Item.BsjhLRBhQCkeO3J7","spells/rank-6/living-thunderbolt.json","Lightning Field","damage","enabled","Single electricity damage type"
"Localized Quake","Compendium.pf2e.spells-srd.Item.cBUuG1yJHGeKffpg","focus/localized-quake.json","","damage","unmatched","No suitable supported visual theme"
"Locate","Compendium.pf2e.spells-srd.Item.LQzlKbYjZSMFQawP","spells/rank-3/locate.json","","caster","unmatched","Sustained expiration requires GM review"
"Lock","Compendium.pf2e.spells-srd.Item.Azoh0BSoCASrA1lr","spells/rank-1/lock.json","","caster","unmatched","Variable, sustained or open-ended duration requires review"
"Lock Item","Compendium.pf2e.spells-srd.Item.qFO9HgplrShoaAPY","spells/rank-2/lock-item.json","","caster","unmatched","Variable, sustained or open-ended duration requires review"
"Loose Time's Arrow","Compendium.pf2e.spells-srd.Item.mLAYvbafVKfBgEhz","spells/rank-2/loose-times-arrow.json","","caster","unmatched","Variable, sustained or open-ended duration requires review"
"Loremaster's Etude","Compendium.pf2e.spells-srd.Item.5Pc55FGGqVpIAJ62","focus/loremasters-etude.json","","caster","unmatched","Target/object placement needs manual review; caster placement would be misleading"
"Lose the Path","Compendium.pf2e.spells-srd.Item.iohRnd4gUCmJlh54","spells/rank-1/lose-the-path.json","","caster","unmatched","Target/object placement needs manual review; caster placement would be misleading"
"Lotus Walk","Compendium.pf2e.spells-srd.Item.OuZY7VYeylub5K7l","spells/rank-3/lotus-walk.json","","caster","unmatched","Target/object placement needs manual review; caster placement would be misleading"
"Love's Sacrifice","Compendium.pf2e.spells-srd.Item.flKde7BHrZnRheMl","spells/rank-7/loves-sacrifice.json","","caster","unmatched","Target/object placement needs manual review; caster placement would be misleading"
"Loyalty's Ward","Compendium.pf2e.spells-srd.Item.qBSyP5csMVmaOWCF","rituals/loyaltys-ward.json","","caster","unmatched","Variable, sustained or open-ended duration requires review"
"Lucky Break","Compendium.pf2e.spells-srd.Item.7OwZHalOdRCRnFmZ","focus/lucky-break.json","","caster","unmatched","Target/object placement needs manual review; caster placement would be misleading"
"Lucky Month","Compendium.pf2e.spells-srd.Item.MkHshwYy2UOeEHRR","rituals/lucky-month.json","","caster","unmatched","Target/object placement needs manual review; caster placement would be misleading"
"Lucky Number","Compendium.pf2e.spells-srd.Item.rDDYGY2ekZ1yVv7q","spells/rank-2/lucky-number.json","","caster","unmatched","Variable, sustained or open-ended duration requires review"
"Luminous Stardust Healing","Compendium.pf2e.spells-srd.Item.1H3T9UwxW44Y0YaS","focus/luminous-stardust-healing.json","","caster","unmatched","Target/object placement needs manual review; caster placement would be misleading"
"Lure Dream","Compendium.pf2e.spells-srd.Item.fRUxp4G9kG816XAt","spells/rank-6/lure-dream.json","","caster","unmatched","Sustained expiration requires GM review"
"Luring Wail","Compendium.pf2e.spells-srd.Item.Lr737SofpsFtLpEo","spells/rank-4/luring-wail.json","","area","unmatched","Base area likely exceeds the 120-cell visual limit"
"Mad Monkeys","Compendium.pf2e.spells-srd.Item.tFKJCPvOQZxKq6ON","spells/rank-3/mad-monkeys.json","","area","unmatched","Sustained expiration requires GM review"
"Magic Hide","Compendium.pf2e.spells-srd.Item.u2uSeH6YSbK1ajTy","focus/magic-hide.json","","caster","unmatched","Target/object placement needs manual review; caster placement would be misleading"
"Magic Mailbox","Compendium.pf2e.spells-srd.Item.f9duI5d8xNYqxI8d","spells/rank-4/magic-mailbox.json","","caster","unmatched","Variable, sustained or open-ended duration requires review"
"Magic Passage","Compendium.pf2e.spells-srd.Item.115Xp9E38CJENhNS","spells/rank-5/magic-passage.json","","caster","unmatched","Target/object placement needs manual review; caster placement would be misleading"
"Magic Stone","Compendium.pf2e.spells-srd.Item.9u6X9ykhzG11NK1n","spells/rank-1/magic-stone.json","","caster","unmatched","Target/object placement needs manual review; caster placement would be misleading"
"Magic Warrior Aspect","Compendium.pf2e.spells-srd.Item.b6UnLNikoq2Std1f","focus/magic-warrior-aspect.json","","caster","unmatched","Target/object placement needs manual review; caster placement would be misleading"
"Magic Warrior Transformation","Compendium.pf2e.spells-srd.Item.tp4K7mYDL5MRHvJc","focus/magic-warrior-transformation.json","","caster","unmatched","Target/object placement needs manual review; caster placement would be misleading"
"Magic's Vessel","Compendium.pf2e.spells-srd.Item.u4FGIUQgruLjml7J","focus/magics-vessel.json","","caster","unmatched","Sustained expiration requires GM review"
"Magical Fetters","Compendium.pf2e.spells-srd.Item.2ZPqcM9wNoVnpwkK","spells/rank-3/magical-fetters.json","","caster","unmatched","Target/object placement needs manual review; caster placement would be misleading"
"Magnetic Acceleration","Compendium.pf2e.spells-srd.Item.Tx8OqkBFA2QlaldW","spells/rank-3/magnetic-acceleration.json","","damage","unmatched","Mixed damage types: bludgeoning, piercing"
"Magnetic Attraction","Compendium.pf2e.spells-srd.Item.7dKtMehJ6YrXwJLR","spells/rank-2/magnetic-attraction.json","","caster","unmatched","Target/object placement needs manual review; caster placement would be misleading"
"Magnetic Dominion","Compendium.pf2e.spells-srd.Item.AsRd1gNRSkHDq2Jx","spells/rank-9/magnetic-dominion.json","","area","unmatched","Base area likely exceeds the 120-cell visual limit"
"Magnetic Repulsion","Compendium.pf2e.spells-srd.Item.24U1b9K4Lj94cgaj","spells/rank-2/magnetic-repulsion.json","","caster","unmatched","Target/object placement needs manual review; caster placement would be misleading"
"Magnetize","Compendium.pf2e.spells-srd.Item.5SDKyUShSMbv0Vh1","spells/rank-4/magnetize.json","","caster","unmatched","Target/object placement needs manual review; caster placement would be misleading"
"Malediction","Compendium.pf2e.spells-srd.Item.AdZ2rWJStZ5unxzq","spells/rank-1/malediction.json","","area","unmatched","No suitable supported visual theme"
"Malicious Shadow","Compendium.pf2e.spells-srd.Item.vhMCd15ZwNJn0zen","focus/malicious-shadow.json","","damage","unmatched","Sustained expiration requires GM review"
"Malignant Sustenance","Compendium.pf2e.spells-srd.Item.qzsQmpiQodHBBWYI","focus/malignant-sustenance.json","","caster","unmatched","Target/object placement needs manual review; caster placement would be misleading"
"Manifest Will","Compendium.pf2e.spells-srd.Item.IqBfoUaWDennHYoZ","focus/manifest-will.json","","area","unmatched","Sustained expiration requires GM review"
"Manifestation","Compendium.pf2e.spells-srd.Item.AuIiqc7jjiy1GZ75","spells/rank-10/manifestation.json","","caster","unmatched","Target/object placement needs manual review; caster placement would be misleading"
"Manifestation of Spirits","Compendium.pf2e.spells-srd.Item.O1ZLfeOJpHbG9G6B","spells/rank-2/manifestation-of-spirits.json","","caster","unmatched","Variable, sustained or open-ended duration requires review"
"Manifold Lives","Compendium.pf2e.spells-srd.Item.MT8usUfwudDVUm5H","focus/manifold-lives.json","","damage","unmatched","Variable, sustained or open-ended duration requires review"
"Mantis Form","Compendium.pf2e.spells-srd.Item.bKDsmKVosexwJ80i","focus/mantis-form.json","","caster","unmatched","Target/object placement needs manual review; caster placement would be misleading"
"Mantis's Grasp","Compendium.pf2e.spells-srd.Item.Tl1QAqre7H0sQEXt","spells/rank-4/mantiss-grasp.json","","damage","unmatched","No suitable supported visual theme"
"Mantle of Heaven's Slopes","Compendium.pf2e.spells-srd.Item.vF52ktg0wUIAlf57","spells/rank-6/mantle-of-heavens-slopes.json","","caster","unmatched","Target/object placement needs manual review; caster placement would be misleading"
"Mantle of the Frozen Heart","Compendium.pf2e.spells-srd.Item.CcXtbTxtdV9MKQfu","spells/rank-5/mantle-of-the-frozen-heart.json","","caster","unmatched","Target/object placement needs manual review; caster placement would be misleading"
"Mantle of the Magma Heart","Compendium.pf2e.spells-srd.Item.j2kfNBFpLa0JjVr8","spells/rank-5/mantle-of-the-magma-heart.json","","caster","unmatched","Target/object placement needs manual review; caster placement would be misleading"
"Mantle of the Melting Heart","Compendium.pf2e.spells-srd.Item.UcS6Tw9OuOAEDfzg","spells/rank-5/mantle-of-the-melting-heart.json","","caster","unmatched","Target/object placement needs manual review; caster placement would be misleading"
"Mantle of the Unwavering Heart","Compendium.pf2e.spells-srd.Item.3526YUgCvB5ZsKuX","spells/rank-5/mantle-of-the-unwavering-heart.json","","area","unmatched","No suitable supported visual theme"
"Mariner's Curse","Compendium.pf2e.spells-srd.Item.z2mfh3oPnfYqXflY","spells/rank-5/mariners-curse.json","","caster","unmatched","Target/object placement needs manual review; caster placement would be misleading"
"Mark of Blood","Compendium.pf2e.spells-srd.Item.Oy6qBhzayCnqOiEO","spells/rank-2/mark-of-blood.json","","caster","unmatched","Target/object placement needs manual review; caster placement would be misleading"
"Martyr's Intervention","Compendium.pf2e.spells-srd.Item.M9TiCE1vlG1j2faM","spells/rank-3/martyrs-intervention.json","","caster","unmatched","Target/object placement needs manual review; caster placement would be misleading"
"Marvelous Mount","Compendium.pf2e.spells-srd.Item.WPKJOhEihhcIm2uQ","spells/rank-2/marvelous-mount.json","","caster","unmatched","Target/object placement needs manual review; caster placement would be misleading"
"Mask of Terror","Compendium.pf2e.spells-srd.Item.O6VQC1Bs4aSYDa6R","spells/rank-7/mask-of-terror.json","","caster","unmatched","Target/object placement needs manual review; caster placement would be misleading"
"Massacre","Compendium.pf2e.spells-srd.Item.10VcmSYNBrvBphu1","spells/rank-9/massacre.json","","area","unmatched","No suitable supported visual theme"
"Maze of Locked Doors","Compendium.pf2e.spells-srd.Item.qOeBQyC1z7OScHvP","spells/rank-7/maze-of-locked-doors.json","","caster","unmatched","Sustained expiration requires GM review"
"Medusa's Wrath","Compendium.pf2e.spells-srd.Item.wTYxxYJWN348oV15","focus/medusas-wrath.json","","caster","unmatched","Target/object placement needs manual review; caster placement would be misleading"
"Menacing Lament","Compendium.pf2e.spells-srd.Item.6TudR1rDkxWMj1cv","focus/menacing-lament.json","","area","unmatched","No suitable supported visual theme"
"Mending","Compendium.pf2e.spells-srd.Item.dINQzhqGmIsqGMUY","spells/rank-1/mending.json","","caster","unmatched","Target/object placement needs manual review; caster placement would be misleading"
"Mental Map","Compendium.pf2e.spells-srd.Item.PEGECeEtEmXEzwBT","spells/rank-2/mental-map.json","","caster","unmatched","Target/object placement needs manual review; caster placement would be misleading"
"Mercurial Stride","Compendium.pf2e.spells-srd.Item.ma3sndEAZdz0Cy2H","spells/rank-4/mercurial-stride.json","","damage","unmatched","No suitable supported visual theme"
"Message","Compendium.pf2e.spells-srd.Item.vLzFcIaSXs7YTIqJ","spells/cantrip/message.json","","caster","unmatched","Variable, sustained or open-ended duration requires review"
"Message Rune","Compendium.pf2e.spells-srd.Item.Z7N5IxJCwrAdIgSg","spells/rank-1/message-rune.json","Runes","caster","review","Target/object placement needs manual review; caster placement would be misleading"
"Metal Merged","Compendium.pf2e.spells-srd.Item.wsTUiEOkYIrKSFBY","spells/rank-1/metal-merged.json","","caster","unmatched","Target/object placement needs manual review; caster placement would be misleading"
"Metal Reverberation","Compendium.pf2e.spells-srd.Item.GNJ0rAeLwvl2sM8S","spells/rank-2/metal-reverberation.json","","damage","unmatched","Sustained expiration requires GM review"
"Metallic Meteorite Glyph","Compendium.pf2e.spells-srd.Item.moTWtlU84IScjnCh","spells/rank-8/metallic-meteorite-glyph.json","","damage","unmatched","No suitable supported visual theme"
"Metamorphosis","Compendium.pf2e.spells-srd.Item.pswdik31kuHEvdno","spells/rank-9/metamorphosis.json","","caster","unmatched","Target/object placement needs manual review; caster placement would be misleading"
"Migration","Compendium.pf2e.spells-srd.Item.U0hL0LLaprcnAyzC","spells/rank-8/migration.json","","caster","unmatched","Target/object placement needs manual review; caster placement would be misleading"
"Mimic Spell","Compendium.pf2e.spells-srd.Item.2a8wiTxvBhcMbMU5","spells/rank-8/mimic-spell.json","","caster","unmatched","Target/object placement needs manual review; caster placement would be misleading"
"Mimic Undead","Compendium.pf2e.spells-srd.Item.xlRv8vCTHh1NeMpw","spells/rank-2/mimic-undead.json","","caster","unmatched","Target/object placement needs manual review; caster placement would be misleading"
"Mind Games","Compendium.pf2e.spells-srd.Item.29JyWqqZ0thCFr1C","spells/rank-2/mind-games.json","","caster","unmatched","Sustained expiration requires GM review"
"Mind of Menace","Compendium.pf2e.spells-srd.Item.fPlFRu4dp09qJs3K","spells/rank-3/mind-of-menace.json","","caster","unmatched","Target/object placement needs manual review; caster placement would be misleading"
"Mind Probe","Compendium.pf2e.spells-srd.Item.9BnhadUO8FMLmeZ3","spells/rank-5/mind-probe.json","","caster","unmatched","Sustained expiration requires GM review"
"Mind Reading","Compendium.pf2e.spells-srd.Item.KHnhPHL4x1AQHfbC","spells/rank-3/mind-reading.json","","caster","unmatched","Sustained expiration requires GM review"
"Mind Swap","Compendium.pf2e.spells-srd.Item.RWwiFnjxoJXn7H6D","rituals/mind-swap.json","","caster","unmatched","Variable, sustained or open-ended duration requires review"
"Mindlink","Compendium.pf2e.spells-srd.Item.D442XMADp01qJ7Cs","spells/rank-1/mindlink.json","","caster","unmatched","Target/object placement needs manual review; caster placement would be misleading"
"Mindscape Door","Compendium.pf2e.spells-srd.Item.8MAHUK6jphbME4BR","rituals/mindscape-door.json","","caster","unmatched","Target/object placement needs manual review; caster placement would be misleading"
"Mindscape Shift","Compendium.pf2e.spells-srd.Item.VJgSQBYwXGDbMmiW","rituals/mindscape-shift.json","","caster","unmatched","Target/object placement needs manual review; caster placement would be misleading"
"Miracle","Compendium.pf2e.spells-srd.Item.YfJTXyVGzLhM6V8U","spells/rank-10/miracle.json","","caster","unmatched","Target/object placement needs manual review; caster placement would be misleading"
"Mirage","Compendium.pf2e.spells-srd.Item.HBJPsonQnWcC3qdX","spells/rank-4/mirage.json","","area","unmatched","Base area likely exceeds the 120-cell visual limit"
"Mirecloak","Compendium.pf2e.spells-srd.Item.NIop4eI2i7cKFGad","spells/rank-5/mirecloak.json","","damage","unmatched","No suitable supported visual theme"
"Mirror Image","Compendium.pf2e.spells-srd.Item.j8vIoIEWElvpwkcI","spells/rank-2/mirror-image.json","","caster","unmatched","Target/object placement needs manual review; caster placement would be misleading"
"Mirror Malefactors","Compendium.pf2e.spells-srd.Item.CmZCq4htcZ6W0TKk","spells/rank-5/mirror-malefactors.json","","damage","unmatched","Sustained expiration requires GM review"
"Mirror's Misfortune","Compendium.pf2e.spells-srd.Item.A7w3YQBrFNH8KYsB","spells/rank-4/mirrors-misfortune.json","","caster","unmatched","Target/object placement needs manual review; caster placement would be misleading"
"Mislead","Compendium.pf2e.spells-srd.Item.WPXzPl7YbMEIGWfi","spells/rank-6/mislead.json","","caster","unmatched","Sustained expiration requires GM review"
"Missed Cue","Compendium.pf2e.spells-srd.Item.oCdcZ8EqoC1K0Drq","spells/rank-6/missed-cue.json","","damage","unmatched","No suitable supported visual theme"
"Mist","Compendium.pf2e.spells-srd.Item.9XHmC2JgTUIQ1CCm","spells/rank-2/mist.json","Smoke","area","enabled","Curated mist visual theme"
"Mist Sight","Compendium.pf2e.spells-srd.Item.IY4cZndAnNcyFslv","spells/rank-2/mist-sight.json","","area","unmatched","No suitable supported visual theme"
"Misty Memory","Compendium.pf2e.spells-srd.Item.zu40ATlcCjtfWBnj","spells/rank-4/misty-memory.json","","area","unmatched","Sustained expiration requires GM review"
"Moment of Renewal","Compendium.pf2e.spells-srd.Item.4MOew29Z1oCX8O28","spells/rank-8/moment-of-renewal.json","","caster","unmatched","Target/object placement needs manual review; caster placement would be misleading"
"Momentary Recovery","Compendium.pf2e.spells-srd.Item.ggtZTxeyEnDYbt6f","spells/rank-7/momentary-recovery.json","","caster","unmatched","Target/object placement needs manual review; caster placement would be misleading"
"Monstrosity Form","Compendium.pf2e.spells-srd.Item.8AMvNVOUEtxBCDvJ","spells/rank-8/monstrosity-form.json","","caster","unmatched","Target/object placement needs manual review; caster placement would be misleading"
"Moon Frenzy","Compendium.pf2e.spells-srd.Item.YtesyvfAIwXOqISq","spells/rank-5/moon-frenzy.json","","caster","unmatched","Target/object placement needs manual review; caster placement would be misleading"
"Moonbeam","Compendium.pf2e.spells-srd.Item.SuBtUJiU6DbSJYIw","focus/moonbeam.json","Fire","damage","enabled","Single fire damage type"
"Moonburst","Compendium.pf2e.spells-srd.Item.Shiuhdb2nO6Qgk3k","spells/rank-7/moonburst.json","Frost","area","review","Base area likely exceeds the 120-cell visual limit"
"Moonlight Bridge","Compendium.pf2e.spells-srd.Item.In2A7GCyxxaqZdPI","focus/moonlight-bridge.json","Magic Platform","caster","review","Target/object placement needs manual review; caster placement would be misleading"
"Moonlight Ray","Compendium.pf2e.spells-srd.Item.mtlyAyf30JnIvxVn","spells/rank-3/moonlight-ray.json","Frost","damage","enabled","Single cold damage type"
"Morass of Ages","Compendium.pf2e.spells-srd.Item.D6BcAoWFxHYTKwVZ","spells/rank-4/morass-of-ages.json","","area","unmatched","Sustained expiration requires GM review"
"Mosquito Blight","Compendium.pf2e.spells-srd.Item.dNpIc5k1aCI3bHIg","rituals/mosquito-blight.json","","caster","unmatched","Target/object placement needs manual review; caster placement would be misleading"
"Moth's Supper","Compendium.pf2e.spells-srd.Item.xabHqik5SoyDc5Db","spells/rank-3/moths-supper.json","","caster","unmatched","Target/object placement needs manual review; caster placement would be misleading"
"Mother's Blessing","Compendium.pf2e.spells-srd.Item.qVXraYXlTjissCaG","rituals/mothers-blessing.json","","caster","unmatched","Target/object placement needs manual review; caster placement would be misleading"
"Mountain Resilience","Compendium.pf2e.spells-srd.Item.2BV2yYPfVJ5zirZt","spells/rank-4/mountain-resilience.json","","caster","unmatched","Target/object placement needs manual review; caster placement would be misleading"
"Movanic Glimmer","Compendium.pf2e.spells-srd.Item.e9tVGZhYW37CtbHA","spells/rank-4/movanic-glimmer.json","","caster","unmatched","Variable, sustained or open-ended duration requires review"
"Mud Pit","Compendium.pf2e.spells-srd.Item.yAiSNmz39qXOIlco","spells/rank-1/mud-pit.json","","area","unmatched","No suitable supported visual theme"
"Murder of Crows","Compendium.pf2e.spells-srd.Item.KT0AR9yfSV3Cq8A4","spells/rank-2/murder-of-crows.json","","damage","unmatched","No suitable supported visual theme"
"Murderous Vine","Compendium.pf2e.spells-srd.Item.kCgkreCT6g0dipMd","spells/rank-4/murderous-vine.json","","damage","unmatched","Mixed damage types: bludgeoning, piercing"
"Murmuration","Compendium.pf2e.spells-srd.Item.4EmLum6EdvXxbxCj","focus/murmuration.json","","caster","unmatched","Sustained expiration requires GM review"
"Muscle Barrier","Compendium.pf2e.spells-srd.Item.lbQCmM0e89Y4ou7F","focus/necromancer/muscle-barrier.json","","caster","unmatched","Target/object placement needs manual review; caster placement would be misleading"
"Mushroom Patch","Compendium.pf2e.spells-srd.Item.xCfOskoogDf9LBlD","focus/mushroom-patch.json","","area","unmatched","No suitable supported visual theme"
"Musical Accompaniment","Compendium.pf2e.spells-srd.Item.mnhuvqTIELcpJOFX","spells/cantrip/musical-accompaniment.json","","caster","unmatched","Target/object placement needs manual review; caster placement would be misleading"
"Musical Shift","Compendium.pf2e.spells-srd.Item.3ZxaIw1FOOocJboH","spells/rank-8/musical-shift.json","","area","unmatched","Sustained expiration requires GM review"
"Mutilate","Compendium.pf2e.spells-srd.Item.BWvGBx51RevizICD","spells/rank-4/mutilate.json","","damage","unmatched","No suitable supported visual theme"
"Mycological Malady","Compendium.pf2e.spells-srd.Item.V4jrHiaMh4XuANOP","focus/mycological-malady.json","","caster","unmatched","Sustained expiration requires GM review"
"Mystic Armor","Compendium.pf2e.spells-srd.Item.aAbfKn8maGjJjk2W","spells/rank-1/mystic-armor.json","","caster","unmatched","Variable, sustained or open-ended duration requires review"
"Mystic Beacon","Compendium.pf2e.spells-srd.Item.2SYq0ZTsOtJEigFx","focus/mystic-beacon.json","","caster","unmatched","Variable, sustained or open-ended duration requires review"
"Mystic Carriage","Compendium.pf2e.spells-srd.Item.jOWQ5wPd4xvSkjI5","rituals/mystic-carriage.json","","caster","unmatched","Variable, sustained or open-ended duration requires review"
"Nature Incarnate","Compendium.pf2e.spells-srd.Item.ZXwxs5tRjEGrjAJT","spells/rank-10/nature-incarnate.json","","caster","unmatched","Target/object placement needs manual review; caster placement would be misleading"
"Nature's Bounty","Compendium.pf2e.spells-srd.Item.vSSKyUdrHu86E5Gk","focus/natures-bounty.json","","caster","unmatched","Target/object placement needs manual review; caster placement would be misleading"
"Nature's Enmity","Compendium.pf2e.spells-srd.Item.Tc5NLaMu71vrGTJQ","spells/rank-9/natures-enmity.json","","area","unmatched","Base area likely exceeds the 120-cell visual limit"
"Nature's Pathway","Compendium.pf2e.spells-srd.Item.F1qxaqsEItmBura2","spells/rank-5/natures-pathway.json","","caster","unmatched","Target/object placement needs manual review; caster placement would be misleading"
"Nature's Reprisal","Compendium.pf2e.spells-srd.Item.YtBZq49N4Um1cwm7","spells/rank-6/natures-reprisal.json","","area","unmatched","Base area likely exceeds the 120-cell visual limit"
"Necromancer's Generosity","Compendium.pf2e.spells-srd.Item.JUJYVbtNNFdvyrBS","spells/rank-1/necromancers-generosity.json","","caster","unmatched","Target/object placement needs manual review; caster placement would be misleading"
"Necrotic Bomb","Compendium.pf2e.spells-srd.Item.cg1l2AxBenLU6JFE","focus/necromancer/necrotic-bomb.json","","area","unmatched","No suitable supported visual theme"
"Necrotic Radiation","Compendium.pf2e.spells-srd.Item.29p7NMY2OTpaINzt","spells/rank-4/necrotic-radiation.json","","damage","unmatched","No suitable supported visual theme"
"Necrotize","Compendium.pf2e.spells-srd.Item.6lO6uMQxbqmYho0e","spells/rank-6/necrotize.json","","damage","unmatched","Variable, sustained or open-ended duration requires review"
"Needle Darts","Compendium.pf2e.spells-srd.Item.iYRDFxeVpJ5KIjmr","spells/cantrip/needle-darts.json","","damage","unmatched","No suitable supported visual theme"
"Needle of Vengeance","Compendium.pf2e.spells-srd.Item.aEitTTb9PnOyidRf","focus/needle-of-vengeance.json","","damage","unmatched","Sustained expiration requires GM review"
"Negate Aroma","Compendium.pf2e.spells-srd.Item.0fKHBh5goe2eiFYL","spells/rank-1/negate-aroma.json","","caster","unmatched","Target/object placement needs manual review; caster placement would be misleading"
"Nettleskin","Compendium.pf2e.spells-srd.Item.BA143r8fCqmSjdRf","spells/rank-1/nettleskin.json","","damage","unmatched","No suitable supported visual theme"
"Never Mind","Compendium.pf2e.spells-srd.Item.5BbU1V6wGSGbrmRD","spells/rank-6/never-mind.json","","caster","unmatched","Variable, sustained or open-ended duration requires review"
"Nightmare","Compendium.pf2e.spells-srd.Item.Uqj344bezBq3ESdq","spells/rank-4/nightmare.json","","caster","unmatched","Target/object placement needs manual review; caster placement would be misleading"
"Noise Blast","Compendium.pf2e.spells-srd.Item.wzLkNU3AAqOSKFPR","spells/rank-2/noise-blast.json","","area","unmatched","No suitable supported visual theme"
"Nothing Up My Sleeve","Compendium.pf2e.spells-srd.Item.0aoRcxRyIPHfbifk","spells/rank-3/nothing-up-my-sleeve.json","","caster","unmatched","Target/object placement needs manual review; caster placement would be misleading"
"Noxious Metals","Compendium.pf2e.spells-srd.Item.3A3ueS9Q0s3U8KXE","spells/rank-3/noxious-metals.json","","area","unmatched","No suitable supported visual theme"
"Noxious Vapors","Compendium.pf2e.spells-srd.Item.1meVElIu1CEVYWkv","spells/rank-1/noxious-vapors.json","","area","unmatched","No suitable supported visual theme"
"Nudge Fate","Compendium.pf2e.spells-srd.Item.G0T1xv1FoZ23Jxvt","focus/nudge-fate.json","","caster","unmatched","Target/object placement needs manual review; caster placement would be misleading"
"Nudge the Odds","Compendium.pf2e.spells-srd.Item.QjdvYC1QkpMaemoX","spells/rank-1/nudge-the-odds.json","","caster","unmatched","Target/object placement needs manual review; caster placement would be misleading"
"Nullify","Compendium.pf2e.spells-srd.Item.KRcccPeNZOZ5Nweh","spells/rank-10/nullify.json","","caster","unmatched","Target/object placement needs manual review; caster placement would be misleading"
"Nymph's Grace","Compendium.pf2e.spells-srd.Item.SAmyaiVKTDrUNjot","focus/nymphs-grace.json","","area","unmatched","Sustained expiration requires GM review"
"Nymph's Token","Compendium.pf2e.spells-srd.Item.pHrVvoTKygXeczVG","focus/nymphs-token.json","","caster","unmatched","Target/object placement needs manual review; caster placement would be misleading"
"Oaken Resilience","Compendium.pf2e.spells-srd.Item.YWrfKetOqDwVFut7","spells/rank-2/oaken-resilience.json","","caster","unmatched","Target/object placement needs manual review; caster placement would be misleading"
"Oathkeeper's Insignia","Compendium.pf2e.spells-srd.Item.cokeXkDHUAo4zHsw","focus/oathkeepers-insignia.json","","caster","unmatched","Target/object placement needs manual review; caster placement would be misleading"
"Object Memory","Compendium.pf2e.spells-srd.Item.RztmhJrLLQWoGVdB","focus/object-memory.json","","caster","unmatched","Target/object placement needs manual review; caster placement would be misleading"
"Object Reading","Compendium.pf2e.spells-srd.Item.5LYi9Efs6cko4GGL","spells/rank-1/object-reading.json","","caster","unmatched","Target/object placement needs manual review; caster placement would be misleading"
"Oblivious Expulsion","Compendium.pf2e.spells-srd.Item.QIjc7Zyej0P3b9v5","rituals/oblivious-expulsion.json","","caster","unmatched","Variable, sustained or open-ended duration requires review"
"Ocean's Roar","Compendium.pf2e.spells-srd.Item.6WZgtQ2Iw9CTbv2c","rituals/oceans-roar.json","","caster","unmatched","Variable, sustained or open-ended duration requires review"
"Ocular Overload","Compendium.pf2e.spells-srd.Item.HvBpSeUDg0KcK2Hg","spells/rank-4/ocular-overload.json","","caster","unmatched","Target/object placement needs manual review; caster placement would be misleading"
"Ode to Ouroboros","Compendium.pf2e.spells-srd.Item.DgCS456mXKw97vNy","focus/ode-to-ouroboros.json","","caster","unmatched","Target/object placement needs manual review; caster placement would be misleading"
"Oil-Slicked Walls","Compendium.pf2e.spells-srd.Item.bOf5WuLh6ZJloi7F","rituals/oil-slicked-walls.json","","area","unmatched","Base area likely exceeds the 120-cell visual limit"
"Omnidirectional Scan","Compendium.pf2e.spells-srd.Item.l4bHFR9UW2XiY3kH","focus/omnidirectional-scan.json","","area","unmatched","Variable, sustained or open-ended duration requires review"
"One with Plants","Compendium.pf2e.spells-srd.Item.dileJ0Yxqg76LMvu","spells/rank-2/one-with-plants.json","","caster","unmatched","Variable, sustained or open-ended duration requires review"
"One with Stone","Compendium.pf2e.spells-srd.Item.vh1RpbWfqdNC4L3P","spells/rank-3/one-with-stone.json","","caster","unmatched","Variable, sustained or open-ended duration requires review"
"One with the Land","Compendium.pf2e.spells-srd.Item.TbYqDhlNRiWHe146","spells/rank-9/one-with-the-land.json","","caster","unmatched","Target/object placement needs manual review; caster placement would be misleading"
"Oneiric Mire","Compendium.pf2e.spells-srd.Item.87zLUuTMmZ9zc7gH","spells/rank-3/oneiric-mire.json","","area","unmatched","No suitable supported visual theme"
"Ooze Form","Compendium.pf2e.spells-srd.Item.0gdZrT9lwO17EIxc","spells/rank-3/ooze-form.json","","caster","unmatched","Target/object placement needs manual review; caster placement would be misleading"
"Open the Wall of Ghosts","Compendium.pf2e.spells-srd.Item.PvkEzzCaDT07DcJb","rituals/open-the-wall-of-ghosts.json","","caster","unmatched","Variable, sustained or open-ended duration requires review"
"Orb of Twisting Fate","Compendium.pf2e.spells-srd.Item.qO4xOJ0kAvhVGDpX","spells/rank-7/orb-of-twisting-fate.json","","caster","unmatched","Target/object placement needs manual review; caster placement would be misleading"
"Ordained Purpose","Compendium.pf2e.spells-srd.Item.CPNlhDQP3aDmLzB3","focus/ordained-purpose.json","","area","unmatched","No suitable supported visual theme"
"Organsight","Compendium.pf2e.spells-srd.Item.bH9cH9aDByY91l1d","spells/rank-3/organsight.json","","caster","unmatched","Target/object placement needs manual review; caster placement would be misleading"
"Osseous Cage","Compendium.pf2e.spells-srd.Item.Cbwhd4m7qrRoRjot","spells/rank-2/osseous-cage.json","","area","unmatched","Sustained expiration requires GM review"
"Outcast's Curse","Compendium.pf2e.spells-srd.Item.KSAEhNfZyXMO7Z7V","spells/rank-4/outcasts-curse.json","","caster","unmatched","Target/object placement needs manual review; caster placement would be misleading"
"Over the Coals","Compendium.pf2e.spells-srd.Item.PcmFpaHPCReNp1BD","focus/over-the-coals.json","","caster","unmatched","Variable, sustained or open-ended duration requires review"
"Overflowing Sorrow","Compendium.pf2e.spells-srd.Item.eCniO6INHNfc9Svr","focus/overflowing-sorrow.json","","area","unmatched","Sustained expiration requires GM review"
"Overload Connection","Compendium.pf2e.spells-srd.Item.08Or2bBJuQTV2MAN","spells/rank-3/overload-connection.json","","damage","unmatched","Sustained expiration requires GM review"
"Overselling Flourish","Compendium.pf2e.spells-srd.Item.ro0omoBKiJiMuDRa","spells/rank-1/overselling-flourish.json","","caster","unmatched","Target/object placement needs manual review; caster placement would be misleading"
"Overstuff","Compendium.pf2e.spells-srd.Item.mFHQ2u4LWiejqKQG","focus/overstuff.json","","caster","unmatched","Target/object placement needs manual review; caster placement would be misleading"
"Overwhelming Memory","Compendium.pf2e.spells-srd.Item.LJHrndGJRmLdxgXD","spells/rank-3/overwhelming-memory.json","","caster","unmatched","Sustained expiration requires GM review"
"Overwhelming Presence","Compendium.pf2e.spells-srd.Item.fkDeKktdmbeplYRY","spells/rank-9/overwhelming-presence.json","","area","unmatched","Base area likely exceeds the 120-cell visual limit"
"Owb Pact","Compendium.pf2e.spells-srd.Item.u3G7KX1qpFJlSeWm","rituals/owb-pact.json","","caster","unmatched","Target/object placement needs manual review; caster placement would be misleading"
"Pack Attack","Compendium.pf2e.spells-srd.Item.eW7DqGEvU50CDHqc","spells/rank-2/pack-attack.json","","caster","unmatched","Sustained expiration requires GM review"
"Pack Breaker","Compendium.pf2e.spells-srd.Item.cGGEi67G1RStR9cD","focus/pack-breaker.json","","caster","unmatched","Target/object placement needs manual review; caster placement would be misleading"
"Pact Broker","Compendium.pf2e.spells-srd.Item.YNAthsgsJjQIXbc8","focus/pact-broker.json","","damage","unmatched","Sustained expiration requires GM review"
"Pain of Ages","Compendium.pf2e.spells-srd.Item.HreHc5elibW9hVK8","spells/rank-6/pain-of-ages.json","","area","unmatched","No suitable supported visual theme"
"Painful Vibrations","Compendium.pf2e.spells-srd.Item.qTzvVnAMWL05VitC","spells/rank-4/painful-vibrations.json","","damage","unmatched","No suitable supported visual theme"
"Painted Scout","Compendium.pf2e.spells-srd.Item.oLylenH2jlP5UbRT","spells/rank-3/painted-scout.json","","caster","unmatched","Sustained expiration requires GM review"
"Palm-Held Sun","Compendium.pf2e.spells-srd.Item.D7yI9WPr9ahkaXNf","spells/rank-2/palm-held-sun.json","","caster","unmatched","Sustained expiration requires GM review"
"Paralyze","Compendium.pf2e.spells-srd.Item.DCQHaLrYXMI37dvW","spells/rank-3/paralyze.json","","caster","unmatched","Variable, sustained or open-ended duration requires review"
"Paranoia","Compendium.pf2e.spells-srd.Item.Mkbq9xlAUxHUHyR2","spells/rank-2/paranoia.json","","caster","unmatched","Target/object placement needs manual review; caster placement would be misleading"
"Parch","Compendium.pf2e.spells-srd.Item.7CUgqHunmHfW2lC5","focus/parch.json","","caster","unmatched","Target/object placement needs manual review; caster placement would be misleading"
"Part the Mists to Paradise","Compendium.pf2e.spells-srd.Item.9sofMbyYL80shsHH","spells/rank-8/part-the-mists-to-paradise.json","","caster","unmatched","Target/object placement needs manual review; caster placement would be misleading"
"Path of Least Resistance","Compendium.pf2e.spells-srd.Item.s3LISC5Z55urpBgU","focus/path-of-least-resistance.json","","caster","unmatched","Target/object placement needs manual review; caster placement would be misleading"
"Patron's Protector","Compendium.pf2e.spells-srd.Item.x1YwD1E9LW8upBj6","spells/rank-6/patrons-protector.json","","damage","unmatched","Sustained expiration requires GM review"
"Patron's Puppet","Compendium.pf2e.spells-srd.Item.aq1yonHeYpbaj3XI","focus/patrons-puppet.json","","caster","unmatched","Target/object placement needs manual review; caster placement would be misleading"
"Pave Ground","Compendium.pf2e.spells-srd.Item.mS3p6BR3LcG1WmHs","spells/rank-2/pave-ground.json","","area","unmatched","Sustained expiration requires GM review"
"Peaceful Bubble","Compendium.pf2e.spells-srd.Item.onjZCEHs3JJJRTD0","spells/rank-4/peaceful-bubble.json","","area","unmatched","Base area likely exceeds the 120-cell visual limit"
"Peaceful Rest","Compendium.pf2e.spells-srd.Item.xRgU9rrhmGAgG4Rc","spells/rank-2/peaceful-rest.json","","caster","unmatched","Variable, sustained or open-ended duration requires review"
"Peer Into the Past","Compendium.pf2e.spells-srd.Item.7ymYZ89WNBqGxWuh","rituals/peer-into-the-past.json","","caster","unmatched","Variable, sustained or open-ended duration requires review"
"Penumbral Disguise","Compendium.pf2e.spells-srd.Item.QZ7OHptO1xnwaruq","spells/rank-2/penumbral-disguise.json","","caster","unmatched","Target/object placement needs manual review; caster placement would be misleading"
"Penumbral Shroud","Compendium.pf2e.spells-srd.Item.zdb8cjOIDVKYMWdr","spells/rank-1/penumbral-shroud.json","","caster","unmatched","Target/object placement needs manual review; caster placement would be misleading"
"Perceive the Threads of Fate","Compendium.pf2e.spells-srd.Item.QlivnxstGjlzaluf","spells/rank-3/perceive-the-threads-of-fate.json","","caster","unmatched","Target/object placement needs manual review; caster placement would be misleading"
"Percussive Impact","Compendium.pf2e.spells-srd.Item.iG1USiSRXMjCDGAr","spells/rank-3/percussive-impact.json","","damage","unmatched","Mixed damage types: bludgeoning, sonic"
"Perfect Strike","Compendium.pf2e.spells-srd.Item.GQopUYTuhmtb7WMG","focus/perfect-strike.json","","caster","unmatched","Target/object placement needs manual review; caster placement would be misleading"
"Perfected Body","Compendium.pf2e.spells-srd.Item.8ifpNZkaxrbs3dBJ","focus/perfected-body.json","","caster","unmatched","Target/object placement needs manual review; caster placement would be misleading"
"Perfected Mind","Compendium.pf2e.spells-srd.Item.cDFAQN7Z3es07WSA","focus/perfected-mind.json","","caster","unmatched","Target/object placement needs manual review; caster placement would be misleading"
"Perfected Thrall","Compendium.pf2e.spells-srd.Item.34d5j4TJFMwz4b8f","focus/necromancer/perfected-thrall.json","","caster","unmatched","Target/object placement needs manual review; caster placement would be misleading"
"Perfection of Essence","Compendium.pf2e.spells-srd.Item.kExRMPVI07iIFCaa","rituals/perfection-of-essence.json","","caster","unmatched","Target/object placement needs manual review; caster placement would be misleading"
"Pernicious Poltergeist","Compendium.pf2e.spells-srd.Item.PtX16vbWzDehj8qc","spells/rank-4/pernicious-poltergeist.json","","area","unmatched","Sustained expiration requires GM review"
"Perseis's Precautions","Compendium.pf2e.spells-srd.Item.ovx7O2FHvkjXhMcA","spells/rank-3/perseiss-precautions.json","","caster","unmatched","Target/object placement needs manual review; caster placement would be misleading"
"Persistent Servant","Compendium.pf2e.spells-srd.Item.qCmihBL0G0G5ExPF","spells/rank-2/persistent-servant.json","","area","unmatched","Base area likely exceeds the 120-cell visual limit"
"Personal Blizzard","Compendium.pf2e.spells-srd.Item.g4MAIQodRDVfNp1B","focus/personal-blizzard.json","Frost","damage","review","Sustained expiration requires GM review"
"Personal Ocean","Compendium.pf2e.spells-srd.Item.K2bTUhucPyhXlzjw","spells/rank-6/personal-ocean.json","","caster","unmatched","Target/object placement needs manual review; caster placement would be misleading"
"Personal Rain Cloud","Compendium.pf2e.spells-srd.Item.kJKSLfCgqxmN2FY8","spells/rank-1/personal-rain-cloud.json","","caster","unmatched","Target/object placement needs manual review; caster placement would be misleading"
"Personal Runewell","Compendium.pf2e.spells-srd.Item.N91EI7H1p7YXKX0o","focus/personal-runewell.json","","area","unmatched","No suitable supported visual theme"
"Pest Form","Compendium.pf2e.spells-srd.Item.gfPjmG6Fe6D3MFjl","spells/rank-1/pest-form.json","","caster","unmatched","Target/object placement needs manual review; caster placement would be misleading"
"Pest Swarm","Compendium.pf2e.spells-srd.Item.fRqHDOWmgcUTeT03","spells/rank-4/pest-swarm.json","","area","unmatched","Variable, sustained or open-ended duration requires review"
"Pet Cache","Compendium.pf2e.spells-srd.Item.F1nlmqOIucch3Cmt","spells/rank-1/pet-cache.json","","caster","unmatched","Target/object placement needs manual review; caster placement would be misleading"
"Petal Storm","Compendium.pf2e.spells-srd.Item.D31YX7zvRBvenTAz","spells/rank-4/petal-storm.json","","area","unmatched","No suitable supported visual theme"
"Petrify","Compendium.pf2e.spells-srd.Item.znv4ECL7ZtuiagtA","spells/rank-6/petrify.json","","caster","unmatched","Variable, sustained or open-ended duration requires review"
"Phantasmagoria","Compendium.pf2e.spells-srd.Item.MJx7DmjsWYzDZ3a4","spells/rank-9/phantasmagoria.json","","damage","unmatched","No suitable supported visual theme"
"Phantasmal Calamity","Compendium.pf2e.spells-srd.Item.0XP2XOxT9VSiXFDr","spells/rank-6/phantasmal-calamity.json","","area","unmatched","No suitable supported visual theme"
"Phantasmal Custodians","Compendium.pf2e.spells-srd.Item.uuoPmbjEtqzWZs0v","rituals/phantasmal-custodians.json","","caster","unmatched","Variable, sustained or open-ended duration requires review"
"Phantasmal Killer","Compendium.pf2e.spells-srd.Item.tlcrVRqW1MSKJ5IC","spells/rank-4/phantasmal-killer.json","","caster","unmatched","Target/object placement needs manual review; caster placement would be misleading"
"Phantasmal Minion","Compendium.pf2e.spells-srd.Item.xqmHD8JIjak15lRk","spells/rank-1/phantasmal-minion.json","","caster","unmatched","Sustained expiration requires GM review"
"Phantasmal Protagonist","Compendium.pf2e.spells-srd.Item.IKb9EOfsrhScO3GO","spells/rank-4/phantasmal-protagonist.json","","caster","unmatched","Sustained expiration requires GM review"
"Phantasmal Treasure","Compendium.pf2e.spells-srd.Item.L0GoJpHxSD0wRY5k","spells/rank-2/phantasmal-treasure.json","","caster","unmatched","Variable, sustained or open-ended duration requires review"
"Phantom Crowd","Compendium.pf2e.spells-srd.Item.WfINystwLv9ohYpS","spells/rank-2/phantom-crowd.json","","area","unmatched","Sustained expiration requires GM review"
"Phantom Orchestra","Compendium.pf2e.spells-srd.Item.7idCEYHnPpVNL9vX","spells/rank-6/phantom-orchestra.json","","area","unmatched","Sustained expiration requires GM review"
"Phantom Pain","Compendium.pf2e.spells-srd.Item.R8bqnYiThB6MYTxD","spells/rank-1/phantom-pain.json","","damage","unmatched","No suitable supported visual theme"
"Phantom Prison","Compendium.pf2e.spells-srd.Item.Pwq6T7xpfAJXV5aj","spells/rank-3/phantom-prison.json","","caster","unmatched","Target/object placement needs manual review; caster placement would be misleading"
"Phantom Ship","Compendium.pf2e.spells-srd.Item.oOFilBgsXTVIbJpN","rituals/phantom-ship.json","","caster","unmatched","Target/object placement needs manual review; caster placement would be misleading"
"Phase Bolt","Compendium.pf2e.spells-srd.Item.5gophZ4AOKW4VW27","spells/cantrip/phase-bolt.json","","damage","unmatched","No suitable supported visual theme"
"Phase Familiar","Compendium.pf2e.spells-srd.Item.rMOI8JFJ0nT2mrCF","focus/phase-familiar.json","","caster","unmatched","Target/object placement needs manual review; caster placement would be misleading"
"Phoenix Ward","Compendium.pf2e.spells-srd.Item.lJdAvY1sJyEmNDc6","spells/rank-4/phoenix-ward.json","","caster","unmatched","Target/object placement needs manual review; caster placement would be misleading"
"Physical Boost","Compendium.pf2e.spells-srd.Item.1lmzILdCFENln8Cy","focus/physical-boost.json","","caster","unmatched","Variable, sustained or open-ended duration requires review"
"Pied Piping","Compendium.pf2e.spells-srd.Item.Um0aaJotqMKGmAlR","focus/pied-piping.json","","caster","unmatched","Target/object placement needs manual review; caster placement would be misleading"
"Pierce the Sky","Compendium.pf2e.spells-srd.Item.TAbIOB0jhyKptemK","spells/rank-9/pierce-the-sky.json","Lightning Field","damage","review","Mixed damage types: electricity, sonic"
"Pillar of Water","Compendium.pf2e.spells-srd.Item.eIPIZp2FUbFcLNdj","spells/rank-3/pillar-of-water.json","","caster","unmatched","Target/object placement needs manual review; caster placement would be misleading"
"Pillars of Sand","Compendium.pf2e.spells-srd.Item.qr0HOiiuqj5LKlDt","spells/rank-5/pillars-of-sand.json","Pillar","caster","review","Sustained expiration requires GM review"
"Pinpoint","Compendium.pf2e.spells-srd.Item.CeSh8QcVnqP5OlLj","spells/rank-8/pinpoint.json","","caster","unmatched","Target/object placement needs manual review; caster placement would be misleading"
"Plague Shot","Compendium.pf2e.spells-srd.Item.NjN6md0KpdelWpu7","rituals/plague-shot.json","","caster","unmatched","Target/object placement needs manual review; caster placement would be misleading"
"Planar Collision","Compendium.pf2e.spells-srd.Item.A125k5hYixepbzNb","spells/rank-10/planar-collision.json","","area","unmatched","Base area likely exceeds the 120-cell visual limit"
"Planar Displacement","Compendium.pf2e.spells-srd.Item.HmKajQS0DP23bipp","rituals/planar-displacement.json","","area","unmatched","Ritual: no standard spell-cast workflow"
"Planar Palace","Compendium.pf2e.spells-srd.Item.vPWMEyVTreMOoFnm","spells/rank-7/planar-palace.json","","caster","unmatched","Variable, sustained or open-ended duration requires review"
"Planar Seal","Compendium.pf2e.spells-srd.Item.XZE4BawIlTf88Yl9","spells/rank-7/planar-seal.json","","area","unmatched","Base area likely exceeds the 120-cell visual limit"
"Planar Servitor","Compendium.pf2e.spells-srd.Item.vgy00hnqxN9VoeoF","rituals/planar-servitor.json","","caster","unmatched","Variable, sustained or open-ended duration requires review"
"Planar Tether","Compendium.pf2e.spells-srd.Item.ksLCg62cLOojw3gN","spells/rank-4/planar-tether.json","","caster","unmatched","Variable, sustained or open-ended duration requires review"
"Plant Form","Compendium.pf2e.spells-srd.Item.zCcfPS4y5SrZzU2x","spells/rank-5/plant-form.json","","caster","unmatched","Target/object placement needs manual review; caster placement would be misleading"
"Plant Growth","Compendium.pf2e.spells-srd.Item.ZhJ8d9Uk4lwIx86b","rituals/plant-growth.json","","caster","unmatched","Variable, sustained or open-ended duration requires review"
"Plasma Whirl","Compendium.pf2e.spells-srd.Item.ku2MHKUoFlKQ0Bv7","spells/rank-5/plasma-whirl.json","","area","unmatched","No suitable supported visual theme"
"Pocket Library","Compendium.pf2e.spells-srd.Item.TjWHgXqPv5jywMti","spells/rank-1/pocket-library.json","","caster","unmatched","Target/object placement needs manual review; caster placement would be misleading"
"Polar Ray","Compendium.pf2e.spells-srd.Item.BKIet436snMNcnez","spells/rank-8/polar-ray.json","Frost","damage","enabled","Single cold damage type"
"Pollen Pods","Compendium.pf2e.spells-srd.Item.2uEuYmlyx1R7zQeH","spells/rank-7/pollen-pods.json","","area","unmatched","No suitable supported visual theme"
"Poltergeist's Fury","Compendium.pf2e.spells-srd.Item.uhEjKSFdEhXzszh6","spells/rank-6/poltergeists-fury.json","","area","unmatched","Sustained expiration requires GM review"
"Portrait of Spite","Compendium.pf2e.spells-srd.Item.Z60JRD78wT3afOEJ","rituals/portrait-of-spite.json","","caster","unmatched","Variable, sustained or open-ended duration requires review"
"Portrait of the Artist","Compendium.pf2e.spells-srd.Item.CuRat8IXBUu9C3Yw","spells/rank-5/portrait-of-the-artist.json","","caster","unmatched","Target/object placement needs manual review; caster placement would be misleading"
"Positive Attunement","Compendium.pf2e.spells-srd.Item.9iJaD4S7ptUeq5vO","spells/rank-3/positive-attunement.json","","caster","unmatched","Sustained expiration requires GM review"
"Possession","Compendium.pf2e.spells-srd.Item.wU6hNzK8Yfqdmc8m","spells/rank-7/possession.json","","caster","unmatched","Target/object placement needs manual review; caster placement would be misleading"
"Power of the Beasts","Compendium.pf2e.spells-srd.Item.otdzpPYzWMJt76Rh","rituals/power-of-the-beasts.json","","caster","unmatched","Target/object placement needs manual review; caster placement would be misleading"
"Power Word Blind","Compendium.pf2e.spells-srd.Item.Yk3t4ekEiFIoEz9c","spells/rank-7/power-word-blind.json","","caster","unmatched","Variable, sustained or open-ended duration requires review"
"Power Word Kill","Compendium.pf2e.spells-srd.Item.m3lcOFm400lQCUps","spells/rank-9/power-word-kill.json","","damage","unmatched","Variable, sustained or open-ended duration requires review"
"Power Word Stun","Compendium.pf2e.spells-srd.Item.7PJSqUeKxTqOVrPk","spells/rank-8/power-word-stun.json","","caster","unmatched","Variable, sustained or open-ended duration requires review"
"Powerful Inhalation","Compendium.pf2e.spells-srd.Item.v4QHuVOhFD1JMAqu","focus/powerful-inhalation.json","","area","unmatched","No suitable supported visual theme"
"Practice Makes Perfect","Compendium.pf2e.spells-srd.Item.HOj2YsTpkoMpYJH9","focus/practice-makes-perfect.json","","caster","unmatched","Target/object placement needs manual review; caster placement would be misleading"
"Precious Gleam","Compendium.pf2e.spells-srd.Item.v14zLiiSc4sl9RrK","focus/precious-gleam.json","","caster","unmatched","Variable, sustained or open-ended duration requires review"
"Precious Metals","Compendium.pf2e.spells-srd.Item.APTMURAW1N0Wpk4w","focus/precious-metals.json","","caster","unmatched","Target/object placement needs manual review; caster placement would be misleading"
"Pressure Zone","Compendium.pf2e.spells-srd.Item.e4c73RBCQAZdYxau","spells/rank-5/pressure-zone.json","","area","unmatched","No suitable supported visual theme"
"Prestidigitation","Compendium.pf2e.spells-srd.Item.Qw3fnUlaUbnn7ipC","spells/cantrip/prestidigitation.json","","caster","unmatched","Sustained expiration requires GM review"
"Primal Call","Compendium.pf2e.spells-srd.Item.pZc8ZwtsyWnxUUW0","rituals/primal-call.json","","caster","unmatched","Variable, sustained or open-ended duration requires review"
"Primal Chorus","Compendium.pf2e.spells-srd.Item.TPN3Z6VGau6Od9rG","spells/rank-3/primal-chorus.json","","caster","unmatched","Variable, sustained or open-ended duration requires review"
"Primal Herd","Compendium.pf2e.spells-srd.Item.pmP8HhXvvEKP3LqU","spells/rank-10/primal-herd.json","","caster","unmatched","Target/object placement needs manual review; caster placement would be misleading"
"Primal Phenomenon","Compendium.pf2e.spells-srd.Item.MLNeD5sAunV0E23j","spells/rank-10/primal-phenomenon.json","","caster","unmatched","Target/object placement needs manual review; caster placement would be misleading"
"Primal Summons","Compendium.pf2e.spells-srd.Item.kwlKUxEuT8T15YW6","focus/primal-summons.json","","caster","unmatched","Target/object placement needs manual review; caster placement would be misleading"
"Prismatic Armor","Compendium.pf2e.spells-srd.Item.4nEY2BcV85wavKLO","spells/rank-7/prismatic-armor.json","","caster","unmatched","Target/object placement needs manual review; caster placement would be misleading"
"Prismatic Shield","Compendium.pf2e.spells-srd.Item.AlCFTjSBaCHuRHBv","spells/rank-9/prismatic-shield.json","","caster","unmatched","Variable, sustained or open-ended duration requires review"
"Prismatic Sphere","Compendium.pf2e.spells-srd.Item.PngDCmU0MXZkbu0v","spells/rank-9/prismatic-sphere.json","","caster","unmatched","Target/object placement needs manual review; caster placement would be misleading"
"Prismatic Spray","Compendium.pf2e.spells-srd.Item.d6o52BnjViNz7Gub","spells/rank-7/prismatic-spray.json","","area","unmatched","No suitable supported visual theme"
"Prismatic Wall","Compendium.pf2e.spells-srd.Item.iL6TujgTCtRRa0Y0","spells/rank-8/prismatic-wall.json","","area","unmatched","No suitable supported visual theme"
"Procyal Philosophy","Compendium.pf2e.spells-srd.Item.4cEDhvchskRvxSw6","spells/rank-4/procyal-philosophy.json","","caster","unmatched","Target/object placement needs manual review; caster placement would be misleading"
"Project Image","Compendium.pf2e.spells-srd.Item.0873MWM0qKDDv81O","spells/rank-7/project-image.json","","caster","unmatched","Sustained expiration requires GM review"
"Proliferating Eyes","Compendium.pf2e.spells-srd.Item.coKiMMBLESkaLNVa","spells/rank-9/proliferating-eyes.json","","caster","unmatched","Target/object placement needs manual review; caster placement would be misleading"
"Propelling Air Stream","Compendium.pf2e.spells-srd.Item.0qDJm5z3QVtkb3aD","spells/rank-1/propelling-air-stream.json","","damage","unmatched","Variable, sustained or open-ended duration requires review"
"Prophet's Luck","Compendium.pf2e.spells-srd.Item.n2CM3NeRuq5RSY19","spells/rank-4/prophets-luck.json","","caster","unmatched","Target/object placement needs manual review; caster placement would be misleading"
"Propulsive Breeze","Compendium.pf2e.spells-srd.Item.jlOAXuIOM3YxZKmn","spells/rank-2/propulsive-breeze.json","","caster","unmatched","Target/object placement needs manual review; caster placement would be misleading"
"Protect Companion","Compendium.pf2e.spells-srd.Item.AfOpnnwdZwHi2Tnc","spells/cantrip/protect-companion.json","","caster","unmatched","Variable, sustained or open-ended duration requires review"
"Protection","Compendium.pf2e.spells-srd.Item.gMODOGamz88rgHuf","spells/rank-1/protection.json","","area","unmatched","No suitable supported visual theme"
"Protective Wards","Compendium.pf2e.spells-srd.Item.lY9fOk1qBDDhBT8s","focus/protective-wards.json","","area","unmatched","Sustained expiration requires GM review"
"Protector Tree","Compendium.pf2e.spells-srd.Item.K9gI08enGtmih5X1","spells/rank-1/protector-tree.json","","caster","unmatched","Target/object placement needs manual review; caster placement would be misleading"
"Protector's Sacrifice","Compendium.pf2e.spells-srd.Item.rQYob0QMJ0I1U2sU","focus/protectors-sacrifice.json","","caster","unmatched","Target/object placement needs manual review; caster placement would be misleading"
"Protector's Sphere","Compendium.pf2e.spells-srd.Item.DH9Y3RQGWO0GzXGU","focus/protectors-sphere.json","","area","unmatched","Sustained expiration requires GM review"
"Proximal Shift","Compendium.pf2e.spells-srd.Item.KESXD0D8XNDGzHBM","spells/rank-6/proximal-shift.json","","area","unmatched","No suitable supported visual theme"
"Prying Survey","Compendium.pf2e.spells-srd.Item.pt3gEnzA159uHcJC","spells/rank-8/prying-survey.json","","area","unmatched","Base area likely exceeds the 120-cell visual limit"
"Psychic Outburst","Compendium.pf2e.spells-srd.Item.Y1glh4WNHAlpTwH3","spells/rank-5/psychic-outburst.json","","area","unmatched","No suitable supported visual theme"
"Puff of Poison","Compendium.pf2e.spells-srd.Item.D7ZEhTNIDWDLC2J4","spells/cantrip/puff-of-poison.json","","damage","unmatched","No suitable supported visual theme"
"Pulse of Civilization","Compendium.pf2e.spells-srd.Item.ivKnEtI1z4UqEKIA","focus/pulse-of-civilization.json","","caster","unmatched","Target/object placement needs manual review; caster placement would be misleading"
"Pulverizing Cascade","Compendium.pf2e.spells-srd.Item.E80SrXuBdZViPGiH","focus/pulverizing-cascade.json","","area","unmatched","No suitable supported visual theme"
"Pulverizing Wake","Compendium.pf2e.spells-srd.Item.EiE1A8TCeJGVzzV2","focus/pulverizing-wake.json","","area","unmatched","No suitable supported visual theme"
"Pummeling Rubble","Compendium.pf2e.spells-srd.Item.Rn2LkoSq1XhLsODV","spells/rank-1/pummeling-rubble.json","","area","unmatched","No suitable supported visual theme"
"Punishing Winds","Compendium.pf2e.spells-srd.Item.wi405lBjPcbF1DeR","spells/rank-8/punishing-winds.json","","area","unmatched","Sustained expiration requires GM review"
"Puppet Strings","Compendium.pf2e.spells-srd.Item.mBYqtWpvOT4oBm4Q","spells/rank-7/puppet-strings.json","","caster","unmatched","Sustained expiration requires GM review"
"Purging Toxins","Compendium.pf2e.spells-srd.Item.CBPcGH1FFDG9vf4Z","focus/purging-toxins.json","","damage","unmatched","No suitable supported visual theme"
"Purify Soul Path","Compendium.pf2e.spells-srd.Item.66xBcxqzYcpbItBU","rituals/purify-soul-path.json","","caster","unmatched","Target/object placement needs manual review; caster placement would be misleading"
"Purify Tanglebriar","Compendium.pf2e.spells-srd.Item.ZVdKM0HkgpWykrqf","rituals/purify-tanglebriar.json","","caster","unmatched","Variable, sustained or open-ended duration requires review"
"Purifying Icicle","Compendium.pf2e.spells-srd.Item.9Ga1AOQdHKYXUY4O","spells/rank-1/purifying-icicle.json","Frost","damage","review","Mixed damage types: piercing, cold"
"Purifying Veil","Compendium.pf2e.spells-srd.Item.3ySPK8qwNcuESwa0","focus/purifying-veil.json","","damage","unmatched","No suitable supported visual theme"
"Purple Worm Sting","Compendium.pf2e.spells-srd.Item.ayRXv0wQH00TTNZe","spells/rank-6/purple-worm-sting.json","","damage","unmatched","No suitable supported visual theme"
"Pushing Gust","Compendium.pf2e.spells-srd.Item.myC2EIrsjmB8xosi","focus/pushing-gust.json","","caster","unmatched","Target/object placement needs manual review; caster placement would be misleading"
"Putrefy Food and Drink","Compendium.pf2e.spells-srd.Item.CxpFy4HJHf4ACbxF","spells/rank-1/putrefy-food-and-drink.json","","caster","unmatched","Target/object placement needs manual review; caster placement would be misleading"
"Pyrefowl Rebuke","Compendium.pf2e.spells-srd.Item.xnh2NBOGs4hcH9B3","spells/rank-2/pyrefowl-rebuke.json","Fire","damage","enabled","Single fire damage type"
"Pyroclastic Truth","Compendium.pf2e.spells-srd.Item.IeVP2xkNJf5kVAig","impossible-spells/pyroclastic-truth.json","Fire","area","review","Base area likely exceeds the 120-cell visual limit"
"Pyrotechnics","Compendium.pf2e.spells-srd.Item.TUbXnR4RAuYzRx1u","spells/rank-3/pyrotechnics.json","","caster","unmatched","Sustained expiration requires GM review"
"Qi Blast","Compendium.pf2e.spells-srd.Item.oo7YcRC2gcez81PV","focus/qi-blast.json","","area","unmatched","No suitable supported visual theme"
"Qi Form","Compendium.pf2e.spells-srd.Item.YDMOqndvYFu3OjA6","focus/qi-form.json","","caster","unmatched","Target/object placement needs manual review; caster placement would be misleading"
"Qi Rush","Compendium.pf2e.spells-srd.Item.ps0nmhclT6aIXgd8","focus/qi-rush.json","","caster","unmatched","Target/object placement needs manual review; caster placement would be misleading"
"Quandary","Compendium.pf2e.spells-srd.Item.Oj1PJBMQD9vuwCv7","spells/rank-8/quandary.json","","caster","unmatched","Sustained expiration requires GM review"
"Quantic Dampening","Compendium.pf2e.spells-srd.Item.HGRutSvLpkgCAgvx","focus/quantic-dampening.json","","area","unmatched","Sustained expiration requires GM review"
"Quench","Compendium.pf2e.spells-srd.Item.02J0rDTk37KN2sjt","spells/rank-2/quench.json","","area","unmatched","Sustained expiration requires GM review"
"Quick Sort","Compendium.pf2e.spells-srd.Item.F23T5tHPo3WsFiHW","spells/rank-1/quick-sort.json","","caster","unmatched","Target/object placement needs manual review; caster placement would be misleading"
"Quicken Time","Compendium.pf2e.spells-srd.Item.lETZeqBPoj2htGVk","spells/rank-5/quicken-time.json","","area","unmatched","No suitable supported visual theme"
"Radiant Beam","Compendium.pf2e.spells-srd.Item.5LGDygjRxURUOKGR","spells/rank-4/radiant-beam.json","","area","unmatched","No suitable supported visual theme"
"Radiant Field","Compendium.pf2e.spells-srd.Item.v3vFzGazNSFEDdRB","spells/rank-2/radiant-field.json","","area","unmatched","No suitable supported visual theme"
"Radiant Globe","Compendium.pf2e.spells-srd.Item.nXoc5YbcynmhZcQs","spells/rank-3/radiant-globe.json","","area","unmatched","Sustained expiration requires GM review"
"Radiant Heart of Devotion","Compendium.pf2e.spells-srd.Item.yfCykJ6cs0uUL79b","spells/rank-4/radiant-heart-of-devotion.json","","area","unmatched","Sustained expiration requires GM review"
"Raga of Remembrance","Compendium.pf2e.spells-srd.Item.nuE9qsY2HfPFEgAo","rituals/raga-of-remembrance.json","","caster","unmatched","Target/object placement needs manual review; caster placement would be misleading"
"Rainbow Fumarole","Compendium.pf2e.spells-srd.Item.0AZOIMRvZtePuGOw","spells/rank-8/rainbow-fumarole.json","","area","unmatched","No suitable supported visual theme"
"Rainbow's End","Compendium.pf2e.spells-srd.Item.hYK4ByCVN1ALc5gR","spells/rank-1/rainbows-end.json","","area","unmatched","Sustained expiration requires GM review"
"Raise Dead","Compendium.pf2e.spells-srd.Item.IkGYwHRLhkuoGReG","spells/rank-6/raise-dead.json","","caster","unmatched","Target/object placement needs manual review; caster placement would be misleading"
"Raise Runelord","Compendium.pf2e.spells-srd.Item.fr1AGcQo7WuvLvUi","rituals/raise-runelord.json","","caster","unmatched","Target/object placement needs manual review; caster placement would be misleading"
"Rally Point","Compendium.pf2e.spells-srd.Item.98gJvb8Xtn8OLIY7","spells/rank-3/rally-point.json","","area","unmatched","No suitable supported visual theme"
"Rallying Anthem","Compendium.pf2e.spells-srd.Item.bH0kPuf7UKxRvi2P","focus/rallying-anthem.json","","area","unmatched","Base area likely exceeds the 120-cell visual limit"
"Rallying Banner","Compendium.pf2e.spells-srd.Item.Hp2wmnRS6TUGZlZ2","spells/rank-5/rallying-banner.json","","caster","unmatched","Target/object placement needs manual review; caster placement would be misleading"
"Ranage's Circle","Compendium.pf2e.spells-srd.Item.Pmhlv3fzPTuIhTrT","spells/rank-4/ranages-circle.json","","caster","unmatched","Variable, sustained or open-ended duration requires review"
"Ranger's Bramble","Compendium.pf2e.spells-srd.Item.KktHf7zIAWOr499h","focus/rangers-bramble.json","","area","unmatched","No suitable supported visual theme"
"Ransack the Night","Compendium.pf2e.spells-srd.Item.ksJFGSGlNpUhwcsp","rituals/ransack-the-night.json","","caster","unmatched","Target/object placement needs manual review; caster placement would be misleading"
"Rapid Adaptation","Compendium.pf2e.spells-srd.Item.fTK6ysisGhy3hRvz","spells/rank-2/rapid-adaptation.json","","caster","unmatched","Target/object placement needs manual review; caster placement would be misleading"
"Rapid Retreat","Compendium.pf2e.spells-srd.Item.6sNjsNPipZvQ3BGe","focus/rapid-retreat.json","","caster","unmatched","Target/object placement needs manual review; caster placement would be misleading"
"Ravening Maw","Compendium.pf2e.spells-srd.Item.VDWIZuLOJqwBthHc","spells/rank-5/ravening-maw.json","","caster","unmatched","Target/object placement needs manual review; caster placement would be misleading"
"Ravenous Darkness","Compendium.pf2e.spells-srd.Item.g1dDUKsIrdlpdqy9","spells/rank-6/ravenous-darkness.json","Haze (Deathly)","area","enabled","Curated ravenous-darkness visual theme"
"Ravenous Portal","Compendium.pf2e.spells-srd.Item.ER1LOEgCLtmEKd05","spells/rank-4/ravenous-portal.json","Portal","caster","review","Target/object placement needs manual review; caster placement would be misleading"
"Ravenous Reanimation","Compendium.pf2e.spells-srd.Item.u3pdkfmy0AWICdoM","rituals/ravenous-reanimation.json","","caster","unmatched","Target/object placement needs manual review; caster placement would be misleading"
"Ray of Corruption","Compendium.pf2e.spells-srd.Item.nPxYYID5JARKouSV","spells/rank-7/ray-of-corruption.json","","damage","unmatched","Mixed damage types: spirit, poison"
"Ray of Frost","Compendium.pf2e.spells-srd.Item.gYjPm7YwGtEa1oxh","spells/cantrip/ray-of-frost.json","Frost","damage","enabled","Single cold damage type"
"Read Aura","Compendium.pf2e.spells-srd.Item.OhD2Z6rIGGD5ocZA","spells/cantrip/read-aura.json","","caster","unmatched","Target/object placement needs manual review; caster placement would be misleading"
"Read Fate","Compendium.pf2e.spells-srd.Item.Vvxgn7saUPW2bJhb","focus/read-fate.json","","caster","unmatched","Target/object placement needs manual review; caster placement would be misleading"
"Read Omens","Compendium.pf2e.spells-srd.Item.pkcOby5prOausy1k","spells/rank-4/read-omens.json","","caster","unmatched","Target/object placement needs manual review; caster placement would be misleading"
"Read the Air","Compendium.pf2e.spells-srd.Item.lg73SvJZno1ypPAj","spells/cantrip/read-the-air.json","","caster","unmatched","Target/object placement needs manual review; caster placement would be misleading"
"Reanimate Foe","Compendium.pf2e.spells-srd.Item.jtvMJEkiads8a4zj","focus/necromancer/reanimate-foe.json","","caster","unmatched","Target/object placement needs manual review; caster placement would be misleading"
"Reaper's Lantern","Compendium.pf2e.spells-srd.Item.dxOF7d5kAWusLKWF","spells/rank-2/reapers-lantern.json","","area","unmatched","No suitable supported visual theme"
"Reblooded","Compendium.pf2e.spells-srd.Item.Stjb9wvLn146TfW6","spells/rank-3/reblooded.json","","caster","unmatched","Target/object placement needs manual review; caster placement would be misleading"
"Rebounding Barrier","Compendium.pf2e.spells-srd.Item.5p8naLYjFcG13OkU","spells/rank-4/rebounding-barrier.json","","caster","unmatched","Target/object placement needs manual review; caster placement would be misleading"
"Rebuke Death","Compendium.pf2e.spells-srd.Item.4nHYSMHito1GUXlm","focus/rebuke-death.json","","area","unmatched","No suitable supported visual theme"
"Recall Legacy","Compendium.pf2e.spells-srd.Item.onvFdBWAsQp0CsAy","spells/rank-7/recall-legacy.json","","caster","unmatched","Variable, sustained or open-ended duration requires review"
"Recall Past Life","Compendium.pf2e.spells-srd.Item.bqx1tJeOZq1Ufhcc","rituals/recall-past-life.json","","caster","unmatched","Target/object placement needs manual review; caster placement would be misleading"
"Reclined Apport","Compendium.pf2e.spells-srd.Item.lsR3RLEdBG4rcSzd","focus/reclined-apport.json","","caster","unmatched","Target/object placement needs manual review; caster placement would be misleading"
"Recurring Nightmare","Compendium.pf2e.spells-srd.Item.ecXhGEAX3PYd6FqK","focus/necromancer/recurring-nightmare.json","","caster","unmatched","Target/object placement needs manual review; caster placement would be misleading"
"Redact","Compendium.pf2e.spells-srd.Item.ifXNOhtmU4fKL68v","focus/redact.json","","caster","unmatched","Target/object placement needs manual review; caster placement would be misleading"
"Redistribute Potential","Compendium.pf2e.spells-srd.Item.bZMwSGc9t5K7uxZV","focus/redistribute-potential.json","","area","unmatched","No suitable supported visual theme"
"Reed Whistle","Compendium.pf2e.spells-srd.Item.7Ahssy0KDLzcQ2Ex","spells/rank-1/reed-whistle.json","","caster","unmatched","Variable, sustained or open-ended duration requires review"
"Reflected Beauty","Compendium.pf2e.spells-srd.Item.ghIoycTH6gxxAw3w","spells/rank-4/reflected-beauty.json","","caster","unmatched","Target/object placement needs manual review; caster placement would be misleading"
"Reflective Scales","Compendium.pf2e.spells-srd.Item.Mv5L4201uk8hnAtD","spells/rank-4/reflective-scales.json","","area","unmatched","No suitable supported visual theme"
"Regale the Lost Ones","Compendium.pf2e.spells-srd.Item.FQZaQXiKtHdVjSc5","rituals/regale-the-lost-ones.json","","caster","unmatched","Variable, sustained or open-ended duration requires review"
"Regenerate","Compendium.pf2e.spells-srd.Item.2Vkd1IxylPceUAAF","spells/rank-7/regenerate.json","","caster","unmatched","Target/object placement needs manual review; caster placement would be misleading"
"Reincarnate","Compendium.pf2e.spells-srd.Item.gIVaSCrLhhBzGHQY","rituals/reincarnate.json","","caster","unmatched","Target/object placement needs manual review; caster placement would be misleading"
"Reinforce Eidolon","Compendium.pf2e.spells-srd.Item.TYbCj4dgXDOZou9k","focus/summoner/reinforce-eidolon.json","","caster","unmatched","Target/object placement needs manual review; caster placement would be misleading"
"Reinforced Rations","Compendium.pf2e.spells-srd.Item.2LsiiZZIZEKD23VQ","rituals/reinforced-rations.json","","area","unmatched","Base area likely exceeds the 120-cell visual limit"
"Rejuvenating Flames","Compendium.pf2e.spells-srd.Item.lZx8jZfKrMEtyGY0","focus/rejuvenating-flames.json","Fire","area","enabled","Single fire damage type"
"Release the Ego to Restore the Soul","Compendium.pf2e.spells-srd.Item.pib9AhtUlVclvm02","rituals/release-the-ego-to-restore-the-soul.json","","area","unmatched","Ritual: no standard spell-cast workflow"
"Remake","Compendium.pf2e.spells-srd.Item.dMKP4fkWx8V2cqAy","spells/rank-10/remake.json","","caster","unmatched","Target/object placement needs manual review; caster placement would be misleading"
"Remake Physiology","Compendium.pf2e.spells-srd.Item.m815cJACTzePdZAG","spells/rank-9/remake-physiology.json","","caster","unmatched","Variable, sustained or open-ended duration requires review"
"Remember the Lost","Compendium.pf2e.spells-srd.Item.nrW6lGV4xDMqLS3P","focus/remember-the-lost.json","","area","unmatched","No suitable supported visual theme"
"Rend Magic","Compendium.pf2e.spells-srd.Item.Y89dDWlECxG2vIeH","spells/rank-3/rend-magic.json","","damage","unmatched","No suitable supported visual theme"
"Repel Metal","Compendium.pf2e.spells-srd.Item.pZBovpzdBNLQQQmE","focus/repel-metal.json","","caster","unmatched","Target/object placement needs manual review; caster placement would be misleading"
"Repelling Pulse","Compendium.pf2e.spells-srd.Item.TLqMFgCewxuricJw","spells/rank-5/repelling-pulse.json","","area","unmatched","No suitable supported visual theme"
"Replicate","Compendium.pf2e.spells-srd.Item.srEKUvym9kDVbEhD","spells/rank-4/replicate.json","","caster","unmatched","Sustained expiration requires GM review"
"Repulsion","Compendium.pf2e.spells-srd.Item.yrZA4k2VAqEP8xx7","spells/rank-6/repulsion.json","","caster","unmatched","Target/object placement needs manual review; caster placement would be misleading"
"Resist Energy","Compendium.pf2e.spells-srd.Item.Fr58LDSrbndgld9n","spells/rank-2/resist-energy.json","","caster","unmatched","Target/object placement needs manual review; caster placement would be misleading"
"Resolute Obliteration","Compendium.pf2e.spells-srd.Item.RGmPRCBFcWVUoiZz","rituals/resolute-obliteration.json","","caster","unmatched","Target/object placement needs manual review; caster placement would be misleading"
"Resplendent Mansion","Compendium.pf2e.spells-srd.Item.KPDHmmjJiw7PhTYF","spells/rank-9/resplendent-mansion.json","","caster","unmatched","Variable, sustained or open-ended duration requires review"
"Rest Eternal","Compendium.pf2e.spells-srd.Item.MTNlvZ0A9xY5sOg1","rituals/rest-eternal.json","","caster","unmatched","Target/object placement needs manual review; caster placement would be misleading"
"Restoration","Compendium.pf2e.spells-srd.Item.SnaLVgxZ9ryUFmUr","spells/rank-2/restoration.json","","caster","unmatched","Target/object placement needs manual review; caster placement would be misleading"
"Restorative Moment","Compendium.pf2e.spells-srd.Item.pCvJ4yoZJxDtgUMI","focus/restorative-moment.json","","caster","unmatched","Target/object placement needs manual review; caster placement would be misleading"
"Restore Ground","Compendium.pf2e.spells-srd.Item.ljo9CEmnCMZXqfOQ","spells/rank-7/restore-ground.json","","area","unmatched","Variable, sustained or open-ended duration requires review"
"Restraining Chains","Compendium.pf2e.spells-srd.Item.WjgDgSDng1MS8g17","spells/rank-3/restraining-chains.json","","caster","unmatched","Target/object placement needs manual review; caster placement would be misleading"
"Restyle","Compendium.pf2e.spells-srd.Item.buhP7vfetUxQJlIJ","spells/rank-1/restyle.json","","caster","unmatched","Variable, sustained or open-ended duration requires review"
"Resurrect","Compendium.pf2e.spells-srd.Item.kqhPt9344UkcGVYO","rituals/resurrect.json","","caster","unmatched","Target/object placement needs manual review; caster placement would be misleading"
"Retreat Among the Rains","Compendium.pf2e.spells-srd.Item.D4Rxud1DBr52Dmdo","rituals/retreat-among-the-rains.json","","caster","unmatched","Target/object placement needs manual review; caster placement would be misleading"
"Retributive Pain","Compendium.pf2e.spells-srd.Item.SSsUC7rZo0CwayPn","focus/retributive-pain.json","","caster","unmatched","Target/object placement needs manual review; caster placement would be misleading"
"Retrieving Hook","Compendium.pf2e.spells-srd.Item.lqxh1qgJG5ujSHXI","spells/rank-2/retrieving-hook.json","","caster","unmatched","Target/object placement needs manual review; caster placement would be misleading"
"Retrocognition","Compendium.pf2e.spells-srd.Item.rsZ5c0AUyywe5yoK","spells/rank-7/retrocognition.json","","caster","unmatched","Sustained expiration requires GM review"
"Return Beacon","Compendium.pf2e.spells-srd.Item.ru3YdXajUREbKQDV","spells/rank-5/return-beacon.json","","caster","unmatched","Target/object placement needs manual review; caster placement would be misleading"
"Return the Favor","Compendium.pf2e.spells-srd.Item.9gMQPCaFM27PEIh4","focus/return-the-favor.json","","caster","unmatched","Target/object placement needs manual review; caster placement would be misleading"
"Return To Essence","Compendium.pf2e.spells-srd.Item.v8VnSMzaSYwkq6c7","spells/rank-7/return-to-essence.json","","caster","unmatched","Target/object placement needs manual review; caster placement would be misleading"
"Revealing Light","Compendium.pf2e.spells-srd.Item.0qaqksrGGDj74HXE","spells/rank-2/revealing-light.json","Magic Light","area","review","Variable, sustained or open-ended duration requires review"
"Revel in Retribution","Compendium.pf2e.spells-srd.Item.Eed8QBWBtpufl1iP","focus/revel-in-retribution.json","","caster","unmatched","Target/object placement needs manual review; caster placement would be misleading"
"Reverse Gravity","Compendium.pf2e.spells-srd.Item.37ESlJzUvVbOudOT","spells/rank-7/reverse-gravity.json","","area","unmatched","No suitable supported visual theme"
"Revival","Compendium.pf2e.spells-srd.Item.HpIJTVqgXorH9X0L","spells/rank-10/revival.json","","caster","unmatched","Sustained expiration requires GM review"
"Rewinding Step","Compendium.pf2e.spells-srd.Item.5tpk4Q2QI3FVhm99","spells/rank-5/rewinding-step.json","","caster","unmatched","Target/object placement needs manual review; caster placement would be misleading"
"Rewrite Memory","Compendium.pf2e.spells-srd.Item.FhOaQDTSnsY7tiam","spells/rank-4/rewrite-memory.json","","caster","unmatched","Variable, sustained or open-ended duration requires review"
"Rewrite Possibility","Compendium.pf2e.spells-srd.Item.BAu5AgqoO556clyK","focus/rewrite-possibility.json","","caster","unmatched","Target/object placement needs manual review; caster placement would be misleading"
"Rigid Form","Compendium.pf2e.spells-srd.Item.Ey4pKybxyPAxq0ew","spells/rank-4/rigid-form.json","","caster","unmatched","Target/object placement needs manual review; caster placement would be misleading"
"Rime Slick","Compendium.pf2e.spells-srd.Item.Popa5umI3H33levx","spells/rank-2/rime-slick.json","Frost","area","enabled","Single cold damage type"
"Ring of Truth","Compendium.pf2e.spells-srd.Item.aewxsale5xWEPKLk","spells/rank-3/ring-of-truth.json","","area","unmatched","No suitable supported visual theme"
"Rip the Spirit","Compendium.pf2e.spells-srd.Item.1bw6XJMOERcbC5Iq","spells/rank-5/rip-the-spirit.json","","area","unmatched","No suitable supported visual theme"
"Rising Surf","Compendium.pf2e.spells-srd.Item.zTN6zuruDUKOea6h","focus/rising-surf.json","","caster","unmatched","Target/object placement needs manual review; caster placement would be misleading"
"Rite of Cleansing Flame","Compendium.pf2e.spells-srd.Item.KwDyrUIlnOrpdxYi","rituals/rite-of-cleansing-flame.json","","caster","unmatched","Variable, sustained or open-ended duration requires review"
"Rite of Repatriation","Compendium.pf2e.spells-srd.Item.w00PBRjENqJa7Vxu","rituals/rite-of-repatriation.json","","caster","unmatched","Target/object placement needs manual review; caster placement would be misleading"
"Rite of the Red Star","Compendium.pf2e.spells-srd.Item.fLiowSDQXo3vCQDh","rituals/rite-of-the-red-star.json","","caster","unmatched","Target/object placement needs manual review; caster placement would be misleading"
"Ritual Obstruction","Compendium.pf2e.spells-srd.Item.h7h0wMxu4WOpveQ3","spells/rank-5/ritual-obstruction.json","","area","unmatched","Base area likely exceeds the 120-cell visual limit"
"River Carving Mountains","Compendium.pf2e.spells-srd.Item.ew4ToaTU3o8ahKio","focus/river-carving-mountains.json","","caster","unmatched","Sustained expiration requires GM review"
"Roar of the Dragon","Compendium.pf2e.spells-srd.Item.FSu6ZKxr3xdS75wq","focus/roar-of-the-dragon.json","","area","unmatched","Variable, sustained or open-ended duration requires review"
"Roaring Applause","Compendium.pf2e.spells-srd.Item.czO0wbT1i320gcu9","spells/rank-3/roaring-applause.json","","caster","unmatched","Sustained expiration requires GM review"
"Rolling Boulders","Compendium.pf2e.spells-srd.Item.RgVlYrn5mu8wNHK4","rituals/rolling-boulders.json","","area","unmatched","Ritual: no standard spell-cast workflow"
"Root Reading","Compendium.pf2e.spells-srd.Item.BX5UIAUarWG43Fg2","spells/cantrip/root-reading.json","","area","unmatched","No suitable supported visual theme"
"Rope Trick","Compendium.pf2e.spells-srd.Item.GzdgM0m7wXKuFSho","spells/rank-4/rope-trick.json","","caster","unmatched","Target/object placement needs manual review; caster placement would be misleading"
"Rose's Thorns","Compendium.pf2e.spells-srd.Item.gBJtUhewnihlqxm7","spells/rank-6/roses-thorns.json","","area","unmatched","Sustained expiration requires GM review"
"Rouse Skeletons","Compendium.pf2e.spells-srd.Item.0JWyMwVnLxX9CDYQ","spells/rank-3/rouse-skeletons.json","","area","unmatched","Sustained expiration requires GM review"
"Rousing Splash","Compendium.pf2e.spells-srd.Item.zhDIiQlJmrd4UDNC","spells/cantrip/rousing-splash.json","","caster","unmatched","Target/object placement needs manual review; caster placement would be misleading"
"Rubble Step","Compendium.pf2e.spells-srd.Item.FFBYPZEmAQoll09t","spells/rank-2/rubble-step.json","","caster","unmatched","Target/object placement needs manual review; caster placement would be misleading"
"Rune of Observation","Compendium.pf2e.spells-srd.Item.4LSf04FFvDgMyDk6","focus/rune-of-observation.json","","caster","unmatched","Target/object placement needs manual review; caster placement would be misleading"
"Rune Trap","Compendium.pf2e.spells-srd.Item.o0l57UfBm9ScEUMW","rituals/rune-trap.json","","caster","unmatched","Target/object placement needs manual review; caster placement would be misleading"
"Runic Body","Compendium.pf2e.spells-srd.Item.EE7Q5BHIrfWNCPtT","spells/rank-1/runic-body.json","","caster","unmatched","Target/object placement needs manual review; caster placement would be misleading"
"Runic Impression","Compendium.pf2e.spells-srd.Item.oOaEfsdVpgTXRhrY","focus/magus/runic-impression.json","","caster","unmatched","Target/object placement needs manual review; caster placement would be misleading"
"Runic Weapon","Compendium.pf2e.spells-srd.Item.TFitdEOpQC4SzKQQ","spells/rank-1/runic-weapon.json","","caster","unmatched","Target/object placement needs manual review; caster placement would be misleading"
"Rust Cloud","Compendium.pf2e.spells-srd.Item.yy2K51kK3a60rRIe","spells/rank-4/rust-cloud.json","","area","unmatched","No suitable supported visual theme"
"Rusting Grasp","Compendium.pf2e.spells-srd.Item.0fYE64odlKqISzft","spells/rank-4/rusting-grasp.json","","caster","unmatched","Target/object placement needs manual review; caster placement would be misleading"
"Sacred Beasts","Compendium.pf2e.spells-srd.Item.rVRyA7UQog633nTe","spells/rank-1/sacred-beasts.json","","area","unmatched","No suitable supported visual theme"
"Sacred Covenant","Compendium.pf2e.spells-srd.Item.fusrsBS7pb2KxYi4","spells/rank-9/sacred-covenant.json","","caster","unmatched","Variable, sustained or open-ended duration requires review"
"Sacred Form","Compendium.pf2e.spells-srd.Item.MMCQsh12TPaDdPbV","spells/rank-6/sacred-form.json","","caster","unmatched","Target/object placement needs manual review; caster placement would be misleading"
"Sacred Nimbus","Compendium.pf2e.spells-srd.Item.GabRQPc9qD86jDGI","spells/rank-4/sacred-nimbus.json","","area","unmatched","Sustained expiration requires GM review"
"Safe Passage","Compendium.pf2e.spells-srd.Item.IFuEzfmmWyNwVbhY","spells/rank-3/safe-passage.json","","caster","unmatched","Sustained expiration requires GM review"
"Safeguard Secret","Compendium.pf2e.spells-srd.Item.OsrtOeG0TvDNnEFH","focus/safeguard-secret.json","","caster","unmatched","Target/object placement needs manual review; caster placement would be misleading"
"Sage's Curse","Compendium.pf2e.spells-srd.Item.APDrC83QljsyHenB","spells/rank-4/sages-curse.json","","caster","unmatched","Variable, sustained or open-ended duration requires review"
"Sanctuary","Compendium.pf2e.spells-srd.Item.8xRzLhwGL7Dgy3EZ","spells/rank-1/sanctuary.json","","caster","unmatched","Target/object placement needs manual review; caster placement would be misleading"
"Sand Form","Compendium.pf2e.spells-srd.Item.KjC2ya8HD5AENeHI","spells/rank-3/sand-form.json","","caster","unmatched","Target/object placement needs manual review; caster placement would be misleading"
"Sanguine Mist","Compendium.pf2e.spells-srd.Item.5zeSxzDxMSr0wgSF","spells/rank-4/sanguine-mist.json","Haze (Deathly)","area","review","Sustained expiration requires GM review"
"Sanguine Transference","Compendium.pf2e.spells-srd.Item.IwwEHnmVbmZpXioJ","focus/necromancer/sanguine-transference.json","","caster","unmatched","Target/object placement needs manual review; caster placement would be misleading"
"Savor the Sting","Compendium.pf2e.spells-srd.Item.xn0V2HDrmDWNzPEt","focus/savor-the-sting.json","","damage","unmatched","No suitable supported visual theme"
"Sawtooth Terrain","Compendium.pf2e.spells-srd.Item.I2IgZu4Rd2dz0J6v","spells/rank-5/sawtooth-terrain.json","","area","unmatched","No suitable supported visual theme"
"Scatter Scree","Compendium.pf2e.spells-srd.Item.zA0jNIBRgLsyTpbm","spells/cantrip/scatter-scree.json","Debris (Stone)","area","enabled","Curated scatter-scree visual theme"
"Schadenfreude","Compendium.pf2e.spells-srd.Item.8E97SA9KAWCNdXfO","spells/rank-1/schadenfreude.json","","caster","unmatched","Target/object placement needs manual review; caster placement would be misleading"
"Scholarly Recollection","Compendium.pf2e.spells-srd.Item.dXIRotMLsABDQQSB","focus/scholarly-recollection.json","","caster","unmatched","Target/object placement needs manual review; caster placement would be misleading"
"Scintillating Safeguard","Compendium.pf2e.spells-srd.Item.9W2Qv0wXLg6tQg3y","spells/rank-6/scintillating-safeguard.json","","caster","unmatched","Target/object placement needs manual review; caster placement would be misleading"
"Scorching Blast","Compendium.pf2e.spells-srd.Item.5QD75UbyB5EiG3yz","spells/rank-1/scorching-blast.json","Fire","damage","review","Variable, sustained or open-ended duration requires review"
"Scouring Pulse","Compendium.pf2e.spells-srd.Item.9bOqFkewRz7Z3HZ5","spells/rank-5/scouring-pulse.json","","area","unmatched","No suitable supported visual theme"
"Scouring Sand","Compendium.pf2e.spells-srd.Item.HGmBY8KjgLV97nUp","spells/rank-1/scouring-sand.json","Sand","area","review","Sustained expiration requires GM review"
"Scouting Eye","Compendium.pf2e.spells-srd.Item.Ek5XI0aEdZhBgm21","spells/rank-5/scouting-eye.json","","caster","unmatched","Sustained expiration requires GM review"
"Scramble Body","Compendium.pf2e.spells-srd.Item.XcMObj2p9nIBp53b","focus/scramble-body.json","","caster","unmatched","Target/object placement needs manual review; caster placement would be misleading"
"Scrounger's Glee","Compendium.pf2e.spells-srd.Item.VNv96dJPi0WXKSFN","focus/scroungers-glee.json","","caster","unmatched","Sustained expiration requires GM review"
"Scrying","Compendium.pf2e.spells-srd.Item.r784cIz17eWujtQj","spells/rank-6/scrying.json","","caster","unmatched","Sustained expiration requires GM review"
"Scrying Ripples","Compendium.pf2e.spells-srd.Item.k1apwY0ROoMKlvLt","spells/rank-3/scrying-ripples.json","","caster","unmatched","Sustained expiration requires GM review"
"Sculpt Appearance","Compendium.pf2e.spells-srd.Item.90CYsk0cB2V6dRPQ","rituals/sculpt-appearance.json","","caster","unmatched","Variable, sustained or open-ended duration requires review"
"Sculpt Sound","Compendium.pf2e.spells-srd.Item.HHGUBGle4OjoxvNR","spells/rank-3/sculpt-sound.json","","caster","unmatched","Target/object placement needs manual review; caster placement would be misleading"
"Sea of Thought","Compendium.pf2e.spells-srd.Item.tSosbMsftXcRaQgT","spells/rank-3/sea-of-thought.json","","area","unmatched","No suitable supported visual theme"
"Sea Surge","Compendium.pf2e.spells-srd.Item.cf7Jkm39uEjUFtHt","spells/rank-2/sea-surge.json","","damage","unmatched","Variable, sustained or open-ended duration requires review"
"Seal Fate","Compendium.pf2e.spells-srd.Item.gfKhtVsXF3HKSdmY","spells/rank-4/seal-fate.json","","caster","unmatched","Variable, sustained or open-ended duration requires review"
"Seashell of Stolen Sound","Compendium.pf2e.spells-srd.Item.q5vbYgLztQ04FQZg","spells/rank-1/seashell-of-stolen-sound.json","","caster","unmatched","Variable, sustained or open-ended duration requires review"
"Secret Chest","Compendium.pf2e.spells-srd.Item.BoA00y45uDlmou07","spells/rank-5/secret-chest.json","","caster","unmatched","Variable, sustained or open-ended duration requires review"
"Secret Page","Compendium.pf2e.spells-srd.Item.VVAZPCvd4d90qVA1","spells/rank-3/secret-page.json","","caster","unmatched","Variable, sustained or open-ended duration requires review"
"Secure Siege Weapons","Compendium.pf2e.spells-srd.Item.a9og2ZYfr8kAeltU","rituals/secure-siege-weapons.json","","area","unmatched","Base area likely exceeds the 120-cell visual limit"
"See the Unseen","Compendium.pf2e.spells-srd.Item.jwK43yKsHTkJQvQ9","spells/rank-2/see-the-unseen.json","","caster","unmatched","Target/object placement needs manual review; caster placement would be misleading"
"Seed of Mercy","Compendium.pf2e.spells-srd.Item.opXqASAY37ltENB8","rituals/seed-of-mercy.json","","caster","unmatched","Target/object placement needs manual review; caster placement would be misleading"
"Seize Identity","Compendium.pf2e.spells-srd.Item.DOBs5ALM1titPYxe","spells/rank-6/seize-identity.json","","damage","unmatched","Sustained expiration requires GM review"
"Seize Soul","Compendium.pf2e.spells-srd.Item.GYmXvS9NJ7QwfWGg","spells/rank-9/seize-soul.json","","caster","unmatched","Variable, sustained or open-ended duration requires review"
"Sending","Compendium.pf2e.spells-srd.Item.R9xqCBblkS5KE4y7","spells/rank-5/sending.json","","caster","unmatched","Target/object placement needs manual review; caster placement would be misleading"
"Separation","Compendium.pf2e.spells-srd.Item.jh6d9n4VQTeOewEU","rituals/separation.json","","caster","unmatched","Variable, sustained or open-ended duration requires review"
"Sepulchral Mask","Compendium.pf2e.spells-srd.Item.3mINzPzup2m9qzFU","focus/sepulchral-mask.json","","area","unmatched","No suitable supported visual theme"
"Serrate","Compendium.pf2e.spells-srd.Item.YKexU7BkwNq4ESCc","focus/serrate.json","","caster","unmatched","Target/object placement needs manual review; caster placement would be misleading"
"Shadow Army","Compendium.pf2e.spells-srd.Item.hvKtmoHwekDZ5iOH","spells/rank-10/shadow-army.json","","area","unmatched","Base area likely exceeds the 120-cell visual limit"
"Shadow Blast","Compendium.pf2e.spells-srd.Item.IqJ9URobmJ9L9UBG","spells/rank-5/shadow-blast.json","","area","unmatched","No suitable supported visual theme"
"Shadow Double","Compendium.pf2e.spells-srd.Item.h5UqEdeqK8iTcU0J","rituals/shadow-double.json","","caster","unmatched","Target/object placement needs manual review; caster placement would be misleading"
"Shadow Illusion","Compendium.pf2e.spells-srd.Item.EOWh6VVcSjB3WPjX","focus/shadow-illusion.json","","damage","unmatched","Sustained expiration requires GM review"
"Shadow Jump","Compendium.pf2e.spells-srd.Item.5ttAVJbWg2GVKmrN","focus/shadow-jump.json","","caster","unmatched","Target/object placement needs manual review; caster placement would be misleading"
"Shadow Projectile","Compendium.pf2e.spells-srd.Item.8cuqRFB3mWBOgy61","spells/rank-3/shadow-projectile.json","","damage","unmatched","No suitable supported visual theme"
"Shadow Raid","Compendium.pf2e.spells-srd.Item.VTb0yI6P1bLkzuRr","spells/rank-7/shadow-raid.json","","area","unmatched","No suitable supported visual theme"
"Shadow Siphon","Compendium.pf2e.spells-srd.Item.tcwT97RWKxsJiefG","spells/rank-5/shadow-siphon.json","","caster","unmatched","Target/object placement needs manual review; caster placement would be misleading"
"Shadow Spy","Compendium.pf2e.spells-srd.Item.aq76wpgsVEENDyau","spells/rank-3/shadow-spy.json","","caster","unmatched","Variable, sustained or open-ended duration requires review"
"Shadow Strike","Compendium.pf2e.spells-srd.Item.AZKN2gnZSw2IHsQc","spells/rank-4/shadow-strike.json","","damage","unmatched","No suitable supported visual theme"
"Shadow Zombie","Compendium.pf2e.spells-srd.Item.4Gl3WSUqYjVVIsOg","spells/rank-2/shadow-zombie.json","","caster","unmatched","Variable, sustained or open-ended duration requires review"
"Shadow's Web","Compendium.pf2e.spells-srd.Item.n8eEXXAtguoErW0y","focus/shadows-web.json","","area","unmatched","No suitable supported visual theme"
"Shaken Confidence","Compendium.pf2e.spells-srd.Item.9j35xXKVVtHCh1Pe","focus/shaken-confidence.json","","caster","unmatched","Variable, sustained or open-ended duration requires review"
"Shall not Falter, Shall not Rout","Compendium.pf2e.spells-srd.Item.rnFAHvKpcsU4BJD4","focus/shall-not-falter-shall-not-rout.json","","caster","unmatched","Target/object placement needs manual review; caster placement would be misleading"
"Shambling Horror","Compendium.pf2e.spells-srd.Item.Z82DvtSXafPmh4KV","focus/shambling-horror.json","","caster","unmatched","Target/object placement needs manual review; caster placement would be misleading"
"Shape Stone","Compendium.pf2e.spells-srd.Item.McnPlLFvKtQVXNcG","spells/rank-4/shape-stone.json","","caster","unmatched","Target/object placement needs manual review; caster placement would be misleading"
"Shape Wood","Compendium.pf2e.spells-srd.Item.CXICME10TkEJxz0P","spells/rank-2/shape-wood.json","","caster","unmatched","Target/object placement needs manual review; caster placement would be misleading"
"Share Burden","Compendium.pf2e.spells-srd.Item.cJq5NarY0eOZN74A","focus/share-burden.json","","caster","unmatched","Target/object placement needs manual review; caster placement would be misleading"
"Share Life","Compendium.pf2e.spells-srd.Item.d7Lwx6KAs47MtF0q","spells/rank-2/share-life.json","","caster","unmatched","Target/object placement needs manual review; caster placement would be misleading"
"Share Lore","Compendium.pf2e.spells-srd.Item.nXmC2Xx9WmS5NsAo","spells/rank-1/share-lore.json","","caster","unmatched","Target/object placement needs manual review; caster placement would be misleading"
"Share Vision","Compendium.pf2e.spells-srd.Item.TRlI5zAbNW2hDiH9","focus/share-vision.json","","caster","unmatched","Target/object placement needs manual review; caster placement would be misleading"
"Shared Invisibility","Compendium.pf2e.spells-srd.Item.I0j56TNRmGcTyoqJ","spells/rank-3/shared-invisibility.json","","area","unmatched","No suitable supported visual theme"
"Shared Nightmare","Compendium.pf2e.spells-srd.Item.skvgOWNTitLehL0b","focus/shared-nightmare.json","","caster","unmatched","Variable, sustained or open-ended duration requires review"
"Shatter","Compendium.pf2e.spells-srd.Item.1xbFBQDRs0hT5xZ9","spells/rank-2/shatter.json","","damage","unmatched","No suitable supported visual theme"
"Shatter Mind","Compendium.pf2e.spells-srd.Item.BqJAOPimCq5uCcEJ","focus/shatter-mind.json","","area","unmatched","No suitable supported visual theme"
"Shattering Gem","Compendium.pf2e.spells-srd.Item.0uRpypf1Hi7ahvTl","spells/rank-1/shattering-gem.json","","damage","unmatched","No suitable supported visual theme"
"Sheltering Wings","Compendium.pf2e.spells-srd.Item.gxK5XW4WAXOgY1mN","focus/sheltering-wings.json","","caster","unmatched","Target/object placement needs manual review; caster placement would be misleading"
"Shepherd of Souls","Compendium.pf2e.spells-srd.Item.SzKkzq3Rr6vKIxbp","focus/shepherd-of-souls.json","","caster","unmatched","Target/object placement needs manual review; caster placement would be misleading"
"Shield","Compendium.pf2e.spells-srd.Item.TVKNbcgTee19PXZR","spells/cantrip/shield.json","","caster","unmatched","Variable, sustained or open-ended duration requires review"
"Shielded Arm","Compendium.pf2e.spells-srd.Item.4k99nOJudmeNnBTF","spells/rank-1/shielded-arm.json","","caster","unmatched","Variable, sustained or open-ended duration requires review"
"Shielding Formation","Compendium.pf2e.spells-srd.Item.6QEWTuCKRQQTyoeS","focus/shielding-formation.json","","area","unmatched","Sustained expiration requires GM review"
"Shielding Strike","Compendium.pf2e.spells-srd.Item.53NqGTJOf4LcjVyD","focus/magus/shielding-strike.json","","caster","unmatched","Target/object placement needs manual review; caster placement would be misleading"
"Shields of the Spirit","Compendium.pf2e.spells-srd.Item.ZL97DcoJ8us6EwAF","focus/shields-of-the-spirit.json","","damage","unmatched","No suitable supported visual theme"
"Shift Blame","Compendium.pf2e.spells-srd.Item.lONs4r14LEBZRLLw","spells/rank-3/shift-blame.json","","caster","unmatched","Target/object placement needs manual review; caster placement would be misleading"
"Shift Perspective","Compendium.pf2e.spells-srd.Item.zMgzy1vp9rKBQoan","spells/rank-2/shift-perspective.json","","caster","unmatched","Target/object placement needs manual review; caster placement would be misleading"
"Shifting Form","Compendium.pf2e.spells-srd.Item.SDkIFrrO1PsE02Kd","focus/shifting-form.json","","caster","unmatched","Target/object placement needs manual review; caster placement would be misleading"
"Shifting Sand","Compendium.pf2e.spells-srd.Item.HcIAQZjNXHemoXSU","spells/rank-3/shifting-sand.json","Sand","area","review","Sustained expiration requires GM review"
"Shillelagh","Compendium.pf2e.spells-srd.Item.s3abwDbTV43pGFFW","spells/rank-1/shillelagh.json","","caster","unmatched","Target/object placement needs manual review; caster placement would be misleading"
"Shining Starlight Attack","Compendium.pf2e.spells-srd.Item.yuhhRjqBzFgkKYrq","focus/shining-starlight-attack.json","","area","unmatched","No suitable supported visual theme"
"Shipwreck","Compendium.pf2e.spells-srd.Item.5uWwusDkfmOOlZjK","spells/rank-8/shipwreck.json","","caster","unmatched","Target/object placement needs manual review; caster placement would be misleading"
"Shock and Awe","Compendium.pf2e.spells-srd.Item.Y3qZrvZrqPuGJ2hk","spells/rank-5/shock-and-awe.json","","area","unmatched","Base area likely exceeds the 120-cell visual limit"
"Shock to the System","Compendium.pf2e.spells-srd.Item.M5dp7ILSCKID9fDK","spells/rank-7/shock-to-the-system.json","","caster","unmatched","Target/object placement needs manual review; caster placement would be misleading"
"Shocking Grasp","Compendium.pf2e.spells-srd.Item.r3NeUnsgt9mS03Sn","spells/rank-1/shocking-grasp.json","Lightning Field","damage","enabled","Single electricity damage type"
"Shockwave","Compendium.pf2e.spells-srd.Item.dgCH2E0gMLMUgyFl","spells/rank-1/shockwave.json","","area","unmatched","No suitable supported visual theme"
"Shooting Star","Compendium.pf2e.spells-srd.Item.nVfP43Xbs6I1PO8v","focus/magus/shooting-star.json","","caster","unmatched","Target/object placement needs manual review; caster placement would be misleading"
"Show the Path","Compendium.pf2e.spells-srd.Item.jLc8tHSNeXm0RvMQ","focus/show-the-path.json","","caster","unmatched","Target/object placement needs manual review; caster placement would be misleading"
"Show the Way","Compendium.pf2e.spells-srd.Item.ThE5zPYKF4weiljj","spells/rank-3/show-the-way.json","","area","unmatched","No suitable supported visual theme"
"Shrink","Compendium.pf2e.spells-srd.Item.PjhUmyKnq6K5uDby","spells/rank-2/shrink.json","","caster","unmatched","Target/object placement needs manual review; caster placement would be misleading"
"Shrink Item","Compendium.pf2e.spells-srd.Item.kWh8sJH7yawidMyW","spells/rank-3/shrink-item.json","","caster","unmatched","Variable, sustained or open-ended duration requires review"
"Shrink the Span","Compendium.pf2e.spells-srd.Item.Az3PmWnlWSb5ELX9","focus/shrink-the-span.json","","caster","unmatched","Target/object placement needs manual review; caster placement would be misleading"
"Shroud of Flame","Compendium.pf2e.spells-srd.Item.Q1OWufw6dUiY8yEI","focus/shroud-of-flame.json","Fire","area","review","Sustained expiration requires GM review"
"Shroud of Night","Compendium.pf2e.spells-srd.Item.cE7PRAX8Up7fmYef","focus/shroud-of-night.json","","caster","unmatched","Sustained expiration requires GM review"
"Shroud of the Mantis","Compendium.pf2e.spells-srd.Item.VVigI4uNdWr1XZgG","focus/shroud-of-the-mantis.json","","caster","unmatched","Target/object placement needs manual review; caster placement would be misleading"
"Shroud of the Provinces","Compendium.pf2e.spells-srd.Item.7c3wzL3jj3E8zRsT","rituals/shroud-of-the-provinces.json","","caster","unmatched","Variable, sustained or open-ended duration requires review"
"Siege Weapon's Blessing","Compendium.pf2e.spells-srd.Item.wdb4XIZw1xmki5nr","spells/rank-6/siege-weapons-blessing.json","","caster","unmatched","Target/object placement needs manual review; caster placement would be misleading"
"Sigil","Compendium.pf2e.spells-srd.Item.AUctDF2fqPZN2w4W","spells/cantrip/sigil.json","Runes","caster","review","Variable, sustained or open-ended duration requires review"
"Sign of Conviction","Compendium.pf2e.spells-srd.Item.SxRVCc1Q2MtVuPMo","spells/rank-3/sign-of-conviction.json","Fire","area","review","Sustained expiration requires GM review"
"Signal Skyrocket","Compendium.pf2e.spells-srd.Item.ZrRhweQ7KQ0wKN3m","spells/rank-1/signal-skyrocket.json","","area","unmatched","No suitable supported visual theme"
"Silence","Compendium.pf2e.spells-srd.Item.gIdDLrbswTV3OBJy","spells/rank-2/silence.json","","caster","unmatched","Target/object placement needs manual review; caster placement would be misleading"
"Silver's Refrain","Compendium.pf2e.spells-srd.Item.xM35hJacTM1BSXUl","focus/silvers-refrain.json","","area","unmatched","Base area likely exceeds the 120-cell visual limit"
"Skeletal Lancers","Compendium.pf2e.spells-srd.Item.7wxPCEuw7XHhnfgf","focus/necromancer/skeletal-lancers.json","","caster","unmatched","Target/object placement needs manual review; caster placement would be misleading"
"Skeleton Army","Compendium.pf2e.spells-srd.Item.y1dcR5unn2UwlUR9","spells/rank-6/skeleton-army.json","","caster","unmatched","Variable, sustained or open-ended duration requires review"
"Sky Laughs at Waves","Compendium.pf2e.spells-srd.Item.2C0ftvzTwYgzb3Qt","focus/sky-laughs-at-waves.json","","caster","unmatched","Target/object placement needs manual review; caster placement would be misleading"
"Sky Sight","Compendium.pf2e.spells-srd.Item.ZX8c6ClJtVG6oO4X","spells/rank-1/sky-sight.json","","caster","unmatched","Target/object placement needs manual review; caster placement would be misleading"
"Sky Signs","Compendium.pf2e.spells-srd.Item.sYd3hqv2ZQqa0PSc","rituals/sky-signs.json","","caster","unmatched","Target/object placement needs manual review; caster placement would be misleading"
"Skyglass Prison","Compendium.pf2e.spells-srd.Item.aFBnqTbrjhw0v08g","spells/rank-3/skyglass-prison.json","","damage","unmatched","No suitable supported visual theme"
"Slashing Gust","Compendium.pf2e.spells-srd.Item.1Yoipc5jNcMehtEW","spells/cantrip/slashing-gust.json","","damage","unmatched","No suitable supported visual theme"
"Sleep","Compendium.pf2e.spells-srd.Item.o4lRVTwSxnOOn5vl","spells/rank-1/sleep.json","","area","unmatched","No suitable supported visual theme"
"Sleepless Season","Compendium.pf2e.spells-srd.Item.bTFWSpHEvXq8IK37","rituals/sleepless-season.json","","area","unmatched","Base area likely exceeds the 120-cell visual limit"
"Sliding Blocks","Compendium.pf2e.spells-srd.Item.avEutOjF2ox947fp","spells/rank-4/sliding-blocks.json","","caster","unmatched","Sustained expiration requires GM review"
"Slime Spit","Compendium.pf2e.spells-srd.Item.hWtB81P2KGzGHKAJ","focus/slime-spit.json","","damage","unmatched","No suitable supported visual theme"
"Slither","Compendium.pf2e.spells-srd.Item.xFp4EwVcYwSG336t","spells/rank-5/slither.json","","area","unmatched","Mixed damage types: piercing, poison"
"Slough Skin","Compendium.pf2e.spells-srd.Item.X3dYByf3YmkcdwG0","spells/rank-2/slough-skin.json","","caster","unmatched","Target/object placement needs manual review; caster placement would be misleading"
"Slow","Compendium.pf2e.spells-srd.Item.WsUwpfmhKrKwoIe3","spells/rank-3/slow.json","","caster","unmatched","Target/object placement needs manual review; caster placement would be misleading"
"Snake Fangs","Compendium.pf2e.spells-srd.Item.wLWMswY7aBHEFTRb","spells/rank-4/snake-fangs.json","","caster","unmatched","Target/object placement needs manual review; caster placement would be misleading"
"Snare Hopping","Compendium.pf2e.spells-srd.Item.dDt8VFuLuhznT19v","focus/snare-hopping.json","","caster","unmatched","Target/object placement needs manual review; caster placement would be misleading"
"Snowball","Compendium.pf2e.spells-srd.Item.W6QlRwQLPoBSw6PZ","spells/rank-1/snowball.json","Frost","damage","enabled","Single cold damage type"
"Soft Landing","Compendium.pf2e.spells-srd.Item.TLmkJ8ga8s057HBp","spells/rank-4/soft-landing.json","","area","unmatched","Base area likely exceeds the 120-cell visual limit"
"Solid Fog","Compendium.pf2e.spells-srd.Item.piMJO6aYeDJbrhEo","spells/rank-4/solid-fog.json","Smoke","area","enabled","Curated solid-fog visual theme"
"Sonata Span","Compendium.pf2e.spells-srd.Item.Yv3AFIO55FONQYMH","spells/rank-2/sonata-span.json","","area","unmatched","Sustained expiration requires GM review"
"Song of Marching","Compendium.pf2e.spells-srd.Item.LTUaK3smfm5eDiFK","focus/song-of-marching.json","","area","unmatched","Base area likely exceeds the 120-cell visual limit"
"Song of Silver","Compendium.pf2e.spells-srd.Item.HYXyMFsH0K80etBI","rituals/song-of-silver.json","","caster","unmatched","Variable, sustained or open-ended duration requires review"
"Song of Strength","Compendium.pf2e.spells-srd.Item.Xxdwkt0EEDgP1LGc","focus/song-of-strength.json","","area","unmatched","Base area likely exceeds the 120-cell visual limit"
"Song of the Fallen","Compendium.pf2e.spells-srd.Item.IGXGs9PlqUCvODcH","focus/song-of-the-fallen.json","","caster","unmatched","Sustained expiration requires GM review"
"Song of the Soul","Compendium.pf2e.spells-srd.Item.oRKmyZPwGafCaFT2","focus/necromancer/song-of-the-soul.json","","caster","unmatched","Target/object placement needs manual review; caster placement would be misleading"
"Songbird's Call","Compendium.pf2e.spells-srd.Item.CzMCiFbgLj1irnP4","focus/songbirds-call.json","","area","unmatched","Sustained expiration requires GM review"
"Soothe","Compendium.pf2e.spells-srd.Item.szIyEsvihc5e1w8n","spells/rank-1/soothe.json","","caster","unmatched","Target/object placement needs manual review; caster placement would be misleading"
"Soothing Ballad","Compendium.pf2e.spells-srd.Item.0JigNJDRwevZOyjI","focus/soothing-ballad.json","","caster","unmatched","Target/object placement needs manual review; caster placement would be misleading"
"Soothing Blossoms","Compendium.pf2e.spells-srd.Item.5XUn9NADr05IyiVw","spells/rank-3/soothing-blossoms.json","","area","unmatched","No suitable supported visual theme"
"Soothing Mist","Compendium.pf2e.spells-srd.Item.RGBZrVRIEDb2G48h","focus/soothing-mist.json","","damage","unmatched","No suitable supported visual theme"
"Soothing Spring","Compendium.pf2e.spells-srd.Item.fH08MI4KP0KH2EQ9","spells/rank-4/soothing-spring.json","","caster","unmatched","Target/object placement needs manual review; caster placement would be misleading"
"Soothing Words","Compendium.pf2e.spells-srd.Item.YGRpHU5yxw73mls8","focus/soothing-words.json","","caster","unmatched","Target/object placement needs manual review; caster placement would be misleading"
"Soul Cutter","Compendium.pf2e.spells-srd.Item.IRCUS6oX4SaiSMqF","spells/rank-3/soul-cutter.json","","caster","unmatched","Target/object placement needs manual review; caster placement would be misleading"
"Soul Siphon","Compendium.pf2e.spells-srd.Item.D6T17BdazhNy3KPm","focus/soul-siphon.json","","damage","unmatched","No suitable supported visual theme"
"Soulshelter Vessel","Compendium.pf2e.spells-srd.Item.wYSLTNvmxbe78l2c","focus/soulshelter-vessel.json","","caster","unmatched","Target/object placement needs manual review; caster placement would be misleading"
"Sound Body","Compendium.pf2e.spells-srd.Item.Et8RSCLx8w7uOLvo","spells/rank-2/sound-body.json","","caster","unmatched","Target/object placement needs manual review; caster placement would be misleading"
"Space Fold Gate","Compendium.pf2e.spells-srd.Item.CVyAG7mXrs868UyB","spells/rank-5/space-fold-gate.json","Portal","caster","review","Target/object placement needs manual review; caster placement would be misleading"
"Sparkleskin","Compendium.pf2e.spells-srd.Item.KAWQ5x2j4tUJ91ry","spells/rank-3/sparkleskin.json","","area","unmatched","No suitable supported visual theme"
"Speak with Animals","Compendium.pf2e.spells-srd.Item.BBvV7qoXGdw09q1C","spells/rank-2/speak-with-animals.json","","caster","unmatched","Target/object placement needs manual review; caster placement would be misleading"
"Speak With Magic","Compendium.pf2e.spells-srd.Item.trxGUCs2MB9DbeZ0","spells/rank-3/speak-with-magic.json","","caster","unmatched","Target/object placement needs manual review; caster placement would be misleading"
"Speak with Plants","Compendium.pf2e.spells-srd.Item.qvwIwJ9QBihy8R0t","spells/rank-3/speak-with-plants.json","","caster","unmatched","Target/object placement needs manual review; caster placement would be misleading"
"Speak with Stones","Compendium.pf2e.spells-srd.Item.YIMampGpij4Y30yE","spells/rank-5/speak-with-stones.json","","caster","unmatched","Target/object placement needs manual review; caster placement would be misleading"
"Speak With Water","Compendium.pf2e.spells-srd.Item.9F4qWQ1ITWFSNDiz","spells/rank-6/speak-with-water.json","","caster","unmatched","Target/object placement needs manual review; caster placement would be misleading"
"Speaking Sky","Compendium.pf2e.spells-srd.Item.Zvg0FWzClGbzucFd","focus/speaking-sky.json","","caster","unmatched","Target/object placement needs manual review; caster placement would be misleading"
"Spectral Advance","Compendium.pf2e.spells-srd.Item.VNAOHrWhNYX3jKdy","focus/spectral-advance.json","","caster","unmatched","Target/object placement needs manual review; caster placement would be misleading"
"Spectral Blade","Compendium.pf2e.spells-srd.Item.wzwmvdBjqRSSvfG7","spells/rank-3/spectral-blade.json","","damage","unmatched","No suitable supported visual theme"
"Spell Immunity","Compendium.pf2e.spells-srd.Item.tgIhRUFtgDSELpJE","spells/rank-4/spell-immunity.json","","caster","unmatched","Variable, sustained or open-ended duration requires review"
"Spell Riposte","Compendium.pf2e.spells-srd.Item.9igi8LcrNQKwljK7","spells/rank-7/spell-riposte.json","","caster","unmatched","Target/object placement needs manual review; caster placement would be misleading"
"Spell Turning","Compendium.pf2e.spells-srd.Item.OOELvfkTedBMlWtq","spells/rank-7/spell-turning.json","","caster","unmatched","Target/object placement needs manual review; caster placement would be misleading"
"Spellmaster's Ward","Compendium.pf2e.spells-srd.Item.VrhCpCIQB8PFax77","focus/spellmasters-ward.json","","caster","unmatched","Sustained expiration requires GM review"
"Spellsurge","Compendium.pf2e.spells-srd.Item.XIgvCPaSy5WXStVD","focus/spellsurge.json","","area","unmatched","No suitable supported visual theme"
"Spellwrack","Compendium.pf2e.spells-srd.Item.8Umt1AzYfFbC4fui","spells/rank-6/spellwrack.json","","caster","unmatched","Target/object placement needs manual review; caster placement would be misleading"
"Spider Sting","Compendium.pf2e.spells-srd.Item.DYdvMZ8G2LiSLVWw","spells/rank-1/spider-sting.json","","damage","unmatched","No suitable supported visual theme"
"Spike Stones","Compendium.pf2e.spells-srd.Item.3xD8DYrr8YDVYGg7","spells/rank-4/spike-stones.json","","area","unmatched","No suitable supported visual theme"
"Spiked Carapace","Compendium.pf2e.spells-srd.Item.nDgrpbKICpjUz372","spells/rank-5/spiked-carapace.json","Blood","damage","review","Mixed damage types: piercing, bleed"
"Spinning Staff","Compendium.pf2e.spells-srd.Item.KAapTzGKJMbMQCL1","focus/magus/spinning-staff.json","","caster","unmatched","Target/object placement needs manual review; caster placement would be misleading"
"Spiral of Horrors","Compendium.pf2e.spells-srd.Item.KPGGkyBFbKse7KpK","focus/spiral-of-horrors.json","","area","unmatched","Sustained expiration requires GM review"
"Spirit Blast","Compendium.pf2e.spells-srd.Item.PHVHBbdHeQRfjLmE","spells/rank-6/spirit-blast.json","","damage","unmatched","No suitable supported visual theme"
"Spirit Link","Compendium.pf2e.spells-srd.Item.yHujiDQPdtXW797e","spells/rank-1/spirit-link.json","","caster","unmatched","Target/object placement needs manual review; caster placement would be misleading"
"Spirit Object","Compendium.pf2e.spells-srd.Item.yp4w9SG4RuqRM8KD","focus/spirit-object.json","","caster","unmatched","Target/object placement needs manual review; caster placement would be misleading"
"Spirit of the Beast","Compendium.pf2e.spells-srd.Item.wgAsL86ji5hulh7x","focus/spirit-of-the-beast.json","","caster","unmatched","Target/object placement needs manual review; caster placement would be misleading"
"Spirit Sense","Compendium.pf2e.spells-srd.Item.3ehSrqTAm7IPqbIZ","spells/rank-2/spirit-sense.json","","area","unmatched","No suitable supported visual theme"
"Spirit Song","Compendium.pf2e.spells-srd.Item.Ht35SDf9PDStJfoC","spells/rank-8/spirit-song.json","","area","unmatched","No suitable supported visual theme"
"Spirit Veil","Compendium.pf2e.spells-srd.Item.pQ3NIzZXeIIcU81C","focus/spirit-veil.json","","caster","unmatched","Target/object placement needs manual review; caster placement would be misleading"
"Spirit Ward","Compendium.pf2e.spells-srd.Item.MFtXn7t5vApQXqlq","spells/rank-1/spirit-ward.json","","area","unmatched","Sustained expiration requires GM review"
"Spiritual Anamnesis","Compendium.pf2e.spells-srd.Item.Jli9WBjQZ2MmKJ8y","spells/rank-4/spiritual-anamnesis.json","","caster","unmatched","Variable, sustained or open-ended duration requires review"
"Spiritual Armament","Compendium.pf2e.spells-srd.Item.WPu3UE3kTXSLqO40","spells/rank-2/spiritual-armament.json","","damage","unmatched","Sustained expiration requires GM review"
"Spiritual Attunement","Compendium.pf2e.spells-srd.Item.GjmMFEJcDd6MDG2P","spells/rank-4/spiritual-attunement.json","","caster","unmatched","Target/object placement needs manual review; caster placement would be misleading"
"Spiritual Epidemic","Compendium.pf2e.spells-srd.Item.MS60WhVifb45qORJ","spells/rank-8/spiritual-epidemic.json","","caster","unmatched","Variable, sustained or open-ended duration requires review"
"Spiritual Guardian","Compendium.pf2e.spells-srd.Item.jQdm301h6e8hIY4U","spells/rank-5/spiritual-guardian.json","","damage","unmatched","Sustained expiration requires GM review"
"Spiritual Renewal","Compendium.pf2e.spells-srd.Item.tBC1QmB33KWIuBFX","spells/rank-4/spiritual-renewal.json","","caster","unmatched","Target/object placement needs manual review; caster placement would be misleading"
"Spiritual Torrent","Compendium.pf2e.spells-srd.Item.Y1YysjZ40ft0aLFN","spells/rank-5/spiritual-torrent.json","","area","unmatched","No suitable supported visual theme"
"Spiritual Transport","Compendium.pf2e.spells-srd.Item.6o75SEEYjdaMDkoG","spells/rank-5/spiritual-transport.json","","caster","unmatched","Target/object placement needs manual review; caster placement would be misleading"
"Spiritual Weapon","Compendium.pf2e.spells-srd.Item.Fq9yCbqI2RDt6Orw","spells/rank-2/spiritual-weapon.json","","damage","unmatched","Sustained expiration requires GM review"
"Splinter Volley","Compendium.pf2e.spells-srd.Item.Bc6QqTmFV4q7G7L0","spells/rank-2/splinter-volley.json","","damage","unmatched","No suitable supported visual theme"
"Split Shadow","Compendium.pf2e.spells-srd.Item.Y9w4TYnb8cXU4UKY","rituals/split-shadow.json","","caster","unmatched","Target/object placement needs manual review; caster placement would be misleading"
"Split the Tongue","Compendium.pf2e.spells-srd.Item.lXxP1ziyf4ozkpmv","focus/split-the-tongue.json","","damage","unmatched","No suitable supported visual theme"
"Spontaneous Cartography","Compendium.pf2e.spells-srd.Item.UMngJlyjDWdFyKCi","spells/rank-3/spontaneous-cartography.json","","caster","unmatched","Target/object placement needs manual review; caster placement would be misleading"
"Spout","Compendium.pf2e.spells-srd.Item.eSL5hVT9gXrnRLtd","spells/cantrip/spout.json","","area","unmatched","No suitable supported visual theme"
"Sprawling Tunnels","Compendium.pf2e.spells-srd.Item.rsYeiz2V2KeEfjpr","rituals/sprawling-tunnels.json","","caster","unmatched","Variable, sustained or open-ended duration requires review"
"Spray of Stars","Compendium.pf2e.spells-srd.Item.mlNYROcFrUF8nFgk","focus/spray-of-stars.json","Fire","area","enabled","Single fire damage type"
"Spy's Mark","Compendium.pf2e.spells-srd.Item.LFcGNGLMkGlsnEKQ","spells/rank-2/spys-mark.json","","caster","unmatched","Target/object placement needs manual review; caster placement would be misleading"
"Stabilize","Compendium.pf2e.spells-srd.Item.SnjhtQYexDtNDdEg","spells/cantrip/stabilize.json","","caster","unmatched","Target/object placement needs manual review; caster placement would be misleading"
"Stagnate Time","Compendium.pf2e.spells-srd.Item.3E1p58MNQMO4GAxt","spells/rank-5/stagnate-time.json","","area","unmatched","No suitable supported visual theme"
"Stars of Another Sky","Compendium.pf2e.spells-srd.Item.o4ew3prcQTQ8suoa","spells/rank-8/stars-of-another-sky.json","","area","unmatched","Sustained expiration requires GM review"
"Stasis","Compendium.pf2e.spells-srd.Item.cOwSsSXRsBaXUvlr","focus/stasis.json","","caster","unmatched","Variable, sustained or open-ended duration requires review"
"Statuette","Compendium.pf2e.spells-srd.Item.29AyhknPKiDBcy8s","rituals/statuette.json","","caster","unmatched","Target/object placement needs manual review; caster placement would be misleading"
"Status","Compendium.pf2e.spells-srd.Item.HTou8cG05yuSkesj","spells/rank-2/status.json","","caster","unmatched","Variable, sustained or open-ended duration requires review"
"Steal Shadow","Compendium.pf2e.spells-srd.Item.0chL1b4OFIZxpN3v","focus/steal-shadow.json","","damage","unmatched","Sustained expiration requires GM review"
"Steal the Sky","Compendium.pf2e.spells-srd.Item.zoY0fQYTF1NzezTg","focus/steal-the-sky.json","","caster","unmatched","Target/object placement needs manual review; caster placement would be misleading"
"Steal Voice","Compendium.pf2e.spells-srd.Item.5LrQIlimsPXK2xAG","spells/rank-4/steal-voice.json","","caster","unmatched","Target/object placement needs manual review; caster placement would be misleading"
"Steel Fortifications","Compendium.pf2e.spells-srd.Item.wQDrc0LDWaBA5Xa8","spells/rank-2/steel-fortifications.json","","caster","unmatched","Target/object placement needs manual review; caster placement would be misleading"
"Stick On","Compendium.pf2e.spells-srd.Item.5px35eHXGxHeT3am","spells/rank-1/stick-on.json","","caster","unmatched","Target/object placement needs manual review; caster placement would be misleading"
"Sticky Fire","Compendium.pf2e.spells-srd.Item.Vseo7VIy8mzINUES","spells/rank-2/sticky-fire.json","Fire","damage","enabled","Single fire damage type"
"Stifling Stillness","Compendium.pf2e.spells-srd.Item.bAxjHBi37CVwInfU","spells/rank-4/stifling-stillness.json","","area","unmatched","No suitable supported visual theme"
"Still Life Storage","Compendium.pf2e.spells-srd.Item.RqUpZmKtfnDEKkcf","rituals/still-life-storage.json","","caster","unmatched","Variable, sustained or open-ended duration requires review"
"Sting of the Sea","Compendium.pf2e.spells-srd.Item.jyYBuGRfpkZz2kxs","focus/sting-of-the-sea.json","","caster","unmatched","Sustained expiration requires GM review"
"Stinking Cloud","Compendium.pf2e.spells-srd.Item.GKpEcy9WId6NJvtx","spells/rank-3/stinking-cloud.json","","area","unmatched","No suitable supported visual theme"
"Stoke the Heart","Compendium.pf2e.spells-srd.Item.GeUbPvwdZ4B4l0up","focus/stoke-the-heart.json","","caster","unmatched","Sustained expiration requires GM review"
"Stone Lance","Compendium.pf2e.spells-srd.Item.ECApRjIIxD0JogOa","focus/stone-lance.json","","damage","unmatched","No suitable supported visual theme"
"Stone to Flesh","Compendium.pf2e.spells-srd.Item.Pr1ruNTbzGn3H9w5","spells/rank-6/stone-to-flesh.json","","caster","unmatched","Target/object placement needs manual review; caster placement would be misleading"
"Stonesense","Compendium.pf2e.spells-srd.Item.UVLiBXLLAoWhUU4R","spells/rank-4/stonesense.json","","caster","unmatched","Sustained expiration requires GM review"
"Stop Heart","Compendium.pf2e.spells-srd.Item.rwbL3oBniZZeJc2f","spells/rank-8/stop-heart.json","","damage","unmatched","No suitable supported visual theme"
"Store Time","Compendium.pf2e.spells-srd.Item.FZMVLL7HvasjiM6D","focus/store-time.json","","caster","unmatched","Sustained expiration requires GM review"
"Storm Lord","Compendium.pf2e.spells-srd.Item.XYhU3Wi94n1RKxTa","focus/storm-lord.json","Lightning Field","area","review","Base area likely exceeds the 120-cell visual limit"
"Storm of Vengeance","Compendium.pf2e.spells-srd.Item.r4HLQcYwB62bTayl","spells/rank-9/storm-of-vengeance.json","","area","unmatched","Base area likely exceeds the 120-cell visual limit"
"Stormburst","Compendium.pf2e.spells-srd.Item.Ifc2b6bNVdjKV7Si","spells/rank-5/stormburst.json","Lightning Field","area","enabled","Single electricity damage type"
"Stormwind Flight","Compendium.pf2e.spells-srd.Item.gSFg9zKwgcNZLMEs","focus/stormwind-flight.json","","caster","unmatched","Target/object placement needs manual review; caster placement would be misleading"
"Strange Geometry","Compendium.pf2e.spells-srd.Item.m4Mc5XbdML92BKOE","spells/rank-5/strange-geometry.json","","area","unmatched","No suitable supported visual theme"
"Strength of Mind","Compendium.pf2e.spells-srd.Item.aMvjaIuPIWN7pbc3","spells/rank-3/strength-of-mind.json","","caster","unmatched","Target/object placement needs manual review; caster placement would be misleading"
"String of Fate","Compendium.pf2e.spells-srd.Item.qjUcAMgcSLIamjEq","focus/string-of-fate.json","","caster","unmatched","Sustained expiration requires GM review"
"Stumbling Curse","Compendium.pf2e.spells-srd.Item.X8PSYw6WC2ePYSXd","focus/stumbling-curse.json","","caster","unmatched","Sustained expiration requires GM review"
"Stupefy","Compendium.pf2e.spells-srd.Item.CQb8HtQ1BPeZmu9h","spells/rank-2/stupefy.json","","caster","unmatched","Variable, sustained or open-ended duration requires review"
"Subconscious Suggestion","Compendium.pf2e.spells-srd.Item.GP3wewkQXEPrLxYj","spells/rank-5/subconscious-suggestion.json","","caster","unmatched","Variable, sustained or open-ended duration requires review"
"Subjugate Undead","Compendium.pf2e.spells-srd.Item.Cd6Crl4wpQaMSYrF","focus/subjugate-undead.json","","caster","unmatched","Variable, sustained or open-ended duration requires review"
"Sudden Blight","Compendium.pf2e.spells-srd.Item.XFtO4BBI22Uox2QP","spells/rank-2/sudden-blight.json","","area","unmatched","No suitable supported visual theme"
"Sudden Bolt","Compendium.pf2e.spells-srd.Item.zK0e9d9DSnxC4eAD","spells/rank-2/sudden-bolt.json","Lightning Field","damage","enabled","Single electricity damage type"
"Sudden Recollection","Compendium.pf2e.spells-srd.Item.h5cMTygLpjY3IEF0","spells/rank-3/sudden-recollection.json","","caster","unmatched","Variable, sustained or open-ended duration requires review"
"Sudden Shift","Compendium.pf2e.spells-srd.Item.P9bqJsF3WkxGAJKJ","focus/sudden-shift.json","","caster","unmatched","Variable, sustained or open-ended duration requires review"
"Sudden Swarm","Compendium.pf2e.spells-srd.Item.9mm8RvPlD0wyb4S5","spells/rank-4/sudden-swarm.json","","damage","unmatched","Sustained expiration requires GM review"
"Sudden Transposition","Compendium.pf2e.spells-srd.Item.2DFtBRLyYMPrimp7","spells/rank-8/sudden-transposition.json","","area","unmatched","Base area likely exceeds the 120-cell visual limit"
"Suffocate","Compendium.pf2e.spells-srd.Item.qGWORxQ0aSsH2taf","focus/suffocate.json","","damage","unmatched","Sustained expiration requires GM review"
"Suggestion","Compendium.pf2e.spells-srd.Item.qwlh6aDgi86U3Q7H","spells/rank-4/suggestion.json","","caster","unmatched","Variable, sustained or open-ended duration requires review"
"Summerland Spell","Compendium.pf2e.spells-srd.Item.aVqsE5OedOwdHQvF","rituals/summerland-spell.json","","area","unmatched","Base area likely exceeds the 120-cell visual limit"
"Summon Anarch","Compendium.pf2e.spells-srd.Item.n8ckecJpatSBEp7M","spells/rank-5/summon-anarch.json","","caster","unmatched","Sustained expiration requires GM review"
"Summon Ancient Fleshforged","Compendium.pf2e.spells-srd.Item.tgJTm276cikEL8vU","spells/rank-9/summon-ancient-fleshforged.json","","area","unmatched","Variable, sustained or open-ended duration requires review"
"Summon Animal","Compendium.pf2e.spells-srd.Item.4YnON9JHYqtLzccu","spells/rank-1/summon-animal.json","","caster","unmatched","Sustained expiration requires GM review"
"Summon Axiom","Compendium.pf2e.spells-srd.Item.ba12fO37w7O37gim","spells/rank-5/summon-axiom.json","","caster","unmatched","Sustained expiration requires GM review"
"Summon Celestial","Compendium.pf2e.spells-srd.Item.lTDixrrNKaCvLKwX","spells/rank-5/summon-celestial.json","","caster","unmatched","Sustained expiration requires GM review"
"Summon Construct","Compendium.pf2e.spells-srd.Item.lKcsmeOrgHtK4xQa","spells/rank-1/summon-construct.json","","caster","unmatched","Sustained expiration requires GM review"
"Summon Dragon","Compendium.pf2e.spells-srd.Item.kghwmH3tQjMIhdH1","spells/rank-5/summon-dragon.json","","caster","unmatched","Sustained expiration requires GM review"
"Summon Elemental","Compendium.pf2e.spells-srd.Item.lpT6LotUaQPfinjj","spells/rank-2/summon-elemental.json","","caster","unmatched","Sustained expiration requires GM review"
"Summon Elemental Herald","Compendium.pf2e.spells-srd.Item.kVNo3ga0lwLKPrem","spells/rank-8/summon-elemental-herald.json","","area","unmatched","Variable, sustained or open-ended duration requires review"
"Summon Entity","Compendium.pf2e.spells-srd.Item.i1TvBID5QLyXrUCa","spells/rank-5/summon-entity.json","","caster","unmatched","Sustained expiration requires GM review"
"Summon Fey","Compendium.pf2e.spells-srd.Item.hs7h8f4Z1ZNdUt3s","spells/rank-1/summon-fey.json","","caster","unmatched","Sustained expiration requires GM review"
"Summon Fiend","Compendium.pf2e.spells-srd.Item.29ytKctjg7qSW2ff","spells/rank-5/summon-fiend.json","","caster","unmatched","Sustained expiration requires GM review"
"Summon Giant","Compendium.pf2e.spells-srd.Item.e9UJoVYUd5kJWUpi","spells/rank-5/summon-giant.json","","caster","unmatched","Sustained expiration requires GM review"
"Summon Healing Servitor","Compendium.pf2e.spells-srd.Item.3r897dYO8oYvuyn5","spells/rank-5/summon-healing-servitor.json","","area","unmatched","Variable, sustained or open-ended duration requires review"
"Summon Instrument","Compendium.pf2e.spells-srd.Item.yvs1zN5Pai5U4CJX","spells/cantrip/summon-instrument.json","","caster","unmatched","Target/object placement needs manual review; caster placement would be misleading"
"Summon Irii","Compendium.pf2e.spells-srd.Item.4ONjK2hoMBmuAAyk","spells/rank-8/summon-irii.json","","area","unmatched","Variable, sustained or open-ended duration requires review"
"Summon Lesser Servitor","Compendium.pf2e.spells-srd.Item.B0FZLkoHsiRgw7gv","spells/rank-1/summon-lesser-servitor.json","","caster","unmatched","Sustained expiration requires GM review"
"Summon Monitor","Compendium.pf2e.spells-srd.Item.ZbEHglw5tkJ3grQZ","spells/rank-5/summon-monitor.json","","caster","unmatched","Sustained expiration requires GM review"
"Summon Oliphaunt of Jandelay","Compendium.pf2e.spells-srd.Item.Ywe64VHwcBOAWBtq","spells/rank-10/summon-oliphaunt-of-jandelay.json","","area","unmatched","Variable, sustained or open-ended duration requires review"
"Summon Plant or Fungus","Compendium.pf2e.spells-srd.Item.jSRAyd57kd4WZ4yE","spells/rank-1/summon-plant-or-fungus.json","","caster","unmatched","Sustained expiration requires GM review"
"Summon Stampede","Compendium.pf2e.spells-srd.Item.XWqxMJpCT95A0dZs","spells/rank-7/summon-stampede.json","","area","unmatched","Variable, sustained or open-ended duration requires review"
"Summon Undead","Compendium.pf2e.spells-srd.Item.9WGeBwIIbbUuWKq0","spells/rank-1/summon-undead.json","","caster","unmatched","Sustained expiration requires GM review"
"Summon Warden of the Wild","Compendium.pf2e.spells-srd.Item.l2YoqVPoFE7jpTLe","spells/rank-8/summon-warden-of-the-wild.json","","area","unmatched","Variable, sustained or open-ended duration requires review"
"Summoner's Precaution","Compendium.pf2e.spells-srd.Item.cwXiKPkZrIupjwlQ","spells/rank-2/summoners-precaution.json","","caster","unmatched","Variable, sustained or open-ended duration requires review"
"Summoner's Visage","Compendium.pf2e.spells-srd.Item.vb2dFNtbofJ7A9BW","spells/rank-2/summoners-visage.json","","caster","unmatched","Target/object placement needs manual review; caster placement would be misleading"
"Sun Blade","Compendium.pf2e.spells-srd.Item.pMTltbI3S3UIuFaR","focus/sun-blade.json","Fire","damage","enabled","Single fire damage type"
"Sun's Fury","Compendium.pf2e.spells-srd.Item.LrFUj76CHDBV0vHW","focus/suns-fury.json","","caster","unmatched","Target/object placement needs manual review; caster placement would be misleading"
"Sunburst","Compendium.pf2e.spells-srd.Item.a3aQxCpoj1q1NQxC","spells/rank-7/sunburst.json","Fire","area","review","Base area likely exceeds the 120-cell visual limit"
"Supreme Connection","Compendium.pf2e.spells-srd.Item.6TKGaQm4PfEMkeRd","rituals/supreme-connection.json","","caster","unmatched","Target/object placement needs manual review; caster placement would be misleading"
"Sure Footing","Compendium.pf2e.spells-srd.Item.BCuHKrDeJ4eq53M6","spells/rank-2/sure-footing.json","","caster","unmatched","Target/object placement needs manual review; caster placement would be misleading"
"Sure Strike","Compendium.pf2e.spells-srd.Item.Gb7SeieEvd0pL2Eh","spells/rank-1/sure-strike.json","","caster","unmatched","Variable, sustained or open-ended duration requires review"
"Suspended Retribution","Compendium.pf2e.spells-srd.Item.k0qJfSZH5xUEggwU","spells/rank-6/suspended-retribution.json","","damage","unmatched","No suitable supported visual theme"
"Swallow Light","Compendium.pf2e.spells-srd.Item.4Sg6ZngswhphxiBD","spells/rank-2/swallow-light.json","Frost","area","review","Mixed damage types: cold, void"
"Swamp of Sloth","Compendium.pf2e.spells-srd.Item.iQD8OhhkwhvD8Blw","focus/swamp-of-sloth.json","","damage","unmatched","No suitable supported visual theme"
"Swampcall","Compendium.pf2e.spells-srd.Item.lbrWMnS2pecKaSVB","spells/rank-1/swampcall.json","","area","unmatched","No suitable supported visual theme"
"Swarm Form","Compendium.pf2e.spells-srd.Item.Pd2M1XY8EXrSfWgJ","focus/swarm-form.json","","caster","unmatched","Target/object placement needs manual review; caster placement would be misleading"
"Swarming Wasp Stings","Compendium.pf2e.spells-srd.Item.LVwmAH5NGvTuuQSU","spells/rank-4/swarming-wasp-stings.json","","damage","unmatched","No suitable supported visual theme"
"Swarmsense","Compendium.pf2e.spells-srd.Item.5wjl0ZwEvvUh7sor","focus/swarmsense.json","","caster","unmatched","Sustained expiration requires GM review"
"Swear Oath","Compendium.pf2e.spells-srd.Item.AYN0UihkU8Fa8yC6","focus/swear-oath.json","","caster","unmatched","Variable, sustained or open-ended duration requires review"
"Sweet Dream","Compendium.pf2e.spells-srd.Item.BRtKFk0PKfWIlCAB","focus/sweet-dream.json","","caster","unmatched","Target/object placement needs manual review; caster placement would be misleading"
"Sweetest Solstice","Compendium.pf2e.spells-srd.Item.wAJ8mXPYbyAg0qWX","rituals/sweetest-solstice.json","","caster","unmatched","Target/object placement needs manual review; caster placement would be misleading"
"Symphony of the Unfettered Heart","Compendium.pf2e.spells-srd.Item.ZAX0OOcKtYMQlquR","focus/symphony-of-the-unfettered-heart.json","","caster","unmatched","Target/object placement needs manual review; caster placement would be misleading"
"Synaptic Pulse","Compendium.pf2e.spells-srd.Item.BilnTGuXrof9Dt9D","spells/rank-5/synaptic-pulse.json","","area","unmatched","No suitable supported visual theme"
"Synchronize","Compendium.pf2e.spells-srd.Item.DgcSiOCR1uDXGaEA","spells/rank-1/synchronize.json","","caster","unmatched","Target/object placement needs manual review; caster placement would be misleading"
"Synchronize Steps","Compendium.pf2e.spells-srd.Item.EeEgzWYcAY7ZQkS6","spells/rank-1/synchronize-steps.json","","caster","unmatched","Sustained expiration requires GM review"
"Synesthesia","Compendium.pf2e.spells-srd.Item.OAt2ZEns1gIOCgrn","spells/rank-5/synesthesia.json","","caster","unmatched","Variable, sustained or open-ended duration requires review"
"Tacky Pine Sap","Compendium.pf2e.spells-srd.Item.S6es42lZUxs3Aocp","spells/rank-2/tacky-pine-sap.json","Fire","area","enabled","Single fire damage type"
"Tailwind","Compendium.pf2e.spells-srd.Item.KcLVELhCUcKXxiKE","spells/rank-1/tailwind.json","","caster","unmatched","Target/object placement needs manual review; caster placement would be misleading"
"Take its Course","Compendium.pf2e.spells-srd.Item.ZeHeNQ5BNq6m5F1j","focus/take-its-course.json","","caster","unmatched","Target/object placement needs manual review; caster placement would be misleading"
"Take Root","Compendium.pf2e.spells-srd.Item.WUNZizIe6rnVHGcr","spells/cantrip/take-root.json","","caster","unmatched","Target/object placement needs manual review; caster placement would be misleading"
"Take Your Places","Compendium.pf2e.spells-srd.Item.bfdiKEZQLVvslcDi","spells/rank-8/take-your-places.json","","caster","unmatched","Target/object placement needs manual review; caster placement would be misleading"
"Talking Corpse","Compendium.pf2e.spells-srd.Item.FM3SmEW8N1FCRjqt","spells/rank-4/talking-corpse.json","","caster","unmatched","Target/object placement needs manual review; caster placement would be misleading"
"Tame","Compendium.pf2e.spells-srd.Item.s7ILzY2xh1tc9U1v","spells/cantrip/tame.json","","caster","unmatched","Target/object placement needs manual review; caster placement would be misleading"
"Tangle Vine","Compendium.pf2e.spells-srd.Item.uZK2BYzPnxUBnDjr","spells/cantrip/tangle-vine.json","","caster","unmatched","Target/object placement needs manual review; caster placement would be misleading"
"Tanglecurse","Compendium.pf2e.spells-srd.Item.BokwLLK7OjK6ggHs","spells/rank-6/tanglecurse.json","","area","unmatched","No suitable supported visual theme"
"Tangling Creepers","Compendium.pf2e.spells-srd.Item.JbAcSLu62TU1OgNF","spells/rank-6/tangling-creepers.json","","area","unmatched","Base area likely exceeds the 120-cell visual limit"
"Tattoo Whispers","Compendium.pf2e.spells-srd.Item.32NpJbPblay77K6v","rituals/tattoo-whispers.json","","caster","unmatched","Target/object placement needs manual review; caster placement would be misleading"
"Tear the Veil","Compendium.pf2e.spells-srd.Item.AoRVRNaLpHZyhoSt","spells/rank-10/tear-the-veil.json","","area","unmatched","Base area likely exceeds the 120-cell visual limit"
"Teeth to Terror","Compendium.pf2e.spells-srd.Item.avT46uIH3xYJPSv4","spells/rank-2/teeth-to-terror.json","","damage","unmatched","No suitable supported visual theme"
"Telekinetic Bombardment","Compendium.pf2e.spells-srd.Item.uc4I1diSSX6XYzb3","spells/rank-7/telekinetic-bombardment.json","","area","unmatched","No suitable supported visual theme"
"Telekinetic Hand","Compendium.pf2e.spells-srd.Item.pwzdSlJgYqN7bs2w","spells/cantrip/telekinetic-hand.json","","caster","unmatched","Sustained expiration requires GM review"
"Telekinetic Haul","Compendium.pf2e.spells-srd.Item.tpLTLbJUrYcMWGld","spells/rank-5/telekinetic-haul.json","","caster","unmatched","Sustained expiration requires GM review"
"Telekinetic Maneuver","Compendium.pf2e.spells-srd.Item.mrDi3v933gsmnw25","spells/rank-2/telekinetic-maneuver.json","","caster","unmatched","Target/object placement needs manual review; caster placement would be misleading"
"Telekinetic Projectile","Compendium.pf2e.spells-srd.Item.60sgbuMWN0268dB7","spells/cantrip/telekinetic-projectile.json","","damage","unmatched","No suitable supported visual theme"
"Telekinetic Rend","Compendium.pf2e.spells-srd.Item.yyz029C9eqfY38PT","focus/telekinetic-rend.json","","area","unmatched","No suitable supported visual theme"
"Telepathic Bond","Compendium.pf2e.spells-srd.Item.gfVXAW95YWRz0pJC","spells/rank-5/telepathic-bond.json","","caster","unmatched","Target/object placement needs manual review; caster placement would be misleading"
"Telepathic Demand","Compendium.pf2e.spells-srd.Item.ItZgGznUBhgWBwFG","spells/rank-9/telepathic-demand.json","","caster","unmatched","Variable, sustained or open-ended duration requires review"
"Telepathy","Compendium.pf2e.spells-srd.Item.HqTI6wRrck1YXp3F","spells/rank-4/telepathy.json","","caster","unmatched","Target/object placement needs manual review; caster placement would be misleading"
"Teleport","Compendium.pf2e.spells-srd.Item.69L70wKfGDY66Mk9","spells/rank-6/teleport.json","","caster","unmatched","Target/object placement needs manual review; caster placement would be misleading"
"Teleportation Circle","Compendium.pf2e.spells-srd.Item.5ZW1w9f4gWlSIuWA","rituals/teleportation-circle.json","","caster","unmatched","Target/object placement needs manual review; caster placement would be misleading"
"Tempest Cloak","Compendium.pf2e.spells-srd.Item.70BjbNRVc4OTLAgN","spells/rank-3/tempest-cloak.json","","area","unmatched","No suitable supported visual theme"
"Tempest Form","Compendium.pf2e.spells-srd.Item.zhqnMOVPzVvWSUbC","focus/tempest-form.json","","caster","unmatched","Sustained expiration requires GM review"
"Tempest Surge","Compendium.pf2e.spells-srd.Item.ho1jSoYKrHUNnM90","focus/tempest-surge.json","Lightning Field","damage","enabled","Single electricity damage type"
"Tempest Touch","Compendium.pf2e.spells-srd.Item.EzB9i7R6aBRAtJCh","focus/tempest-touch.json","Frost","damage","review","Mixed damage types: bludgeoning, cold"
"Temporal Distortion","Compendium.pf2e.spells-srd.Item.UbHK19RYbxRXWgWX","focus/temporal-distortion.json","","caster","unmatched","Target/object placement needs manual review; caster placement would be misleading"
"Temporal Twin","Compendium.pf2e.spells-srd.Item.1bXLp8cyIKFjZtVx","spells/rank-3/temporal-twin.json","","caster","unmatched","Variable, sustained or open-ended duration requires review"
"Temporal Ward","Compendium.pf2e.spells-srd.Item.kLxJx7BECVgHh2vb","spells/rank-6/temporal-ward.json","","caster","unmatched","Target/object placement needs manual review; caster placement would be misleading"
"Temporary Glyph","Compendium.pf2e.spells-srd.Item.YWuyjhWbdoTiA1pw","spells/rank-5/temporary-glyph.json","Runes","caster","review","Target/object placement needs manual review; caster placement would be misleading"
"Temporary Possession","Compendium.pf2e.spells-srd.Item.yZpWaJzm7kUjKvlQ","focus/necromancer/temporary-possession.json","","caster","unmatched","Target/object placement needs manual review; caster placement would be misleading"
"Temporary Tool","Compendium.pf2e.spells-srd.Item.TPI9fRCAYsDqpAe4","spells/rank-1/temporary-tool.json","","caster","unmatched","Variable, sustained or open-ended duration requires review"
"Tempt Fate","Compendium.pf2e.spells-srd.Item.GqvKSxzN7A7kuFk4","focus/tempt-fate.json","","caster","unmatched","Target/object placement needs manual review; caster placement would be misleading"
"Tentacular Innervation","Compendium.pf2e.spells-srd.Item.ok26J262gEnrWKOO","spells/rank-6/tentacular-innervation.json","","caster","unmatched","Target/object placement needs manual review; caster placement would be misleading"
"Tentacular Limbs","Compendium.pf2e.spells-srd.Item.i8PBZsnoCrK7IWph","focus/tentacular-limbs.json","","caster","unmatched","Target/object placement needs manual review; caster placement would be misleading"
"Terminate Bloodline","Compendium.pf2e.spells-srd.Item.yUM5OYeMY8971b2S","rituals/terminate-bloodline.json","","caster","unmatched","Target/object placement needs manual review; caster placement would be misleading"
"Terrain Transposition","Compendium.pf2e.spells-srd.Item.rtA3HRGoy7PQTOhq","focus/terrain-transposition.json","","caster","unmatched","Target/object placement needs manual review; caster placement would be misleading"
"Tesseract Tunnel","Compendium.pf2e.spells-srd.Item.Z1MoMTcgFQiCI90t","focus/tesseract-tunnel.json","","caster","unmatched","Sustained expiration requires GM review"
"Tether","Compendium.pf2e.spells-srd.Item.MVrxZarUTnJxAUN8","spells/rank-1/tether.json","","caster","unmatched","Target/object placement needs manual review; caster placement would be misleading"
"The Everfull Moon","Compendium.pf2e.spells-srd.Item.sfiH3lBvpGR1TTUk","impossible-spells/the-everfull-moon.json","","caster","unmatched","Target/object placement needs manual review; caster placement would be misleading"
"The Four Hunters","Compendium.pf2e.spells-srd.Item.EdRYr7HmLm9wr71X","spells/rank-3/the-four-hunters.json","","caster","unmatched","Target/object placement needs manual review; caster placement would be misleading"
"The Parrot's Whisper","Compendium.pf2e.spells-srd.Item.8NK5HtDxM3Qktu8H","spells/rank-2/the-parrots-whisper.json","","caster","unmatched","Target/object placement needs manual review; caster placement would be misleading"
"The Queen's Rainbow","Compendium.pf2e.spells-srd.Item.V05lB4VsSMiMMsZJ","spells/rank-2/the-queens-rainbow.json","","area","unmatched","No suitable supported visual theme"
"The Unseeing Blade Master","Compendium.pf2e.spells-srd.Item.5xf9wK9xyAeGFPw7","rituals/the-unseeing-blade-master.json","","caster","unmatched","Target/object placement needs manual review; caster placement would be misleading"
"The World's a Stage","Compendium.pf2e.spells-srd.Item.3DB3F2hIx2dMbX8n","rituals/the-worlds-a-stage.json","","caster","unmatched","Variable, sustained or open-ended duration requires review"
"Theogeny","Compendium.pf2e.spells-srd.Item.9dyWP9RGCFwunGEo","spells/rank-10/theogeny.json","","area","unmatched","Base area likely exceeds the 120-cell visual limit"
"Thermal Remedy","Compendium.pf2e.spells-srd.Item.l194BTf9cAFlSQ96","spells/rank-2/thermal-remedy.json","","caster","unmatched","Target/object placement needs manual review; caster placement would be misleading"
"Thermal Stasis","Compendium.pf2e.spells-srd.Item.dhpXpzt7TCm8TbHM","focus/thermal-stasis.json","","caster","unmatched","Variable, sustained or open-ended duration requires review"
"Thicket of Knives","Compendium.pf2e.spells-srd.Item.X56VdA98VedAfGTU","spells/rank-1/thicket-of-knives.json","","caster","unmatched","Target/object placement needs manual review; caster placement would be misleading"
"Thief of Fortune","Compendium.pf2e.spells-srd.Item.uGi6t3cypb93mgyV","spells/rank-3/thief-of-fortune.json","","caster","unmatched","Target/object placement needs manual review; caster placement would be misleading"
"Thoughtful Gift","Compendium.pf2e.spells-srd.Item.qTr2oCgIXl703Whb","spells/rank-1/thoughtful-gift.json","","caster","unmatched","Target/object placement needs manual review; caster placement would be misleading"
"Thrall Charge","Compendium.pf2e.spells-srd.Item.NWDTNTpfPEc821pu","focus/necromancer/thrall-charge.json","","caster","unmatched","Target/object placement needs manual review; caster placement would be misleading"
"Threatening Mimicry","Compendium.pf2e.spells-srd.Item.s0i3S4fg2XDQX4a7","focus/threatening-mimicry.json","","area","unmatched","No suitable supported visual theme"
"Threefold Aspect","Compendium.pf2e.spells-srd.Item.MNiT0dHol5fEcKlz","spells/rank-3/threefold-aspect.json","","caster","unmatched","Variable, sustained or open-ended duration requires review"
"Threefold Limb","Compendium.pf2e.spells-srd.Item.3DY4vbXj0BYSWA7z","spells/rank-1/threefold-limb.json","","caster","unmatched","Target/object placement needs manual review; caster placement would be misleading"
"Thunder Echo","Compendium.pf2e.spells-srd.Item.Jq9mbSwJHMbNv7Pu","spells/rank-2/thunder-echo.json","","area","unmatched","Base area likely exceeds the 120-cell visual limit"
"Thunderburst","Compendium.pf2e.spells-srd.Item.LFSwMtQVP05EzlZe","focus/thunderburst.json","","area","unmatched","Mixed damage types: bludgeoning, sonic"
"Thundering Dominance","Compendium.pf2e.spells-srd.Item.mMgLHTLHjjGa206q","spells/rank-2/thundering-dominance.json","","caster","unmatched","Target/object placement needs manual review; caster placement would be misleading"
"Thunderous Strike","Compendium.pf2e.spells-srd.Item.r82rqcm0MmGaBFkM","focus/magus/thunderous-strike.json","","area","unmatched","No suitable supported visual theme"
"Thunderstrike","Compendium.pf2e.spells-srd.Item.zDJS8E66UI0himqV","spells/rank-1/thunderstrike.json","Lightning Field","damage","review","Mixed damage types: electricity, sonic"
"Tidal Surge","Compendium.pf2e.spells-srd.Item.iAnpxrLaBU4V6Sej","focus/tidal-surge.json","","caster","unmatched","Target/object placement needs manual review; caster placement would be misleading"
"Timber","Compendium.pf2e.spells-srd.Item.9I8mp7RkjeXbkYfx","spells/cantrip/timber.json","","area","unmatched","No suitable supported visual theme"
"Time Beacon","Compendium.pf2e.spells-srd.Item.G56DJkxlUjFv0C4Z","spells/rank-7/time-beacon.json","","caster","unmatched","Variable, sustained or open-ended duration requires review"
"Time Jump","Compendium.pf2e.spells-srd.Item.qJGW6BbIcU6sfA1d","spells/rank-3/time-jump.json","","caster","unmatched","Target/object placement needs manual review; caster placement would be misleading"
"Time Pocket","Compendium.pf2e.spells-srd.Item.0Rl3W7kiq9xVZRcr","spells/rank-3/time-pocket.json","","caster","unmatched","Variable, sustained or open-ended duration requires review"
"Time Sense","Compendium.pf2e.spells-srd.Item.BvNbDwFYaidKJG9j","spells/cantrip/time-sense.json","","caster","unmatched","Target/object placement needs manual review; caster placement would be misleading"
"Time Skip","Compendium.pf2e.spells-srd.Item.LbqunTurwXB3u9Vp","focus/time-skip.json","","caster","unmatched","Target/object placement needs manual review; caster placement would be misleading"
"Timely Reminder","Compendium.pf2e.spells-srd.Item.QhBlSonRqpfq0F83","spells/rank-2/timely-reminder.json","","caster","unmatched","Variable, sustained or open-ended duration requires review"
"Timely Tutor","Compendium.pf2e.spells-srd.Item.OhgfPzB5gymZ0IZM","spells/rank-2/timely-tutor.json","","caster","unmatched","Sustained expiration requires GM review"
"Tiny Wings","Compendium.pf2e.spells-srd.Item.T8Ymeig4Fv2HrzjF","spells/rank-3/tiny-wings.json","","caster","unmatched","Target/object placement needs manual review; caster placement would be misleading"
"Tireless Worker","Compendium.pf2e.spells-srd.Item.gzvRDpM6EvcfYHeu","focus/tireless-worker.json","","caster","unmatched","Sustained expiration requires GM review"
"Tomorrow's Dawn","Compendium.pf2e.spells-srd.Item.a0MfDnUa33oWM74s","spells/rank-4/tomorrows-dawn.json","","caster","unmatched","Sustained expiration requires GM review"
"Tornadic Gale","Compendium.pf2e.spells-srd.Item.nsWSe5ssxAPn0j8t","spells/rank-5/tornadic-gale.json","","area","unmatched","No suitable supported visual theme"
"Tortoise and the Hare","Compendium.pf2e.spells-srd.Item.1NLMPmyCB2MBoCuR","spells/rank-4/tortoise-and-the-hare.json","","caster","unmatched","Target/object placement needs manual review; caster placement would be misleading"
"Torturous Trauma","Compendium.pf2e.spells-srd.Item.zHSp4PzoOE72DV4o","spells/cantrip/torturous-trauma.json","","damage","unmatched","No suitable supported visual theme"
"Touch of Death","Compendium.pf2e.spells-srd.Item.Ovvflf5aFbmBxqq8","focus/touch-of-death.json","","caster","unmatched","Variable, sustained or open-ended duration requires review"
"Touch of Obedience","Compendium.pf2e.spells-srd.Item.MmQiEc7aM9PDLO2J","focus/touch-of-obedience.json","","caster","unmatched","Variable, sustained or open-ended duration requires review"
"Touch of the Moon","Compendium.pf2e.spells-srd.Item.oXCwHBeDja4e0Mx0","focus/touch-of-the-moon.json","","caster","unmatched","Target/object placement needs manual review; caster placement would be misleading"
"Touch of the Void","Compendium.pf2e.spells-srd.Item.jFmWSIpJGGebim6y","focus/touch-of-the-void.json","","caster","unmatched","Target/object placement needs manual review; caster placement would be misleading"
"Touch of Undeath","Compendium.pf2e.spells-srd.Item.GYI4xloAgkm6tTrT","focus/touch-of-undeath.json","","damage","unmatched","No suitable supported visual theme"
"Toxic Cloud","Compendium.pf2e.spells-srd.Item.MlpbeZ61Euhl0d60","spells/rank-5/toxic-cloud.json","","area","unmatched","No suitable supported visual theme"
"Tracing Bond","Compendium.pf2e.spells-srd.Item.Cg1Nn4DYOxtf9hYZ","spells/rank-2/tracing-bond.json","","caster","unmatched","Target/object placement needs manual review; caster placement would be misleading"
"Tracking Mayflies","Compendium.pf2e.spells-srd.Item.HnykPqaCEPk3d2n3","spells/rank-3/tracking-mayflies.json","","caster","unmatched","Target/object placement needs manual review; caster placement would be misleading"
"Trade Death for Life","Compendium.pf2e.spells-srd.Item.4U2ZV1v38D0y2CRl","focus/trade-death-for-life.json","","damage","unmatched","Sustained expiration requires GM review"
"Trade Items","Compendium.pf2e.spells-srd.Item.rSpGzCyYrTMiWQoG","spells/rank-3/trade-items.json","","caster","unmatched","Target/object placement needs manual review; caster placement would be misleading"
"Transcribe Conflict","Compendium.pf2e.spells-srd.Item.YZnLggKDHkMY4cnw","spells/rank-3/transcribe-conflict.json","","caster","unmatched","Target/object placement needs manual review; caster placement would be misleading"
"Transcribe Moment","Compendium.pf2e.spells-srd.Item.NxOYiKCqcuAHVRCj","focus/transcribe-moment.json","","caster","unmatched","Target/object placement needs manual review; caster placement would be misleading"
"Translate","Compendium.pf2e.spells-srd.Item.vTQvfYu2llKQedmY","spells/rank-2/translate.json","","caster","unmatched","Target/object placement needs manual review; caster placement would be misleading"
"Translocate","Compendium.pf2e.spells-srd.Item.VlNcjmYyu95vOUe8","spells/rank-4/translocate.json","","caster","unmatched","Target/object placement needs manual review; caster placement would be misleading"
"Transmigrate","Compendium.pf2e.spells-srd.Item.8Lk9K3tRnV68MQPW","rituals/transmigrate.json","","caster","unmatched","Variable, sustained or open-ended duration requires review"
"Transmute Rock And Mud","Compendium.pf2e.spells-srd.Item.LzfrBDxxPTiuN7uL","spells/rank-5/transmute-rock-and-mud.json","","area","unmatched","No suitable supported visual theme"
"Travel by Turtle","Compendium.pf2e.spells-srd.Item.dk3XIx0ExDRMcN5z","spells/rank-3/travel-by-turtle.json","","caster","unmatched","Target/object placement needs manual review; caster placement would be misleading"
"Traveler's Transit","Compendium.pf2e.spells-srd.Item.LrhTFHUtSS9ahogL","focus/travelers-transit.json","","caster","unmatched","Target/object placement needs manual review; caster placement would be misleading"
"Traveling Workshop","Compendium.pf2e.spells-srd.Item.rzcXUF5YmJYxgxEa","focus/traveling-workshop.json","","caster","unmatched","Sustained expiration requires GM review"
"Tree of Life and Death","Compendium.pf2e.spells-srd.Item.GnAuGxu72vCIQH2P","spells/rank-5/tree-of-life-and-death.json","","area","unmatched","No suitable supported visual theme"
"Tree of Seasons","Compendium.pf2e.spells-srd.Item.u5FAOOXuqK7fLqKW","spells/rank-6/tree-of-seasons.json","","area","unmatched","No suitable supported visual theme"
"Tremor Signs","Compendium.pf2e.spells-srd.Item.uMADQaASgYNsSDDM","spells/cantrip/tremor-signs.json","","caster","unmatched","Target/object placement needs manual review; caster placement would be misleading"
"Tremorsense","Compendium.pf2e.spells-srd.Item.EAYViUegegttJF1u","spells/rank-2/tremorsense.json","","caster","unmatched","Target/object placement needs manual review; caster placement would be misleading"
"Trickster's Feathers","Compendium.pf2e.spells-srd.Item.2wT21v3NjLXdmE5W","spells/rank-4/tricksters-feathers.json","","caster","unmatched","Target/object placement needs manual review; caster placement would be misleading"
"Trickster's Mirrors","Compendium.pf2e.spells-srd.Item.cuKVbWWNzJj1GDpZ","focus/tricksters-mirrors.json","","damage","unmatched","Sustained expiration requires GM review"
"Trickster's Twin","Compendium.pf2e.spells-srd.Item.ZhLYJlOZzUB1OKoe","focus/tricksters-twin.json","","caster","unmatched","Target/object placement needs manual review; caster placement would be misleading"
"Trim the Blight","Compendium.pf2e.spells-srd.Item.A7NXFVgENRVtYoe3","spells/rank-9/trim-the-blight.json","","area","unmatched","Variable, sustained or open-ended duration requires review"
"Triple Time","Compendium.pf2e.spells-srd.Item.c8R2fpk88fBwJ1ie","focus/triple-time.json","","area","unmatched","Base area likely exceeds the 120-cell visual limit"
"True Target","Compendium.pf2e.spells-srd.Item.AlbpWWN87yGegoAF","spells/rank-7/true-target.json","","caster","unmatched","Variable, sustained or open-ended duration requires review"
"Truesight","Compendium.pf2e.spells-srd.Item.uqlxMQQeSGWEVjki","spells/rank-6/truesight.json","","caster","unmatched","Target/object placement needs manual review; caster placement would be misleading"
"Truespeech","Compendium.pf2e.spells-srd.Item.SwUiVavHKMWG7t5K","spells/rank-5/truespeech.json","","caster","unmatched","Target/object placement needs manual review; caster placement would be misleading"
"Turbulent Tide","Compendium.pf2e.spells-srd.Item.eCwsj7wGQK1uBwiH","focus/turbulent-tide.json","","caster","unmatched","Target/object placement needs manual review; caster placement would be misleading"
"Ulcerous Canker","Compendium.pf2e.spells-srd.Item.DnVTBGCsai6zqMwL","focus/ulcerous-canker.json","","damage","unmatched","Mixed damage types: void, poison"
"Umbral Extraction","Compendium.pf2e.spells-srd.Item.EDwakYQTS1t6XHD4","spells/rank-2/umbral-extraction.json","","caster","unmatched","Target/object placement needs manual review; caster placement would be misleading"
"Umbral Graft","Compendium.pf2e.spells-srd.Item.juzb53CW6Uzz5pFY","spells/rank-4/umbral-graft.json","","caster","unmatched","Target/object placement needs manual review; caster placement would be misleading"
"Umbral Journey","Compendium.pf2e.spells-srd.Item.rxvS7EMJ7qmexAyA","spells/rank-5/umbral-journey.json","","caster","unmatched","Target/object placement needs manual review; caster placement would be misleading"
"Umbral Mindtheft","Compendium.pf2e.spells-srd.Item.uopaLE01meX11Mbw","spells/rank-2/umbral-mindtheft.json","","damage","unmatched","No suitable supported visual theme"
"Unbearable Cacophony","Compendium.pf2e.spells-srd.Item.XhfsRLfQjN3ed1zI","rituals/unbearable-cacophony.json","","caster","unmatched","Target/object placement needs manual review; caster placement would be misleading"
"Unblinking Flame Aura","Compendium.pf2e.spells-srd.Item.floDCUOSzT0F6r77","focus/unblinking-flame-aura.json","","caster","unmatched","Target/object placement needs manual review; caster placement would be misleading"
"Unblinking Flame Emblem","Compendium.pf2e.spells-srd.Item.KADeCawMG6WAzYHa","focus/unblinking-flame-emblem.json","","caster","unmatched","Target/object placement needs manual review; caster placement would be misleading"
"Unblinking Flame Ignition","Compendium.pf2e.spells-srd.Item.aFd00WT266VYPqOG","focus/unblinking-flame-ignition.json","","caster","unmatched","Target/object placement needs manual review; caster placement would be misleading"
"Unblinking Flame Revelation","Compendium.pf2e.spells-srd.Item.VBNevVovTCpn04vL","focus/unblinking-flame-revelation.json","","caster","unmatched","Target/object placement needs manual review; caster placement would be misleading"
"Unbounded Sphere","Compendium.pf2e.spells-srd.Item.b4cst3WNzl4X7Bdr","focus/unbounded-sphere.json","","area","unmatched","Sustained expiration requires GM review"
"Unbreaking Wave Advance","Compendium.pf2e.spells-srd.Item.ytboJsyZEbE1MLeV","focus/unbreaking-wave-advance.json","","area","unmatched","No suitable supported visual theme"
"Unbreaking Wave Barrier","Compendium.pf2e.spells-srd.Item.YtJXpiu4ijkB6nP2","focus/unbreaking-wave-barrier.json","","area","unmatched","Sustained expiration requires GM review"
"Unbreaking Wave Containment","Compendium.pf2e.spells-srd.Item.axYqY70kYu2lN20R","focus/unbreaking-wave-containment.json","","damage","unmatched","Sustained expiration requires GM review"
"Unbreaking Wave Vapor","Compendium.pf2e.spells-srd.Item.ZQk2cGBCkATO25w0","focus/unbreaking-wave-vapor.json","","caster","unmatched","Target/object placement needs manual review; caster placement would be misleading"
"Unbroken Panoply","Compendium.pf2e.spells-srd.Item.19V9aVrn8OAHsn4Q","spells/rank-1/unbroken-panoply.json","","caster","unmatched","Target/object placement needs manual review; caster placement would be misleading"
"Uncontrollable Dance","Compendium.pf2e.spells-srd.Item.Jvyy6oVIQsD34MHB","spells/rank-8/uncontrollable-dance.json","","caster","unmatched","Variable, sustained or open-ended duration requires review"
"Uncouple Memory","Compendium.pf2e.spells-srd.Item.bmz35f9k1ydHOOli","rituals/uncouple-memory.json","","caster","unmatched","Variable, sustained or open-ended duration requires review"
"Uncover Device","Compendium.pf2e.spells-srd.Item.IlA0Y9wNEeW3ya2O","spells/rank-2/uncover-device.json","","caster","unmatched","Target/object placement needs manual review; caster placement would be misleading"
"Undeath's Blessing","Compendium.pf2e.spells-srd.Item.FedTjedva2rYk33r","focus/undeaths-blessing.json","","caster","unmatched","Target/object placement needs manual review; caster placement would be misleading"
"Under Sunless Skies","Compendium.pf2e.spells-srd.Item.7zJxrjhK1LasSjSw","impossible-spells/under-sunless-skies.json","","caster","unmatched","Target/object placement needs manual review; caster placement would be misleading"
"Undermine Reality","Compendium.pf2e.spells-srd.Item.YiIOsc8T6E2iDxgh","spells/rank-8/undermine-reality.json","","caster","unmatched","Variable, sustained or open-ended duration requires review"
"Undertaker","Compendium.pf2e.spells-srd.Item.z39jFoNJrobyn3MQ","spells/rank-9/undertaker.json","","caster","unmatched","Target/object placement needs manual review; caster placement would be misleading"
"Undertow","Compendium.pf2e.spells-srd.Item.4VsCGrIz07NrMaZA","spells/rank-3/undertow.json","","area","unmatched","No suitable supported visual theme"
"Unexpected Transposition","Compendium.pf2e.spells-srd.Item.OOMQ8Z6EIrGt5NJ6","spells/rank-6/unexpected-transposition.json","","caster","unmatched","Target/object placement needs manual review; caster placement would be misleading"
"Unexpected Windfall","Compendium.pf2e.spells-srd.Item.KR8WgdazifDBjDkW","focus/unexpected-windfall.json","","caster","unmatched","Sustained expiration requires GM review"
"Unfathomable Song","Compendium.pf2e.spells-srd.Item.FmNDwqMEjeTEGPrY","spells/rank-9/unfathomable-song.json","","caster","unmatched","Sustained expiration requires GM review"
"Unfetter Eidolon","Compendium.pf2e.spells-srd.Item.hW9pgce6vTme61g1","focus/summoner/unfetter-eidolon.json","","caster","unmatched","Target/object placement needs manual review; caster placement would be misleading"
"Unfettered Mark","Compendium.pf2e.spells-srd.Item.TYydobaLN4U7Ol3M","rituals/unfettered-mark.json","","caster","unmatched","Variable, sustained or open-ended duration requires review"
"Unfettered Movement","Compendium.pf2e.spells-srd.Item.aqRYNoSvxsVfqglH","spells/rank-4/unfettered-movement.json","","caster","unmatched","Target/object placement needs manual review; caster placement would be misleading"
"Unfettered Pack","Compendium.pf2e.spells-srd.Item.bVtkBJvGLP69qVGI","spells/rank-7/unfettered-pack.json","","caster","unmatched","Target/object placement needs manual review; caster placement would be misleading"
"Unfolding Wind Blitz","Compendium.pf2e.spells-srd.Item.Ww4cPZ3QHTSpaM1m","focus/unfolding-wind-blitz.json","","caster","unmatched","Target/object placement needs manual review; caster placement would be misleading"
"Unfolding Wind Buffet","Compendium.pf2e.spells-srd.Item.ALuvl9GYawnsZZCx","focus/unfolding-wind-buffet.json","","caster","unmatched","Target/object placement needs manual review; caster placement would be misleading"
"Unfolding Wind Crash","Compendium.pf2e.spells-srd.Item.XjNROFtWnwovhCsq","focus/unfolding-wind-crash.json","","damage","unmatched","No suitable supported visual theme"
"Unfolding Wind Rush","Compendium.pf2e.spells-srd.Item.tvO6Kmc2pQve9DC5","focus/unfolding-wind-rush.json","","caster","unmatched","Target/object placement needs manual review; caster placement would be misleading"
"Unholy Army","Compendium.pf2e.spells-srd.Item.HEuvZAjD1q0J8Y5i","spells/rank-8/unholy-army.json","","area","unmatched","Variable, sustained or open-ended duration requires review"
"Unimpeded Stride","Compendium.pf2e.spells-srd.Item.gwOYh5zMVZB0HNcT","focus/unimpeded-stride.json","","caster","unmatched","Target/object placement needs manual review; caster placement would be misleading"
"Unity","Compendium.pf2e.spells-srd.Item.tYLBjOTvBVn9JtRb","focus/unity.json","","caster","unmatched","Target/object placement needs manual review; caster placement would be misleading"
"Unravel Existence","Compendium.pf2e.spells-srd.Item.89kInqMRs63Cx8E3","spells/rank-5/unravel-existence.json","","area","unmatched","Sustained expiration requires GM review"
"Unravel Knowledge","Compendium.pf2e.spells-srd.Item.EFLXGyIz2HZVSmll","focus/unravel-knowledge.json","","caster","unmatched","Sustained expiration requires GM review"
"Unraveling Blast","Compendium.pf2e.spells-srd.Item.PaHxcqXihXkkXPsB","focus/unraveling-blast.json","","damage","unmatched","No suitable supported visual theme"
"Unrelenting Gravity","Compendium.pf2e.spells-srd.Item.gC3oEJ4WByq1LRO8","spells/rank-2/unrelenting-gravity.json","","caster","unmatched","Target/object placement needs manual review; caster placement would be misleading"
"Unrelenting Observation","Compendium.pf2e.spells-srd.Item.y2cQYLr5mljDSu1G","spells/rank-8/unrelenting-observation.json","","area","unmatched","Variable, sustained or open-ended duration requires review"
"Unsealing of Secrets","Compendium.pf2e.spells-srd.Item.M7leucozfgQXW0eV","rituals/unsealing-of-secrets.json","","caster","unmatched","Target/object placement needs manual review; caster placement would be misleading"
"Unseasonable Squall","Compendium.pf2e.spells-srd.Item.TT9owkeMBXJxcERB","spells/rank-3/unseasonable-squall.json","","area","unmatched","Variable, sustained or open-ended duration requires review"
"Unseen Heralds","Compendium.pf2e.spells-srd.Item.bK7EZFCxZgDcko6D","rituals/unseen-heralds.json","","area","unmatched","Base area likely exceeds the 120-cell visual limit"
"Unsettling Knowledge","Compendium.pf2e.spells-srd.Item.iAmHJbFN3lOoOkNG","focus/unsettling-knowledge.json","","caster","unmatched","Variable, sustained or open-ended duration requires review"
"Unsettling Perspective","Compendium.pf2e.spells-srd.Item.5H4jsbHODdkGhJI7","focus/unsettling-perspective.json","","caster","unmatched","Target/object placement needs manual review; caster placement would be misleading"
"Unspeakable Shadow","Compendium.pf2e.spells-srd.Item.hq57j7Nif1zuQ2Ab","spells/rank-9/unspeakable-shadow.json","","caster","unmatched","Variable, sustained or open-ended duration requires review"
"Untamed Form","Compendium.pf2e.spells-srd.Item.8RWfKConLYFZpQ9X","focus/untamed-form.json","","caster","unmatched","Variable, sustained or open-ended duration requires review"
"Untamed Shift","Compendium.pf2e.spells-srd.Item.0xR9vrt6uDFl0Umo","focus/untamed-shift.json","","caster","unmatched","Target/object placement needs manual review; caster placement would be misleading"
"Untwisting Iron Augmentation","Compendium.pf2e.spells-srd.Item.8eOMAIvT7S1CJSit","focus/untwisting-iron-augmentation.json","","caster","unmatched","Target/object placement needs manual review; caster placement would be misleading"
"Untwisting Iron Buffer","Compendium.pf2e.spells-srd.Item.FPnkOYyWIaOzkmqn","focus/untwisting-iron-buffer.json","","caster","unmatched","Target/object placement needs manual review; caster placement would be misleading"
"Untwisting Iron Pillar","Compendium.pf2e.spells-srd.Item.9DtuMEyHhtHFRp5a","focus/untwisting-iron-pillar.json","","caster","unmatched","Target/object placement needs manual review; caster placement would be misleading"
"Untwisting Iron Roots","Compendium.pf2e.spells-srd.Item.9o5aG5025ZczjkPb","focus/untwisting-iron-roots.json","","area","unmatched","No suitable supported visual theme"
"Unusual Anatomy","Compendium.pf2e.spells-srd.Item.ddKBoCjmSyPSHcws","focus/unusual-anatomy.json","Acid","damage","enabled","Single acid damage type"
"Updraft","Compendium.pf2e.spells-srd.Item.QozxgBbcmktLKdBs","focus/updraft.json","","damage","unmatched","No suitable supported visual theme"
"Upheaval","Compendium.pf2e.spells-srd.Item.xxhS66k68u5iIOHC","spells/rank-9/upheaval.json","","area","unmatched","Base area likely exceeds the 120-cell visual limit"
"Uplifting Overture","Compendium.pf2e.spells-srd.Item.f0Z5mqGA6Yu79B8x","focus/uplifting-overture.json","","caster","unmatched","Target/object placement needs manual review; caster placement would be misleading"
"Utter Destruction","Compendium.pf2e.spells-srd.Item.XGB77j7m0SLky8U1","spells/rank-6/utter-destruction.json","","area","unmatched","Mixed damage types: sonic, void"
"Vacuum","Compendium.pf2e.spells-srd.Item.kk7JKox6MdGAWmCH","spells/rank-7/vacuum.json","","area","unmatched","Sustained expiration requires GM review"
"Valiant Anthem","Compendium.pf2e.spells-srd.Item.nRsBM1zkhMmV3VST","focus/valiant-anthem.json","","area","unmatched","No suitable supported visual theme"
"Vampiric Exsanguination","Compendium.pf2e.spells-srd.Item.fd31tAHSSGXyOxW6","spells/rank-6/vampiric-exsanguination.json","","area","unmatched","No suitable supported visual theme"
"Vampiric Feast","Compendium.pf2e.spells-srd.Item.N1Z1oLPdBxaSgrEE","spells/rank-3/vampiric-feast.json","","damage","unmatched","No suitable supported visual theme"
"Vampiric Maiden","Compendium.pf2e.spells-srd.Item.07xYlmGX32XtHGEt","spells/rank-4/vampiric-maiden.json","","damage","unmatched","Mixed damage types: piercing, void"
"Vampiric Revelry","Compendium.pf2e.spells-srd.Item.sbhjhvWaqyXJKvpH","spells/rank-9/vampiric-revelry.json","","area","unmatched","No suitable supported visual theme"
"Vanish Weapon","Compendium.pf2e.spells-srd.Item.tvUfRH7q4NSvTFTx","spells/rank-2/vanish-weapon.json","","caster","unmatched","Variable, sustained or open-ended duration requires review"
"Vanishing Tracks","Compendium.pf2e.spells-srd.Item.zlnXpME1T2uvn8Lr","spells/rank-1/vanishing-tracks.json","","caster","unmatched","Target/object placement needs manual review; caster placement would be misleading"
"Vapor Form","Compendium.pf2e.spells-srd.Item.V8wXOsoejQhe6CyG","spells/rank-4/vapor-form.json","","caster","unmatched","Target/object placement needs manual review; caster placement would be misleading"
"Variable Gravity","Compendium.pf2e.spells-srd.Item.DcmWrD0V5PWQQyDm","spells/rank-4/variable-gravity.json","","caster","unmatched","Target/object placement needs manual review; caster placement would be misleading"
"Vector Screen","Compendium.pf2e.spells-srd.Item.a0AMgATvQGwDR5dR","focus/vector-screen.json","","area","unmatched","Variable, sustained or open-ended duration requires review"
"Veil of Broken Reality","Compendium.pf2e.spells-srd.Item.VbP3EPkHDvDKX3eM","impossible-spells/veil-of-broken-reality.json","","caster","unmatched","Target/object placement needs manual review; caster placement would be misleading"
"Veil of Confidence","Compendium.pf2e.spells-srd.Item.Q25JQAgnJSGgFDKZ","focus/veil-of-confidence.json","","caster","unmatched","Target/object placement needs manual review; caster placement would be misleading"
"Veil of Dreams","Compendium.pf2e.spells-srd.Item.NNoKWiWKqJkdD2ln","focus/veil-of-dreams.json","","caster","unmatched","Sustained expiration requires GM review"
"Veil of Privacy","Compendium.pf2e.spells-srd.Item.EoKBlgf6Smt8opaU","spells/rank-3/veil-of-privacy.json","","caster","unmatched","Target/object placement needs manual review; caster placement would be misleading"
"Veil of Spirits","Compendium.pf2e.spells-srd.Item.lQbfgAu9uVJQC7x4","spells/rank-2/veil-of-spirits.json","","area","unmatched","No suitable supported visual theme"
"Vengeful Glare","Compendium.pf2e.spells-srd.Item.8uVMoiYDzhzWJEZ2","focus/vengeful-glare.json","","caster","unmatched","Target/object placement needs manual review; caster placement would be misleading"
"Ventriloquism","Compendium.pf2e.spells-srd.Item.yV7Ouzaoe7DHLESI","spells/rank-1/ventriloquism.json","","caster","unmatched","Target/object placement needs manual review; caster placement would be misleading"
"Verdant Sprout","Compendium.pf2e.spells-srd.Item.EDABphKEPUBiMmQC","spells/rank-1/verdant-sprout.json","","caster","unmatched","Target/object placement needs manual review; caster placement would be misleading"
"Verminous Lure","Compendium.pf2e.spells-srd.Item.Juk3cD5385Ftybct","spells/rank-1/verminous-lure.json","","caster","unmatched","Target/object placement needs manual review; caster placement would be misleading"
"Vibrant Pattern","Compendium.pf2e.spells-srd.Item.RQjSQVZRG497cJhX","spells/rank-6/vibrant-pattern.json","","area","unmatched","Sustained expiration requires GM review"
"Vibrant Thorns","Compendium.pf2e.spells-srd.Item.nnSipUPNd3sm5vYL","focus/vibrant-thorns.json","","caster","unmatched","Target/object placement needs manual review; caster placement would be misleading"
"Vibrant Vibrato","Compendium.pf2e.spells-srd.Item.tPtTKe0X1dDwoDmQ","spells/rank-7/vibrant-vibrato.json","","area","unmatched","Base area likely exceeds the 120-cell visual limit"
"Vicious Howl","Compendium.pf2e.spells-srd.Item.z9pIChNg9PmPmn31","focus/vicious-howl.json","","caster","unmatched","Target/object placement needs manual review; caster placement would be misleading"
"Vicious Jealousy","Compendium.pf2e.spells-srd.Item.h6VoHgPC0JCTVzgP","spells/rank-2/vicious-jealousy.json","","caster","unmatched","Sustained expiration requires GM review"
"Victory Cry","Compendium.pf2e.spells-srd.Item.t4hGPdh6vAEgBFgZ","focus/victory-cry.json","","caster","unmatched","Target/object placement needs manual review; caster placement would be misleading"
"Vindicator's Judgment","Compendium.pf2e.spells-srd.Item.VMABZdZyplCKTAAP","focus/vindicators-judgment.json","","caster","unmatched","Target/object placement needs manual review; caster placement would be misleading"
"Vindicator's Mark","Compendium.pf2e.spells-srd.Item.LegaamqrflbArbWN","focus/vindicators-mark.json","","damage","unmatched","No suitable supported visual theme"
"Vision of Beauty","Compendium.pf2e.spells-srd.Item.jqb52wy7A0Eqwuzx","spells/rank-4/vision-of-beauty.json","","caster","unmatched","Variable, sustained or open-ended duration requires review"
"Vision of Death","Compendium.pf2e.spells-srd.Item.Jmxru8zMdYMRuO5n","spells/rank-4/vision-of-death.json","","damage","unmatched","No suitable supported visual theme"
"Vision of Weakness","Compendium.pf2e.spells-srd.Item.NhNKzq1DvFxkvTEc","focus/vision-of-weakness.json","","caster","unmatched","Target/object placement needs manual review; caster placement would be misleading"
"Visions of Danger","Compendium.pf2e.spells-srd.Item.jBGAYmR0BkkbpJvG","spells/rank-7/visions-of-danger.json","","area","unmatched","No suitable supported visual theme"
"Vital Beacon","Compendium.pf2e.spells-srd.Item.ikSb3LRGnrwXJBVX","spells/rank-4/vital-beacon.json","","caster","unmatched","Variable, sustained or open-ended duration requires review"
"Vital Luminance","Compendium.pf2e.spells-srd.Item.8XuNn0h0rHE24m3B","focus/vital-luminance.json","","caster","unmatched","Target/object placement needs manual review; caster placement would be misleading"
"Vital Seed","Compendium.pf2e.spells-srd.Item.72gc0YsjBTZrK4Ki","spells/rank-4/vital-seed.json","","area","unmatched","No suitable supported visual theme"
"Vital Singularity","Compendium.pf2e.spells-srd.Item.KkimKrhDxEJVm6TH","rituals/vital-singularity.json","","caster","unmatched","Target/object placement needs manual review; caster placement would be misleading"
"Vitality Lash","Compendium.pf2e.spells-srd.Item.kcelf6IHl3L9VXXg","spells/cantrip/vitality-lash.json","","damage","unmatched","No suitable supported visual theme"
"Vitrifying Blast","Compendium.pf2e.spells-srd.Item.g2V4ID0pl1ZGAxZj","spells/rank-6/vitrifying-blast.json","","area","unmatched","Variable, sustained or open-ended duration requires review"
"Voice on the Breeze","Compendium.pf2e.spells-srd.Item.d18m4AAaxJQqUEh2","spells/rank-2/voice-on-the-breeze.json","","area","unmatched","No suitable supported visual theme"
"Void Harvest","Compendium.pf2e.spells-srd.Item.NjK0kWRC6FYsPwXC","rituals/void-harvest.json","","caster","unmatched","Variable, sustained or open-ended duration requires review"
"Void Warp","Compendium.pf2e.spells-srd.Item.mAMEt4FFbdqoRnkN","spells/cantrip/void-warp.json","","damage","unmatched","No suitable supported visual theme"
"Volcanic Eruption","Compendium.pf2e.spells-srd.Item.O7ZEqWjwdKyo2CUv","spells/rank-7/volcanic-eruption.json","Lava","area","enabled","Curated volcanic-eruption visual theme"
"Vomit Swarm","Compendium.pf2e.spells-srd.Item.cB17yFc9456Pyfec","spells/rank-2/vomit-swarm.json","","area","unmatched","No suitable supported visual theme"
"Voracious Gestalt","Compendium.pf2e.spells-srd.Item.drmvQJETA3WZzXyw","spells/rank-9/voracious-gestalt.json","","area","unmatched","Sustained expiration requires GM review"
"Wails of the Damned","Compendium.pf2e.spells-srd.Item.FEsuyf203wTNE2et","spells/rank-9/wails-of-the-damned.json","","area","unmatched","Base area likely exceeds the 120-cell visual limit"
"Waking Dream","Compendium.pf2e.spells-srd.Item.OmhnoYOzFhrp6rXv","focus/waking-dream.json","","caster","unmatched","Sustained expiration requires GM review"
"Waking Nightmare","Compendium.pf2e.spells-srd.Item.DU5daB09xwfE1y38","focus/waking-nightmare.json","","caster","unmatched","Variable, sustained or open-ended duration requires review"
"Wall of Fire","Compendium.pf2e.spells-srd.Item.IarZrgCeaiUqOuRu","spells/rank-4/wall-of-fire.json","Fire","damage","enabled","Single fire damage type"
"Wall of Flesh","Compendium.pf2e.spells-srd.Item.ZLLY6ThJXCCrO0rL","spells/rank-5/wall-of-flesh.json","","caster","unmatched","Target/object placement needs manual review; caster placement would be misleading"
"Wall of Force","Compendium.pf2e.spells-srd.Item.7Iela4GgVeO3LfAo","spells/rank-6/wall-of-force.json","Force Barrier","caster","review","Target/object placement needs manual review; caster placement would be misleading"
"Wall of Ice","Compendium.pf2e.spells-srd.Item.R5FHRv7VqyRnxg2t","spells/rank-5/wall-of-ice.json","Frost","damage","enabled","Single cold damage type"
"Wall of Metal","Compendium.pf2e.spells-srd.Item.CB5TlGv5ZghtMifi","spells/rank-6/wall-of-metal.json","","caster","unmatched","Target/object placement needs manual review; caster placement would be misleading"
"Wall Of Mirrors","Compendium.pf2e.spells-srd.Item.eONVFSbBiqaDLGey","spells/rank-4/wall-of-mirrors.json","","damage","unmatched","No suitable supported visual theme"
"Wall of Radiance","Compendium.pf2e.spells-srd.Item.HWrNMQENi9WSGbnF","spells/rank-3/wall-of-radiance.json","Fire","damage","enabled","Single fire damage type"
"Wall of Shadow","Compendium.pf2e.spells-srd.Item.DeF63UTmr7rchF60","spells/rank-3/wall-of-shadow.json","","caster","unmatched","Target/object placement needs manual review; caster placement would be misleading"
"Wall of Shrubs","Compendium.pf2e.spells-srd.Item.MMIPT6jfwHfLPkm5","spells/rank-1/wall-of-shrubs.json","","caster","unmatched","Target/object placement needs manual review; caster placement would be misleading"
"Wall of Stone","Compendium.pf2e.spells-srd.Item.kOa055FIrO9Smnya","spells/rank-5/wall-of-stone.json","","caster","unmatched","Target/object placement needs manual review; caster placement would be misleading"
"Wall of Thorns","Compendium.pf2e.spells-srd.Item.KsWhliKfUs3IpW3c","spells/rank-3/wall-of-thorns.json","","damage","unmatched","No suitable supported visual theme"
"Wall of Virtue","Compendium.pf2e.spells-srd.Item.ZJOQBqkNErZu1QAa","spells/rank-3/wall-of-virtue.json","","damage","unmatched","Mixed damage types: vitality, spirit"
"Wall of Water","Compendium.pf2e.spells-srd.Item.LNOwaJAkCfsgTKgV","spells/rank-3/wall-of-water.json","Flooding","caster","review","Target/object placement needs manual review; caster placement would be misleading"
"Wall of Wind","Compendium.pf2e.spells-srd.Item.it4ZsAi6XgvGcodc","spells/rank-3/wall-of-wind.json","","caster","unmatched","Target/object placement needs manual review; caster placement would be misleading"
"Wanderer's Guide","Compendium.pf2e.spells-srd.Item.ppA1StEigPLKEQqR","spells/rank-3/wanderers-guide.json","","caster","unmatched","Variable, sustained or open-ended duration requires review"
"Ward Domain","Compendium.pf2e.spells-srd.Item.Er9XNUlL0wB0PM36","rituals/ward-domain.json","","caster","unmatched","Variable, sustained or open-ended duration requires review"
"Warding Aggression","Compendium.pf2e.spells-srd.Item.CIjj9CU5ekeq1oLT","spells/rank-3/warding-aggression.json","","caster","unmatched","Target/object placement needs manual review; caster placement would be misleading"
"Warning Stripes","Compendium.pf2e.spells-srd.Item.D4kArD91fFiREvC6","focus/warning-stripes.json","","damage","unmatched","No suitable supported visual theme"
"Warp Mind","Compendium.pf2e.spells-srd.Item.8kJbiBEjMWG4VUjs","spells/rank-7/warp-mind.json","","caster","unmatched","Target/object placement needs manual review; caster placement would be misleading"
"Warp Step","Compendium.pf2e.spells-srd.Item.sX2g6WFSQPNW9jzx","spells/cantrip/warp-step.json","","caster","unmatched","Target/object placement needs manual review; caster placement would be misleading"
"Warped Terrain","Compendium.pf2e.spells-srd.Item.fXdADBwxmBsU9xPk","focus/warped-terrain.json","","area","unmatched","No suitable supported visual theme"
"Warping Pull","Compendium.pf2e.spells-srd.Item.UtINSoEJ0u630ia4","spells/rank-2/warping-pull.json","","caster","unmatched","Target/object placement needs manual review; caster placement would be misleading"
"Warrior's Regret","Compendium.pf2e.spells-srd.Item.kIwA7kwp5E0AC3yM","spells/rank-2/warriors-regret.json","","damage","unmatched","No suitable supported visual theme"
"Warshard Shot","Compendium.pf2e.spells-srd.Item.3SzuMGusGKg8nw5A","spells/rank-5/warshard-shot.json","","damage","unmatched","Mixed damage types: piercing, spirit"
"Wash Your Luck","Compendium.pf2e.spells-srd.Item.lmHmKGs1N3yNAvln","spells/cantrip/wash-your-luck.json","","caster","unmatched","Target/object placement needs manual review; caster placement would be misleading"
"Watchdog","Compendium.pf2e.spells-srd.Item.mAmevDmIy5wxxyfm","spells/rank-2/watchdog.json","","caster","unmatched","Target/object placement needs manual review; caster placement would be misleading"
"Water Breathing","Compendium.pf2e.spells-srd.Item.MZGkMsPBztFN0pUO","spells/rank-2/water-breathing.json","","caster","unmatched","Target/object placement needs manual review; caster placement would be misleading"
"Water Walk","Compendium.pf2e.spells-srd.Item.Seaah9amXg70RKw2","spells/rank-2/water-walk.json","","caster","unmatched","Target/object placement needs manual review; caster placement would be misleading"
"Waterproof","Compendium.pf2e.spells-srd.Item.RS1nrqEjEi1ZlC53","spells/rank-2/waterproof.json","","caster","unmatched","Target/object placement needs manual review; caster placement would be misleading"
"Waters of Prediction","Compendium.pf2e.spells-srd.Item.zaZieDHguhahmM2z","rituals/waters-of-prediction.json","","caster","unmatched","Target/object placement needs manual review; caster placement would be misleading"
"Wave of Despair","Compendium.pf2e.spells-srd.Item.GaRQlC9Yw1BGKHfN","spells/rank-5/wave-of-despair.json","","area","unmatched","Variable, sustained or open-ended duration requires review"
"Weaken Earth","Compendium.pf2e.spells-srd.Item.eyKkLp8V55ydA64J","spells/rank-1/weaken-earth.json","","caster","unmatched","Target/object placement needs manual review; caster placement would be misleading"
"Weapon of Judgment","Compendium.pf2e.spells-srd.Item.ZqmP9gijBmK7y8Xy","spells/rank-9/weapon-of-judgment.json","","damage","unmatched","No suitable supported visual theme"
"Weapon Storm","Compendium.pf2e.spells-srd.Item.8M03UxGXjYyDFAoy","spells/rank-4/weapon-storm.json","","caster","unmatched","Target/object placement needs manual review; caster placement would be misleading"
"Weapon Surge","Compendium.pf2e.spells-srd.Item.W37iBXLsY2trJ1rS","focus/weapon-surge.json","","caster","unmatched","Target/object placement needs manual review; caster placement would be misleading"
"Weapon Tide","Compendium.pf2e.spells-srd.Item.IV76q50T2pZemxAl","spells/rank-3/weapon-tide.json","","area","unmatched","No suitable supported visual theme"
"Weapon Trance","Compendium.pf2e.spells-srd.Item.RpGB961b8FjXbGHi","focus/weapon-trance.json","","caster","unmatched","Target/object placement needs manual review; caster placement would be misleading"
"Weaponize Secret","Compendium.pf2e.spells-srd.Item.TRpUjBNPQz3Eshaq","focus/weaponize-secret.json","","caster","unmatched","Variable, sustained or open-ended duration requires review"
"Weave Wood","Compendium.pf2e.spells-srd.Item.idcBYnj4DUHL0IJt","spells/rank-1/weave-wood.json","","caster","unmatched","Target/object placement needs manual review; caster placement would be misleading"
"Web","Compendium.pf2e.spells-srd.Item.9s5tqqXNzcoKamWx","spells/rank-2/web.json","Spiderweb","area","enabled","Curated web visual theme"
"Web of Eyes","Compendium.pf2e.spells-srd.Item.XQSPJHOf3TyfqvgS","spells/rank-3/web-of-eyes.json","","caster","unmatched","Target/object placement needs manual review; caster placement would be misleading"
"Web of Influence","Compendium.pf2e.spells-srd.Item.HqZ1VWIcXXZXWm3K","focus/web-of-influence.json","","caster","unmatched","Target/object placement needs manual review; caster placement would be misleading"
"Weight of the World","Compendium.pf2e.spells-srd.Item.72rjRm7jClesBokV","spells/rank-5/weight-of-the-world.json","Blood","damage","review","Mixed damage types: bleed, bludgeoning"
"Weird","Compendium.pf2e.spells-srd.Item.qDjeG6dxT4aEEC6J","spells/rank-9/weird.json","","damage","unmatched","No suitable supported visual theme"
"Whirling Flames","Compendium.pf2e.spells-srd.Item.Wi2HcreCfujKiCvW","focus/whirling-flames.json","Fire","area","enabled","Single fire damage type"
"Whirling Scarves","Compendium.pf2e.spells-srd.Item.k9x6bXXpIgAXMDsx","spells/rank-3/whirling-scarves.json","","caster","unmatched","Target/object placement needs manual review; caster placement would be misleading"
"Whirlpool","Compendium.pf2e.spells-srd.Item.0fjz8qc9NfkmWmJZ","spells/rank-8/whirlpool.json","Flooding","area","review","Sustained expiration requires GM review"
"Whirlwind","Compendium.pf2e.spells-srd.Item.8hKW4mWQyLnkHVta","spells/rank-8/whirlwind.json","","area","unmatched","Sustained expiration requires GM review"
"Whispering Quiet","Compendium.pf2e.spells-srd.Item.1RxPW9I70Nd7wokz","focus/whispering-quiet.json","","area","unmatched","No suitable supported visual theme"
"Whispers of a Dead Goddess","Compendium.pf2e.spells-srd.Item.VehkHHGxQH1jGolN","spells/rank-5/whispers-of-a-dead-goddess.json","","area","unmatched","Sustained expiration requires GM review"
"Whispers of the Void","Compendium.pf2e.spells-srd.Item.FwW2asotQE8dH1WP","spells/rank-4/whispers-of-the-void.json","","area","unmatched","No suitable supported visual theme"
"Widow’s Bite","Compendium.pf2e.spells-srd.Item.6JDq5d8w11ZuH4Ta","spells/rank-3/widows-bite.json","","damage","unmatched","Mixed damage types: poison, piercing"
"Wild Allegiance","Compendium.pf2e.spells-srd.Item.BBw5oGFvoQc3gg52","rituals/wild-allegiance.json","","caster","unmatched","Target/object placement needs manual review; caster placement would be misleading"
"Wild Feast","Compendium.pf2e.spells-srd.Item.5y3RlXMDPovOmrhp","rituals/wild-feast.json","","area","unmatched","Base area likely exceeds the 120-cell visual limit"
"Wild Winds Stance","Compendium.pf2e.spells-srd.Item.SkarN4VlNxSJSJNw","focus/wild-winds-stance.json","","caster","unmatched","Variable, sustained or open-ended duration requires review"
"Wildfire","Compendium.pf2e.spells-srd.Item.jks2h5pMsm8pCi8e","focus/wildfire.json","Fire","area","review","Sustained expiration requires GM review"
"Wilding Word","Compendium.pf2e.spells-srd.Item.GdN5YQE47gd79k7X","focus/wilding-word.json","","caster","unmatched","Sustained expiration requires GM review"
"Wind Jump","Compendium.pf2e.spells-srd.Item.kRxlkPPe6Gr7Du59","focus/wind-jump.json","","caster","unmatched","Target/object placement needs manual review; caster placement would be misleading"
"Wind Whispers","Compendium.pf2e.spells-srd.Item.i06YFOtfGfpUvcD7","focus/wind-whispers.json","","caster","unmatched","Target/object placement needs manual review; caster placement would be misleading"
"Wings of the Valkyrie","Compendium.pf2e.spells-srd.Item.9ZwpT9RDwCxhYQXd","focus/wings-of-the-valkyrie.json","","caster","unmatched","Target/object placement needs manual review; caster placement would be misleading"
"Winning Streak","Compendium.pf2e.spells-srd.Item.EGTTGI1pkmsVPqHp","spells/rank-4/winning-streak.json","","caster","unmatched","Variable, sustained or open-ended duration requires review"
"Winter Bolt","Compendium.pf2e.spells-srd.Item.DeNz6eAUlE0IE9U3","focus/winter-bolt.json","","damage","unmatched","No suitable supported visual theme"
"Winter's Breath","Compendium.pf2e.spells-srd.Item.oYxxcgszpT242sEi","rituals/winters-breath.json","","caster","unmatched","Target/object placement needs manual review; caster placement would be misleading"
"Wisdom of the Winds","Compendium.pf2e.spells-srd.Item.4cv1cuBHjYmVfBGI","spells/rank-5/wisdom-of-the-winds.json","","caster","unmatched","Variable, sustained or open-ended duration requires review"
"Wish","Compendium.pf2e.spells-srd.Item.6dDtGIUerazSHIOu","rituals/wish.json","","caster","unmatched","Target/object placement needs manual review; caster placement would be misleading"
"Wish Market","Compendium.pf2e.spells-srd.Item.cYW9M2yE16dTTnCF","focus/wish-market.json","","caster","unmatched","Sustained expiration requires GM review"
"Wish-Twisted Form","Compendium.pf2e.spells-srd.Item.B3tbO85GBpzQ3u8l","focus/wish-twisted-form.json","","caster","unmatched","Variable, sustained or open-ended duration requires review"
"With Friends like These","Compendium.pf2e.spells-srd.Item.GF7mOra8KPTW5Ggb","spells/rank-2/with-friends-like-these.json","","caster","unmatched","Target/object placement needs manual review; caster placement would be misleading"
"Withering Grasp","Compendium.pf2e.spells-srd.Item.7tp97g0UCJ9wOrd5","focus/withering-grasp.json","","damage","unmatched","No suitable supported visual theme"
"Wood Walk","Compendium.pf2e.spells-srd.Item.Up4zLmZDgciUDpIv","focus/wood-walk.json","","caster","unmatched","Sustained expiration requires GM review"
"Wooden Double","Compendium.pf2e.spells-srd.Item.aUMmmtPmBdCdVDed","spells/rank-3/wooden-double.json","","caster","unmatched","Target/object placement needs manual review; caster placement would be misleading"
"Wooden Fists","Compendium.pf2e.spells-srd.Item.IHjiWCouSacC5b3g","spells/rank-1/wooden-fists.json","","caster","unmatched","Target/object placement needs manual review; caster placement would be misleading"
"Word of Freedom","Compendium.pf2e.spells-srd.Item.2jB9eyX7YekwoCvA","focus/word-of-freedom.json","","caster","unmatched","Target/object placement needs manual review; caster placement would be misleading"
"Word of Revision","Compendium.pf2e.spells-srd.Item.BazbvgNmK46XjrVc","spells/rank-6/word-of-revision.json","","caster","unmatched","Target/object placement needs manual review; caster placement would be misleading"
"Word of Truth","Compendium.pf2e.spells-srd.Item.aF7RiG7c8GzSQLYt","focus/word-of-truth.json","","caster","unmatched","Sustained expiration requires GM review"
"Wordsmith","Compendium.pf2e.spells-srd.Item.mSM659xN2VIAHiF3","focus/wordsmith.json","","caster","unmatched","Variable, sustained or open-ended duration requires review"
"World in Shadow","Compendium.pf2e.spells-srd.Item.bODHqeXoEc8GVU6a","rituals/world-in-shadow.json","","caster","unmatched","Target/object placement needs manual review; caster placement would be misleading"
"Worm's Repast","Compendium.pf2e.spells-srd.Item.H4oF5szC7aogqtvw","spells/rank-2/worms-repast.json","","damage","unmatched","Variable, sustained or open-ended duration requires review"
"Wrathful Storm","Compendium.pf2e.spells-srd.Item.yLJROsQtyrPIKcDx","spells/rank-9/wrathful-storm.json","","area","unmatched","Base area likely exceeds the 120-cell visual limit"
"Wronged Monk's Wrath","Compendium.pf2e.spells-srd.Item.8TBgEzjZxPaOJOm1","focus/wronged-monks-wrath.json","Lightning Field","area","review","Mixed damage types: force, electricity"
"Wyvern Sting","Compendium.pf2e.spells-srd.Item.IoHxAkK0uGqrgtWl","spells/rank-5/wyvern-sting.json","","damage","unmatched","No suitable supported visual theme"
"Ymeri's Mark","Compendium.pf2e.spells-srd.Item.6gEKZaGdH842RF3J","spells/rank-4/ymeris-mark.json","Fire","area","review","Variable, sustained or open-ended duration requires review"
"You're Mine","Compendium.pf2e.spells-srd.Item.x2LALaHXO7644GQA","focus/youre-mine.json","","caster","unmatched","Target/object placement needs manual review; caster placement would be misleading"
"Zeal for Battle","Compendium.pf2e.spells-srd.Item.I8CPe9Pp7GABqOyB","focus/zeal-for-battle.json","","caster","unmatched","Target/object placement needs manual review; caster placement would be misleading"
"Zealous Conviction","Compendium.pf2e.spells-srd.Item.GYD0XZ4t3tQq6shc","spells/rank-6/zealous-conviction.json","","caster","unmatched","Target/object placement needs manual review; caster placement would be misleading"
"Zenith Star","Compendium.pf2e.spells-srd.Item.Yrek2Yd4k3DPC2zV","focus/zenith-star.json","","caster","unmatched","Target/object placement needs manual review; caster placement would be misleading"
"Zephyr Slip","Compendium.pf2e.spells-srd.Item.FL1OxeOUDzsJYfY4","spells/rank-4/zephyr-slip.json","","caster","unmatched","Target/object placement needs manual review; caster placement would be misleading"
"Zero Gravity","Compendium.pf2e.spells-srd.Item.P1iqzEIidRagUs7W","spells/rank-6/zero-gravity.json","","area","unmatched","Sustained expiration requires GM review"
"Zombie Horde","Compendium.pf2e.spells-srd.Item.ziujByCygD3MO2CK","focus/necromancer/zombie-horde.json","","area","unmatched","No suitable supported visual theme"
